{
"type": "FeatureCollection",
"name": "enderecos_reint_geocode_v4_edit",
"features": [
{ "type": "Feature", "properties": { "original_DEFENSORIA RESPONSÁVEL": "1ª Defensoria (Betânia)", "original_USUÁRIO/A": "KLEBIANA ROBERTA DA SILVA / MAURICIO SOARES DA SILVA E OUTROS", "original_Nº PROCESSO": "1053326-19.2018.8.26.0100", "original_DATA DISTRIBUIÇÃO": "8/20/2018", "original_DOL": null, "original_CUSTUS E/OU DEFESA": "sim", "original_ENDEREÇO": "Av. Celso Garcia, 1964 – Brás – São Paulo", "original_OBS": "—", "original_": "ANDAMENTO", "original__1": null, "original__2": null, "lat": -23.537211580392576, "lon": -46.593269142690787, "formatted": "Avenida Celso Garcia 1964, Belém, São Paulo - SP, 03014-000, Brazil", "VALID": 1, "x": -46.59338602, "y": -23.53728863 }, "geometry": { "type": "Point", "coordinates": [ -46.59338602437365, -23.537288630887428 ] } },
{ "type": "Feature", "properties": { "original_DEFENSORIA RESPONSÁVEL": "2ª Defensoria", "original_USUÁRIO/A": "LEILDE PINTO PEREIRA", "original_Nº PROCESSO": "1069451-62.2018.8.26.0100", "original_DATA DISTRIBUIÇÃO": "8/20/2018", "original_DOL": null, "original_CUSTUS E/OU DEFESA": "sim", "original_ENDEREÇO": "Avenida República do Líbano, 1894 – Indianópolis – São Paulo", "original_OBS": "—", "original_": "reintegração ocorreu em  05/12/19 - fls 341", "original__1": null, "original__2": null, "lat": -23.597218, "lon": -46.662655, "formatted": "Avenida Republica Do Libano 1894, Moema, São Paulo - Southeast, 04502-100, Brazil", "VALID": 1, "x": -46.66286889, "y": -23.59724351 }, "geometry": { "type": "Point", "coordinates": [ -46.662868885124801, -23.597243509235071 ] } },
{ "type": "Feature", "properties": { "original_DEFENSORIA RESPONSÁVEL": "3ª Defensoria", "original_USUÁRIO/A": "RAIMUNDO NONATO PIMENTEL E OUTROS ", "original_Nº PROCESSO": "0044689-96.2018.8.26.0100", "original_DATA DISTRIBUIÇÃO": "9/20/2018", "original_DOL": null, "original_CUSTUS E/OU DEFESA": "sim", "original_ENDEREÇO": "Rua Conde de São Joaquim, 131 – Liberdade – São Paulo", "original_OBS": "Também nº 133, 135 e 137", "original_": "reintegração ocorreu em 31/07/19 - fls 136", "original__1": null, "original__2": null, "lat": -23.557273009302325, "lon": -46.638607588372096, "formatted": "Rua Conde de São Joaquim 131, Bixiga, São Paulo - SP, 01320-010, Brazil", "VALID": 1, "x": -46.63858541, "y": -23.55718228 }, "geometry": { "type": "Point", "coordinates": [ -46.638585409803056, -23.55718227879262 ] } },
{ "type": "Feature", "properties": { "original_DEFENSORIA RESPONSÁVEL": "4ª Defensoria ", "original_USUÁRIO/A": "ANDERSON DA CRUZ", "original_Nº PROCESSO": "1134607-94.2018.8.26.0100", "original_DATA DISTRIBUIÇÃO": "6/4/2019", "original_DOL": null, "original_CUSTUS E/OU DEFESA": "sim", "original_ENDEREÇO": "Avenida Alcântara Machado, 2073 – Mooca – São Paulo", "original_OBS": "Também nº 2075", "original_": "reintegração ocorreu em 04/06/19 - fls 228", "original__1": null, "original__2": null, "lat": -23.5490281, "lon": -46.6053095, "formatted": "Avenida Alcântara Machado 2073, Mooca, São Paulo - SP, 03102-004, Brazil", "VALID": 1, "x": -46.6053095, "y": -23.5490281 }, "geometry": { "type": "Point", "coordinates": [ -46.6053095, -23.5490281 ] } },
{ "type": "Feature", "properties": { "original_DEFENSORIA RESPONSÁVEL": "5ª Defensoria", "original_USUÁRIO/A": "MONICA RIBEIRO DE OLIVEIRA", "original_Nº PROCESSO": "1042452-38.2019.8.26.0100", "original_DATA DISTRIBUIÇÃO": "10/29/2019", "original_DOL": null, "original_CUSTUS E/OU DEFESA": "sim", "original_ENDEREÇO": "Rua Campos Sales, 126 – Brás – São Paulo", "original_OBS": "—", "original_": "petição informando que a desocupação ocorreu (17/07/2023) - fls 1.039", "original__1": null, "original__2": null, "lat": -23.655597302618709, "lon": -46.527517284601849, "formatted": "Rua Campos Sales 126, Centro, Santo André - SP, 09015-200, Brazil", "VALID": 1, "x": -46.61925894, "y": -23.54939926 }, "geometry": { "type": "Point", "coordinates": [ -46.61925893542908, -23.549399257245575 ] } },
{ "type": "Feature", "properties": { "original_DEFENSORIA RESPONSÁVEL": "6ª Defensoria", "original_USUÁRIO/A": "Fatima Joao Francisca e Kodjo Agbavon Dagba", "original_Nº PROCESSO": "1116785-63.2016.8.26.0100", "original_DATA DISTRIBUIÇÃO": "1/17/2019", "original_DOL": null, "original_CUSTUS E/OU DEFESA": "sim", "original_ENDEREÇO": "Av. São João, 114 – Centro – São Paulo", "original_OBS": "Também nº 118 e 122", "original_": "ANDAMENTO", "original__1": null, "original__2": null, "lat": -23.5447872, "lon": -46.6356948, "formatted": "Avenida São João 114, Glicério, São Paulo - SP, 01036-000, Brazil", "VALID": 1, "x": -46.63565874, "y": -23.54475715 }, "geometry": { "type": "Point", "coordinates": [ -46.635658739106901, -23.544757149255748 ] } },
{ "type": "Feature", "properties": { "original_DEFENSORIA RESPONSÁVEL": "7ª Defensoria ", "original_USUÁRIO/A": "JESSE PEREIRA DA SILVA E OUTROS", "original_Nº PROCESSO": "1110651-49.2018.8.26.0100", "original_DATA DISTRIBUIÇÃO": "5/24/2019", "original_DOL": null, "original_CUSTUS E/OU DEFESA": "não", "original_ENDEREÇO": "Rua Prof. Eurípedes Simões de Paula, 440 – Brás – São Paulo", "original_OBS": "Também nº 442, 446, 452 e 460", "original_": "ANDAMENTO", "original__1": null, "original__2": null, "lat": -23.540278853960398, "lon": -46.624190465841579, "formatted": "Rua Professor Eurípedes Simoes de Paula 440, Brás, São Paulo - SP, 03006-010, Brazil", "VALID": 1, "x": -46.62411754, "y": -23.54041602 }, "geometry": { "type": "Point", "coordinates": [ -46.624117542702201, -23.540416018913042 ] } },
{ "type": "Feature", "properties": { "original_DEFENSORIA RESPONSÁVEL": "8ª Defensoria (Luisa)", "original_USUÁRIO/A": "GENI DA FONSECA MONTEIRO", "original_Nº PROCESSO": "0889801-22.1999.8.26.0100", "original_DATA DISTRIBUIÇÃO": "1/14/2020", "original_DOL": null, "original_CUSTUS E/OU DEFESA": "não", "original_ENDEREÇO": "Rua Miller, 731 – Brás – São Paulo – CEP 03011-010", "original_OBS": "Também nº 735, 737 e 739", "original_": "ANDAMENTO", "original__1": null, "original__2": null, "lat": -23.5350467, "lon": -46.6178201, "formatted": "Rua Miller 731, Brás, São Paulo - SP, 03031-050, Brazil", "VALID": 1, "x": -46.61797316, "y": -23.53496527 }, "geometry": { "type": "Point", "coordinates": [ -46.617973155410411, -23.534965266672664 ] } },
{ "type": "Feature", "properties": { "original_DEFENSORIA RESPONSÁVEL": "9ª Defensoria (Fabiana)", "original_USUÁRIO/A": "MANUELA OLIVEIRA PEREIRA", "original_Nº PROCESSO": "1051577-93.2020.8.26.0100", "original_DATA DISTRIBUIÇÃO": "6/14/2021", "original_DOL": null, "original_CUSTUS E/OU DEFESA": "não", "original_ENDEREÇO": "Rua Lavapés, 488 – Liberdade – São Paulo", "original_OBS": "—", "original_": "ANDAMENTO", "original__1": null, "original__2": null, "lat": -23.561747376675871, "lon": -46.627901691204414, "formatted": "Rua do Lavapés 488, Liberdade, São Paulo - SP, 01519-000, Brazil", "VALID": 1, "x": -46.62787912, "y": -23.56180467 }, "geometry": { "type": "Point", "coordinates": [ -46.627879119756514, -23.561804673428242 ] } },
{ "type": "Feature", "properties": { "original_DEFENSORIA RESPONSÁVEL": "1ª Defensoria", "original_USUÁRIO/A": "AGATHA AKENI UEDA", "original_Nº PROCESSO": "1100454-64.2020.8.26.0100", "original_DATA DISTRIBUIÇÃO": "10/12/2020", "original_DOL": null, "original_CUSTUS E/OU DEFESA": "sim", "original_ENDEREÇO": "Avenida Duque de Caxias, 213 – Campos Elíseos – São Paulo", "original_OBS": "—", "original_": "reintegração ocorreu em  11/03/2021 - fls 423", "original__1": null, "original__2": null, "lat": -23.539541, "lon": -46.6464542, "formatted": "Avenida Duque de Caxias 213, Campos Elísios, São Paulo - SP, 01214-100, Brazil", "VALID": 1, "x": -46.64654275, "y": -23.53949412 }, "geometry": { "type": "Point", "coordinates": [ -46.64654274952639, -23.53949412083897 ] } },
{ "type": "Feature", "properties": { "original_DEFENSORIA RESPONSÁVEL": "2ª Defensoria", "original_USUÁRIO/A": "OCUPANTES (REPRESENT.: CHICÃO / FRANCISCO)", "original_Nº PROCESSO": "1089804-21.2021.8.26.0100", "original_DATA DISTRIBUIÇÃO": "9/22/2021", "original_DOL": null, "original_CUSTUS E/OU DEFESA": "sim", "original_ENDEREÇO": "Rua dos Ingleses, 303 – Morro dos Ingleses – São Paulo", "original_OBS": "—", "original_": "petição informando que a desocupação ocorreu (16/11/2021) - fls 153/154", "original__1": null, "original__2": null, "lat": -23.560626, "lon": -46.646937, "formatted": "Rua Dos Ingleses 303, Vila Bela Vista, São Paulo - SP, 01329-000, Brazil", "VALID": 1, "x": -46.64661715, "y": -23.56057498 }, "geometry": { "type": "Point", "coordinates": [ -46.646617153437219, -23.560574981529864 ] } },
{ "type": "Feature", "properties": { "original_DEFENSORIA RESPONSÁVEL": "3ª Defensoria", "original_USUÁRIO/A": "MARIA ROSE LUCIA DOS SANTOS", "original_Nº PROCESSO": "1100598-04.2021.8.26.0100", "original_DATA DISTRIBUIÇÃO": "18/05/2022", "original_DOL": null, "original_CUSTUS E/OU DEFESA": "sim", "original_ENDEREÇO": "Rua Guaianases, 23 – Campos Elíseos – São Paulo", "original_OBS": "Também nº 27 e 32; Edifício São Caio", "original_": "petição informando que a desocupação ocorreu (19/04/2023) - fls 286", "original__1": null, "original__2": null, "lat": -23.5409591684069, "lon": -46.64030729136514, "formatted": "Rua Guaianases 23, República, São Paulo - SP, 01204-000, Brazil", "VALID": 1, "x": -46.64046182, "y": -23.54091403 }, "geometry": { "type": "Point", "coordinates": [ -46.640461818970017, -23.540914025511096 ] } },
{ "type": "Feature", "properties": { "original_DEFENSORIA RESPONSÁVEL": "4ª Defensoria ", "original_USUÁRIO/A": "ROSANGELA APARECIDA DE SOUZA", "original_Nº PROCESSO": "1056150-14.2019.8.26.0100", "original_DATA DISTRIBUIÇÃO": "6/15/2022", "original_DOL": null, "original_CUSTUS E/OU DEFESA": "sim", "original_ENDEREÇO": "Rua Vitorino Carmilo, 792 – Santa Cecília – São Paulo", "original_OBS": "—", "original_": "ANDAMENTO", "original__1": null, "original__2": null, "lat": -23.5303137, "lon": -46.6529995, "formatted": "Rua Vitorino Carmilo 792, Campos Elísios, Santa Cecília, São Paulo - SP, 01153-000, Brazil", "VALID": 1, "x": -46.6529995, "y": -23.5303137 }, "geometry": { "type": "Point", "coordinates": [ -46.6529995, -23.5303137 ] } },
{ "type": "Feature", "properties": { "original_DEFENSORIA RESPONSÁVEL": "5ª Defensoria", "original_USUÁRIO/A": "OCUPANTES (REPRES.: MARINA)", "original_Nº PROCESSO": "1095276-03.2021.8.26.0100", "original_DATA DISTRIBUIÇÃO": "10/22/2021", "original_DOL": null, "original_CUSTUS E/OU DEFESA": "sim", "original_ENDEREÇO": "Rua Chilon, 276 – São Paulo", "original_OBS": "—", "original_": "ANDAMENTO", "original__1": null, "original__2": null, "lat": -23.5939416, "lon": -46.6821313, "formatted": "Rua Chilon 276, Vila Olímpia, São Paulo - SP, 04552-030, Brazil", "VALID": 1, "x": -46.68208723, "y": -23.59402975 }, "geometry": { "type": "Point", "coordinates": [ -46.682087225575103, -23.594029748849799 ] } },
{ "type": "Feature", "properties": { "original_DEFENSORIA RESPONSÁVEL": "6ª Defensoria", "original_USUÁRIO/A": "OCUPANTES ( repres.: Grace dos Santos Ribeiro)", "original_Nº PROCESSO": "1102231-84.2020.8.26.0100", "original_DATA DISTRIBUIÇÃO": "10/13/2021", "original_DOL": null, "original_CUSTUS E/OU DEFESA": "sim", "original_ENDEREÇO": "Rua Tutoia, 1102 – Vila Mariana – São Paulo", "original_OBS": "Também nº 1104", "original_": "petição informando que a desocupação ocorreu (31/07/2024) - fls 435", "original__1": null, "original__2": null, "lat": -23.5805063, "lon": -46.6507205, "formatted": "Rua Tutóia 1102, Paraíso, Vila Mariana, São Paulo - SP, 04007-005, Brazil", "VALID": 1, "x": -46.6507205, "y": -23.5805063 }, "geometry": { "type": "Point", "coordinates": [ -46.6507205, -23.5805063 ] } },
{ "type": "Feature", "properties": { "original_DEFENSORIA RESPONSÁVEL": "7ª Defensoria ", "original_USUÁRIO/A": "OCUPANTES ( repres.: DIEGO MARCOS COSTA SENA)", "original_Nº PROCESSO": "1032240-84.2021.8.26.0100", "original_DATA DISTRIBUIÇÃO": "9/12/2021", "original_DOL": null, "original_CUSTUS E/OU DEFESA": "sim", "original_ENDEREÇO": "Rua José Getúlio, 387 – Liberdade – São Paulo", "original_OBS": "—", "original_": "reintegração ocorreu em 21/05/2025 - fls 560", "original__1": null, "original__2": null, "lat": -23.568771694146339, "lon": -46.634400384839097, "formatted": "Rua José Getúlio 387, Liberdade, São Paulo - SP, 01531-030, Brazil", "VALID": 1, "x": -46.63422609, "y": -23.56868355 }, "geometry": { "type": "Point", "coordinates": [ -46.634226090522453, -23.56868354529654 ] } },
{ "type": "Feature", "properties": { "original_DEFENSORIA RESPONSÁVEL": "8ª Defensoria", "original_USUÁRIO/A": "OCUPANTES (repres.: MARIA HELENA BELARMINO DA SILVA)", "original_Nº PROCESSO": "1068102-19.2021.8.26.0100", "original_DATA DISTRIBUIÇÃO": "1/17/2021", "original_DOL": null, "original_CUSTUS E/OU DEFESA": "não", "original_ENDEREÇO": "Rua Barão de Tatuí, 169 – Vila Buarque – São Paulo", "original_OBS": "—", "original_": "petição informando que a desocupação ocorreu (30/09/2023) - fls 161/162", "original__1": null, "original__2": null, "lat": -23.537442197872355, "lon": -46.653641757232791, "formatted": "Rua Barão de Tatuí 169, Santa Cecília, São Paulo - SP, 01226-030, Brazil", "VALID": 1, "x": -46.65349551, "y": -23.53742216 }, "geometry": { "type": "Point", "coordinates": [ -46.653495510277445, -23.537422164042855 ] } },
{ "type": "Feature", "properties": { "original_DEFENSORIA RESPONSÁVEL": "9ª Defensoria (Fabiana)", "original_USUÁRIO/A": "Michelle Moreira da Silva", "original_Nº PROCESSO": "1035641-62.2019.8.26.0100", "original_DATA DISTRIBUIÇÃO": "2/7/2022", "original_DOL": null, "original_CUSTUS E/OU DEFESA": "sim", "original_ENDEREÇO": "Avenida São João, 331 – Centro – São Paulo", "original_OBS": "—", "original_": "houve petição de acordo fls 258/259, permitindo que os usuários continuem no imóvel ", "original__1": null, "original__2": null, "lat": -23.544016, "lon": -46.6376349, "formatted": "Avenida São João 331, República, São Paulo - SP, 01035-000, Brazil", "VALID": 1, "x": -46.6376349, "y": -23.544016 }, "geometry": { "type": "Point", "coordinates": [ -46.6376349, -23.544016 ] } },
{ "type": "Feature", "properties": { "original_DEFENSORIA RESPONSÁVEL": "1ª Defensoria", "original_USUÁRIO/A": "Anna Carolina Loduca Ribeiro", "original_Nº PROCESSO": "1106588-73.2021.8.26.0100", "original_DATA DISTRIBUIÇÃO": "2/24/2022", "original_DOL": null, "original_CUSTUS E/OU DEFESA": "não", "original_ENDEREÇO": "Avenida Duque de Caxias, 617 – Campos Elíseos – São Paulo", "original_OBS": "Também nº 623 e 631", "original_": "reintegração ocorreu em 21/01/2025 - fls 704", "original__1": null, "original__2": null, "lat": -23.537047335922331, "lon": -46.643554918446597, "formatted": "Avenida Duque de Caxias 617, Campos Elísios, São Paulo - SP, 01214-100, Brazil", "VALID": 1, "x": -46.64365107, "y": -23.53705911 }, "geometry": { "type": "Point", "coordinates": [ -46.643651068640317, -23.537059109415441 ] } },
{ "type": "Feature", "properties": { "original_DEFENSORIA RESPONSÁVEL": "2ª Defensoria", "original_USUÁRIO/A": "OCUPANTES ( repres.: Neti)", "original_Nº PROCESSO": "1132392-43.2021.8.26.0100", "original_DATA DISTRIBUIÇÃO": "15/03/22", "original_DOL": null, "original_CUSTUS E/OU DEFESA": "sim", "original_ENDEREÇO": "Avenida Prestes Maia, 913 – Luz – São Paulo", "original_OBS": "—", "original_": "ANDAMENTO", "original__1": null, "original__2": null, "lat": -23.5367028, "lon": -46.6338406, "formatted": "Avenida Prestes Maia 913, Santa Ifigênia, São Paulo - SP, 01031-001, Brazil", "VALID": 1, "x": -46.63385992, "y": -23.53664163 }, "geometry": { "type": "Point", "coordinates": [ -46.633859917394098, -23.536641628252003 ] } },
{ "type": "Feature", "properties": { "original_DEFENSORIA RESPONSÁVEL": "3ª Defensoria", "original_USUÁRIO/A": "ROSELI DOS SANTOS ALMEIDA", "original_Nº PROCESSO": "1000426-24.2022.8.26.0228\t", "original_DATA DISTRIBUIÇÃO": "4/11/2022", "original_DOL": null, "original_CUSTUS E/OU DEFESA": "sim", "original_ENDEREÇO": "Rua Augusta, 440 – São Paulo", "original_OBS": "—", "original_": "reintegração ocorreu em 22/05/2022 - fls 516", "original__1": null, "original__2": null, "lat": -23.5512607, "lon": -46.6503525, "formatted": "Rua Augusta 440, Higienópolis, São Paulo - SP, 01304-000, Brazil", "VALID": 1, "x": -46.65040211, "y": -23.55108115 }, "geometry": { "type": "Point", "coordinates": [ -46.650402113354602, -23.551081146907144 ] } },
{ "type": "Feature", "properties": { "original_DEFENSORIA RESPONSÁVEL": "4ª Defensoria ", "original_USUÁRIO/A": "LUCELIA VIEIRA DE SOUSA", "original_Nº PROCESSO": "1029368-62.2022.8.26.0100", "original_DATA DISTRIBUIÇÃO": "4/13/2022", "original_DOL": null, "original_CUSTUS E/OU DEFESA": "sim", "original_ENDEREÇO": "Dr. Clementino, 205 – Belém – São Paulo", "original_OBS": "—", "original_": "reintegração ocorreu em 11/01/2023 - fls 275", "original__1": null, "original__2": null, "lat": -23.538879313787334, "lon": -46.592082190768416, "formatted": "Rua Doutor Clementino 205, Belém, São Paulo - SP, 03059-030, Brazil", "VALID": 1, "x": -46.59198887, "y": -23.53881434 }, "geometry": { "type": "Point", "coordinates": [ -46.591988870410944, -23.538814343918208 ] } },
{ "type": "Feature", "properties": { "original_DEFENSORIA RESPONSÁVEL": "5ª Defensoria", "original_USUÁRIO/A": "MARINA RIBEIRO DE SOUZA", "original_Nº PROCESSO": "1095281-25.2021.8.26.0100", "original_DATA DISTRIBUIÇÃO": "10/15/2021", "original_DOL": null, "original_CUSTUS E/OU DEFESA": "sim", "original_ENDEREÇO": "Rua Chilon, 282 – Vila Olímpia – São Paulo", "original_OBS": "Também nº 286", "original_": "reintegração ocorreu em 02/05/2023 - fls 159", "original__1": null, "original__2": null, "lat": -23.593961, "lon": -46.6822018, "formatted": "Rua Chilon 282, Vila Olímpia, São Paulo - SP, 04552-030, Brazil", "VALID": 1, "x": -46.6822599, "y": -23.59398103 }, "geometry": { "type": "Point", "coordinates": [ -46.682259898105549, -23.5939810338295 ] } },
{ "type": "Feature", "properties": { "original_DEFENSORIA RESPONSÁVEL": "6ª Defensoria", "original_USUÁRIO/A": "MARCELLY ROGÉRIO CARLOS", "original_Nº PROCESSO": "1096321-08.2022.8.26.0100", "original_DATA DISTRIBUIÇÃO": "20/04/2023", "original_DOL": null, "original_CUSTUS E/OU DEFESA": "sim", "original_ENDEREÇO": "Rua Madeira, 123 – Canindé – São Paulo", "original_OBS": "Também nº 125", "original_": "reintegração ocorreu em 13/11/2025 - fls 330", "original__1": null, "original__2": null, "lat": -23.529773, "lon": -46.6240303, "formatted": "Rua Madeira 123, Canindé, São Paulo - SP, 03033-040, Brazil", "VALID": 1, "x": -46.62402794, "y": -23.52970803 }, "geometry": { "type": "Point", "coordinates": [ -46.62402793745931, -23.52970803013087 ] } },
{ "type": "Feature", "properties": { "original_DEFENSORIA RESPONSÁVEL": "7ª Defensoria ", "original_USUÁRIO/A": "NELSON DA CRUZ SOUZA", "original_Nº PROCESSO": "1055234-72.2022.8.26.0100", "original_DATA DISTRIBUIÇÃO": "22/06/2022", "original_DOL": null, "original_CUSTUS E/OU DEFESA": "não", "original_ENDEREÇO": "Rua Gaspar Lourenço, 19 – Vila Mariana – São Paulo", "original_OBS": "Ocupação Elza Soares", "original_": "ANDAMENTO", "original__1": null, "original__2": null, "lat": -23.5800407, "lon": -46.6352665, "formatted": "Rua Gaspar Lourenço 19, Vila Mariana, São Paulo - SP, 04105-040, Brazil", "VALID": 1, "x": -46.63545307, "y": -23.58011421 }, "geometry": { "type": "Point", "coordinates": [ -46.635453066384137, -23.580114213273653 ] } },
{ "type": "Feature", "properties": { "original_DEFENSORIA RESPONSÁVEL": "8ª Defensoria", "original_USUÁRIO/A": "CARLOS ALBERTO MACHADO", "original_Nº PROCESSO": "1037446-45.2022.8.26.0100", "original_DATA DISTRIBUIÇÃO": "6/29/2022", "original_DOL": null, "original_CUSTUS E/OU DEFESA": "não", "original_ENDEREÇO": "Rua Coimbra, 602 – Brás – São Paulo", "original_OBS": "—", "original_": "ANDAMENTO", "original__1": null, "original__2": null, "lat": -23.539767467723223, "lon": -46.604383991744449, "formatted": "Rua Coimbra 602, Belém, São Paulo - SP, 03052-030, Brazil", "VALID": 1, "x": -46.60425878, "y": -23.53997419 }, "geometry": { "type": "Point", "coordinates": [ -46.604258777087587, -23.53997419003408 ] } },
{ "type": "Feature", "properties": { "original_DEFENSORIA RESPONSÁVEL": "1ª Defensoria", "original_USUÁRIO/A": "ANA KEZIA DA SILVA", "original_Nº PROCESSO": "1056793-64.2022.8.26.0100", "original_DATA DISTRIBUIÇÃO": "1056793-64.2022.8.26.0100", "original_DOL": null, "original_CUSTUS E/OU DEFESA": "sim", "original_ENDEREÇO": "Rua Siqueira Bueno, 1706 – Mooca – São Paulo", "original_OBS": "Também nº 1710", "original_": "petição informando que a desocupação ocorreu (25/05/2023) - fls 269", "original__1": null, "original__2": null, "lat": -23.551951233343189, "lon": -46.586329093220989, "formatted": "Rua Siqueira Bueno 1706, Mooca, São Paulo - SP, 03172-010, Brazil", "VALID": 1, "x": -46.58630977, "y": -23.55195123 }, "geometry": { "type": "Point", "coordinates": [ -46.586309771667239, -23.551951233343189 ] } },
{ "type": "Feature", "properties": { "original_DEFENSORIA RESPONSÁVEL": "2ª Defensoria", "original_USUÁRIO/A": "RENATA GRACIANO PORTO ALVES", "original_Nº PROCESSO": "1034588-41.2022.8.26.0100", "original_DATA DISTRIBUIÇÃO": "10/8/2022", "original_DOL": null, "original_CUSTUS E/OU DEFESA": "sim", "original_ENDEREÇO": "Rua Vinte e Um de Abril, 661 – Brás – São Paulo", "original_OBS": "—", "original_": "extinto - autor não deu andamento - 19/04/2024 fls 192", "original__1": null, "original__2": null, "lat": -23.543258, "lon": -46.608687, "formatted": "Rua Vinte E Um De Abril 661, Belenzinho, São Paulo - Southeast, 03047-000, Brazil", "VALID": 1, "x": -46.60880505, "y": -23.54291458 }, "geometry": { "type": "Point", "coordinates": [ -46.608805050741758, -23.542914579660369 ] } },
{ "type": "Feature", "properties": { "original_DEFENSORIA RESPONSÁVEL": "3ª Defensoria", "original_USUÁRIO/A": "Yngrid Ventura santos da Silva", "original_Nº PROCESSO": "1084360-70.2022.8.26.0100", "original_DATA DISTRIBUIÇÃO": "10/11/2022", "original_DOL": null, "original_CUSTUS E/OU DEFESA": "não", "original_ENDEREÇO": "Rua Monteiro, 165 – Vila Monumento – São Paulo", "original_OBS": "Também nº 169", "original_": "ANDAMENTO", "original__1": null, "original__2": null, "lat": -23.5764804, "lon": -46.6155298, "formatted": "Rua Monteiro 165, Vila Monumento, São Paulo - SP, 01549-020, Brazil", "VALID": 1, "x": -46.61566643, "y": -23.57654593 }, "geometry": { "type": "Point", "coordinates": [ -46.615666427932531, -23.576545925641117 ] } },
{ "type": "Feature", "properties": { "original_DEFENSORIA RESPONSÁVEL": "4ª Defensoria ", "original_USUÁRIO/A": "CAIO SANTOS DA SILVA", "original_Nº PROCESSO": "1108529-24.2022.8.26.0100", "original_DATA DISTRIBUIÇÃO": "26/10/2022", "original_DOL": null, "original_CUSTUS E/OU DEFESA": "não", "original_ENDEREÇO": "Rua General Jardim, 310 – Vila Buarque – São Paulo", "original_OBS": "Também nº 312", "original_": "ANDAMENTO", "original__1": null, "original__2": null, "lat": -23.5446199, "lon": -46.6475732, "formatted": "Rua General Jardim 310, Vila Buarque, São Paulo - SP, 01223-010, Brazil", "VALID": 1, "x": -46.64759272, "y": -23.54458365 }, "geometry": { "type": "Point", "coordinates": [ -46.647592718276066, -23.544583651772999 ] } },
{ "type": "Feature", "properties": { "original_DEFENSORIA RESPONSÁVEL": "5ª Defensoria", "original_USUÁRIO/A": "THAIS CRISTINA DOS SANTOS", "original_Nº PROCESSO": "1104422-34.2022.8.26.0100", "original_DATA DISTRIBUIÇÃO": "14/12/2022", "original_DOL": null, "original_CUSTUS E/OU DEFESA": "não", "original_ENDEREÇO": "Rua Cassandoca, 1022 – Mooca – São Paulo", "original_OBS": "—", "original_": "ANDAMENTO", "original__1": null, "original__2": null, "lat": -23.556134, "lon": -46.588765, "formatted": "Av Cassandoca 1022, Mooca, São Paulo - Southeast, 03169-010, Brazil", "VALID": 1, "x": -46.588765, "y": -23.556134 }, "geometry": { "type": "Point", "coordinates": [ -46.588765, -23.556134 ] } },
{ "type": "Feature", "properties": { "original_DEFENSORIA RESPONSÁVEL": "6ª Defensoria", "original_USUÁRIO/A": "FRANCIELE SHAKIRA PAU FERRO DOS SANTOS", "original_Nº PROCESSO": "1086289-07.2023.8.26.0100", "original_DATA DISTRIBUIÇÃO": "31/07/2023", "original_DOL": null, "original_CUSTUS E/OU DEFESA": "não", "original_ENDEREÇO": "Rua Santo Amaro, 11 – Bela Vista – São Paulo", "original_OBS": "Também nº 15", "original_": "ANDAMENTO", "original__1": null, "original__2": null, "lat": -23.5505689, "lon": -46.6390232, "formatted": "Rua Santo Amaro 11, República, São Paulo - SP, 01319-000, Brazil", "VALID": 1, "x": -46.6390232, "y": -23.5505689 }, "geometry": { "type": "Point", "coordinates": [ -46.6390232, -23.5505689 ] } },
{ "type": "Feature", "properties": { "original_DEFENSORIA RESPONSÁVEL": "7ª Defensoria ", "original_USUÁRIO/A": "GLEICE FERREIRA CAMILO e outros", "original_Nº PROCESSO": "0020219-35.2017.8.26.0100", "original_DATA DISTRIBUIÇÃO": "11/30/2022", "original_DOL": null, "original_CUSTUS E/OU DEFESA": "não", "original_ENDEREÇO": "Rua da Glória, 869 – Liberdade – São Paulo", "original_OBS": "Também nº 871, 875 e 877", "original_": "ANDAMENTO", "original__1": null, "original__2": null, "lat": -23.560074342024404, "lon": -46.632310553548123, "formatted": "Rua da Glória 869, Liberdade, São Paulo - SP, 01510-000, Brazil", "VALID": 1, "x": -46.63232868, "y": -23.55994538 }, "geometry": { "type": "Point", "coordinates": [ -46.632328677661619, -23.559945381986036 ] } },
{ "type": "Feature", "properties": { "original_DEFENSORIA RESPONSÁVEL": "8ª Defensoria", "original_USUÁRIO/A": "CARINA NFUTINHA NDOTONI E OUTROS", "original_Nº PROCESSO": "1048899-37.2022.8.26.0100", "original_DATA DISTRIBUIÇÃO": "12/2/2022", "original_DOL": null, "original_CUSTUS E/OU DEFESA": "sim", "original_ENDEREÇO": "Rua Conselheiro Crispiniano, 371 – Centro – São Paulo", "original_OBS": "Também nº 375, 379, 383 e 387", "original_": "reintegração ocorreu em 15/12/2022 - fls 784", "original__1": null, "original__2": null, "lat": -23.5441123, "lon": -46.6383726, "formatted": "Rua Conselheiro Crispiniano 371, República, São Paulo - SP, 01037-001, Brazil", "VALID": 1, "x": -46.63841267, "y": -23.54399811 }, "geometry": { "type": "Point", "coordinates": [ -46.638412667658997, -23.543998107171852 ] } },
{ "type": "Feature", "properties": { "original_DEFENSORIA RESPONSÁVEL": "9ª Defensoria (Fabiana)", "original_USUÁRIO/A": "ISABELA DA CUNHA", "original_Nº PROCESSO": "1085505-64.2022.8.26.0100", "original_DATA DISTRIBUIÇÃO": "12/7/2022", "original_DOL": null, "original_CUSTUS E/OU DEFESA": "sim", "original_ENDEREÇO": "Rua Brigadeiro Tobias, 728 – São Paulo", "original_OBS": "Também nº 740 e 744", "original_": "sentença fls 352-354 - procedente, não houve manifestação após", "original__1": null, "original__2": null, "lat": -23.5366203, "lon": -46.6341354, "formatted": "Rua Brigadeiro Tobias 728, Santa Ifigênia, São Paulo - SP, 01032-001, Brazil", "VALID": 1, "x": -46.6341354, "y": -23.5366203 }, "geometry": { "type": "Point", "coordinates": [ -46.6341354, -23.5366203 ] } },
{ "type": "Feature", "properties": { "original_DEFENSORIA RESPONSÁVEL": "1ª Defensoria", "original_USUÁRIO/A": "JULIANA FERREIRA DA SILVA", "original_Nº PROCESSO": "1027153-50.2021.8.26.0100", "original_DATA DISTRIBUIÇÃO": "11/1/2023", "original_DOL": null, "original_CUSTUS E/OU DEFESA": "sim", "original_ENDEREÇO": "Rua Rocha Pombo, 72 – São Paulo", "original_OBS": "—", "original_": "reintegração ocorreu em 19/05/2023 - fls 324", "original__1": null, "original__2": null, "lat": -23.564045, "lon": -46.6340423, "formatted": "Rua Rocha Pombo 72, Liberdade, São Paulo - SP, 01525-010, Brazil", "VALID": 1, "x": -46.63403394, "y": -23.56412028 }, "geometry": { "type": "Point", "coordinates": [ -46.63403393502454, -23.564120284779154 ] } },
{ "type": "Feature", "properties": { "original_DEFENSORIA RESPONSÁVEL": "2ª Defensoria", "original_USUÁRIO/A": "IGOR DE JESUS FERREIRA", "original_Nº PROCESSO": "1092575-35.2022.8.26.0100", "original_DATA DISTRIBUIÇÃO": "10/3/2022", "original_DOL": null, "original_CUSTUS E/OU DEFESA": "sim", "original_ENDEREÇO": "Rua Padre Adelino, 676 – Belenzinho – São Paulo", "original_OBS": "Também nº 682", "original_": "reintegração ocorreu em 18/11/2022- fls 605-606", "original__1": null, "original__2": null, "lat": -23.544711942392169, "lon": -46.587519563738113, "formatted": "Rua Padre Adelino 676, Belém, São Paulo - SP, 03303-000, Brazil", "VALID": 1, "x": -46.58752584, "y": -23.54478374 }, "geometry": { "type": "Point", "coordinates": [ -46.587525837469705, -23.544783741764885 ] } },
{ "type": "Feature", "properties": { "original_DEFENSORIA RESPONSÁVEL": "3ª Defensoria", "original_USUÁRIO/A": "RAFAEL XAVIER GOMES", "original_Nº PROCESSO": "1078906-12.2022.8.26.0100", "original_DATA DISTRIBUIÇÃO": "6/2/2023", "original_DOL": null, "original_CUSTUS E/OU DEFESA": "não", "original_ENDEREÇO": "Rua Dom Bosco, 742 – Mooca – São Paulo", "original_OBS": "—", "original_": "extinto por acordo e desocupação d quem naõ aderiu ao aordo - fls. 410-413", "original__1": null, "original__2": null, "lat": -23.555748942975207, "lon": -46.615154553719009, "formatted": "Rua Dom Bosco 742, Cambuci, São Paulo - SP, 03105-020, Brazil", "VALID": 1, "x": -46.61508763, "y": -23.5557357 }, "geometry": { "type": "Point", "coordinates": [ -46.615087633915316, -23.555735698430723 ] } },
{ "type": "Feature", "properties": { "original_DEFENSORIA RESPONSÁVEL": "4ª Defensoria ", "original_USUÁRIO/A": "PAMELA SUAREZ BEDOYA", "original_Nº PROCESSO": "1082158-57.2021.8.26.0100", "original_DATA DISTRIBUIÇÃO": "2/9/2023", "original_DOL": null, "original_CUSTUS E/OU DEFESA": "sim", "original_ENDEREÇO": "Avenida Alcântara Machado, 1300 – Mooca – São Paulo", "original_OBS": "—", "original_": "ANDAMENTO", "original__1": null, "original__2": null, "lat": -23.552841569074079, "lon": -46.611077497276476, "formatted": "Avenida Alcântara Machado 1300, Mooca, São Paulo - SP, 03102-002, Brazil", "VALID": 1, "x": -46.61288782, "y": -23.55328631 }, "geometry": { "type": "Point", "coordinates": [ -46.612887817382649, -23.55328630693613 ] } },
{ "type": "Feature", "properties": { "original_DEFENSORIA RESPONSÁVEL": "5ª Defensoria", "original_USUÁRIO/A": "VALDILEIA ALVES RODRIGUES", "original_Nº PROCESSO": "1044572-20.2020.8.26.0100", "original_DATA DISTRIBUIÇÃO": "27/02/2023", "original_DOL": null, "original_CUSTUS E/OU DEFESA": "sim", "original_ENDEREÇO": "Rua Muniz de Souza, 1170 – Aclimação – São Paulo", "original_OBS": "—", "original_": "ANDAMENTO", "original__1": null, "original__2": null, "lat": -23.572755143105699, "lon": -46.629438671406454, "formatted": "Rua Muniz de Souza 1170, Aclimação, São Paulo - SP, 01534-001, Brazil", "VALID": 1, "x": -46.62956153, "y": -23.57267894 }, "geometry": { "type": "Point", "coordinates": [ -46.6295615332712, -23.572678937645282 ] } },
{ "type": "Feature", "properties": { "original_DEFENSORIA RESPONSÁVEL": "6ª Defensoria", "original_USUÁRIO/A": "ELIZETE MEDEIROS DE SOUZA", "original_Nº PROCESSO": "1027064-27.2021.8.26.0100", "original_DATA DISTRIBUIÇÃO": "3/1/2023", "original_DOL": null, "original_CUSTUS E/OU DEFESA": "sim", "original_ENDEREÇO": "Rua Maria José, 189 – Bela Vista – São Paulo", "original_OBS": "—", "original_": "reintegração ocorreu em 02/10/2024- fls 933", "original__1": null, "original__2": null, "lat": -23.5569677, "lon": -46.643435, "formatted": "Rua Maria José 189, Bixiga, São Paulo - SP, 01324-000, Brazil", "VALID": 1, "x": -46.643435, "y": -23.5569677 }, "geometry": { "type": "Point", "coordinates": [ -46.643435, -23.5569677 ] } },
{ "type": "Feature", "properties": { "original_DEFENSORIA RESPONSÁVEL": "7ª Defensoria ", "original_USUÁRIO/A": "HAMILTON SÍLVIO DE SOUZA", "original_Nº PROCESSO": "1115710-76.2022.8.26.0100", "original_DATA DISTRIBUIÇÃO": "3/7/2023", "original_DOL": null, "original_CUSTUS E/OU DEFESA": "não", "original_ENDEREÇO": "Rua Siqueira Bueno, 147 – Belenzinho – São Paulo", "original_OBS": "—", "original_": "ANDAMENTO", "original__1": null, "original__2": null, "lat": -23.5410927, "lon": -46.5964446, "formatted": "Rua Siqueira Bueno 147, Belém, São Paulo - SP, 03059-010, Brazil", "VALID": 1, "x": -46.59640453, "y": -23.54111474 }, "geometry": { "type": "Point", "coordinates": [ -46.596404532340998, -23.54111473721245 ] } },
{ "type": "Feature", "properties": { "original_DEFENSORIA RESPONSÁVEL": "8ª Defensoria", "original_USUÁRIO/A": "VANESSA BARROS SANTOS", "original_Nº PROCESSO": "1092423-84.2022.8.26.0100", "original_DATA DISTRIBUIÇÃO": "3/3/2023", "original_DOL": null, "original_CUSTUS E/OU DEFESA": "não", "original_ENDEREÇO": "Rua Afonso Arinos, 163 – Canindé – São Paulo", "original_OBS": "—", "original_": "reintegração ocorreu em 16/09/2024- fls 208", "original__1": null, "original__2": null, "lat": -23.530742, "lon": -46.6240894, "formatted": "Rua Afonso Arinos 163, Canindé, São Paulo - SP, 03033-030, Brazil", "VALID": 1, "x": -46.62405693, "y": -23.53075986 }, "geometry": { "type": "Point", "coordinates": [ -46.624056930177154, -23.530759858402568 ] } },
{ "type": "Feature", "properties": { "original_DEFENSORIA RESPONSÁVEL": "9ª Defensoria (Fabiana)", "original_USUÁRIO/A": "JESSICA SANTOS ALVES", "original_Nº PROCESSO": "1024362-40.2023.8.26.0100", "original_DATA DISTRIBUIÇÃO": "27/03/2023", "original_DOL": null, "original_CUSTUS E/OU DEFESA": "sim", "original_ENDEREÇO": "Rua Adolfo Gordo, 280 – Santa Cecília – São Paulo", "original_OBS": "—", "original_": "reintegração ocorreu em 13/05/2023- fls 135", "original__1": null, "original__2": null, "lat": -23.5320615, "lon": -46.650429, "formatted": "Rua Adolfo Gordo 280, Campos Elísios, Santa Cecília, São Paulo - SP, 01217-020, Brazil", "VALID": 1, "x": -46.65057998, "y": -23.53207286 }, "geometry": { "type": "Point", "coordinates": [ -46.650579984676277, -23.532072864438 ] } },
{ "type": "Feature", "properties": { "original_DEFENSORIA RESPONSÁVEL": "1ª Defensoria", "original_USUÁRIO/A": "Rozineide Gomes dos Santos", "original_Nº PROCESSO": "1088781-40.2021.8.26.0100", "original_DATA DISTRIBUIÇÃO": "12/4/2023", "original_DOL": null, "original_CUSTUS E/OU DEFESA": "sim", "original_ENDEREÇO": "Rua Maranjaí, 579 – Vila Monumento – São Paulo", "original_OBS": "Também nº 583, 587, 589; Rua Mariano Procópio nº 608", "original_": "ANDAMENTO", "original__1": null, "original__2": null, "lat": -23.579458, "lon": -46.616095, "formatted": "Rua Maranjaí 579, Vila Monumento, São Paulo - SP, 01549-010, Brazil", "VALID": 1, "x": -46.61604467, "y": -23.57924695 }, "geometry": { "type": "Point", "coordinates": [ -46.616044671774574, -23.579246946151446 ] } },
{ "type": "Feature", "properties": { "original_DEFENSORIA RESPONSÁVEL": "2ª Defensoria", "original_USUÁRIO/A": "RITA DE CÁSSIA PAUFERRO DOS SANTOS", "original_Nº PROCESSO": "1040683-53.2023.8.26.0100", "original_DATA DISTRIBUIÇÃO": "26/04/2023", "original_DOL": null, "original_CUSTUS E/OU DEFESA": "não", "original_ENDEREÇO": "Rua Jaguaribe, 92 – São Paulo", "original_OBS": "Também nº 96", "original_": "petição informando que a desocupação ocorreu (25/09/225) - fls598-600", "original__1": null, "original__2": null, "lat": -23.5416739, "lon": -46.6487315, "formatted": "Rua Jaguaribe 92, Higienópolis, São Paulo - SP, 01224-000, Brazil", "VALID": 1, "x": -46.6487315, "y": -23.54163818 }, "geometry": { "type": "Point", "coordinates": [ -46.6487315, -23.541638183194859 ] } },
{ "type": "Feature", "properties": { "original_DEFENSORIA RESPONSÁVEL": "3ª Defensoria", "original_USUÁRIO/A": "ROSANA GOMES DA SILVA", "original_Nº PROCESSO": "1068958-80.2021.8.26.0100", "original_DATA DISTRIBUIÇÃO": "24/05/2023", "original_DOL": null, "original_CUSTUS E/OU DEFESA": "sim", "original_ENDEREÇO": "Rua Rodolfo Miranda, 150 – Bom Retiro – São Paulo", "original_OBS": "—", "original_": "reintegração ocorreu em 26/06/224- fls 513", "original__1": null, "original__2": null, "lat": -23.525622334895985, "lon": -46.632684771868675, "formatted": "Rua Rodolfo Miranda 150, Vila Sá Barbosa, São Paulo - SP, 01121-010, Brazil", "VALID": 1, "x": -46.63270912, "y": -23.5254746 }, "geometry": { "type": "Point", "coordinates": [ -46.632709124235816, -23.525474597201999 ] } },
{ "type": "Feature", "properties": { "original_DEFENSORIA RESPONSÁVEL": "4ª Defensoria ", "original_USUÁRIO/A": "MAIANE DA SILVA PARTEIRA", "original_Nº PROCESSO": "1024948-14.2022.8.26.0100", "original_DATA DISTRIBUIÇÃO": "21/06/2023", "original_DOL": null, "original_CUSTUS E/OU DEFESA": "sim", "original_ENDEREÇO": "Rua Francisco Estácio Fortes, 50 – Santa Cecília – São Paulo", "original_OBS": "—", "original_": "ANDAMENTO", "original__1": null, "original__2": null, "lat": -23.5330728, "lon": -46.6597225, "formatted": "Rua Francisco Estácio Fortes 50, Santa Cecília, São Paulo - SP, 01233-060, Brazil", "VALID": 1, "x": -46.65979718, "y": -23.5331767 }, "geometry": { "type": "Point", "coordinates": [ -46.65979718059257, -23.533176703433135 ] } },
{ "type": "Feature", "properties": { "original_DEFENSORIA RESPONSÁVEL": "5ª Defensoria", "original_USUÁRIO/A": "SENELANDIA CAVALCANTE DE SOUZA", "original_Nº PROCESSO": "1012961-87.2023.8.26.0021", "original_DATA DISTRIBUIÇÃO": "20/07/23", "original_DOL": null, "original_CUSTUS E/OU DEFESA": "não", "original_ENDEREÇO": "Rua Conselheiro Brotero, 1104 – Santa Cecília – São Paulo", "original_OBS": "—", "original_": "reintegração ocorreu em 02/08/2023- fls 66", "original__1": null, "original__2": null, "lat": -23.5358908, "lon": -46.6608339, "formatted": "Rua Conselheiro Brotero 1104, Santa Cecília, São Paulo - SP, 01232-010, Brazil", "VALID": 1, "x": -46.66087043, "y": -23.53586077 }, "geometry": { "type": "Point", "coordinates": [ -46.660870428550716, -23.535860765413858 ] } },
{ "type": "Feature", "properties": { "original_DEFENSORIA RESPONSÁVEL": "6ª Defensoria", "original_USUÁRIO/A": "ANA CLAUDIA SOUZA SANTOS", "original_Nº PROCESSO": "1066164-52.2022.8.26.0100", "original_DATA DISTRIBUIÇÃO": "24/07/23", "original_DOL": null, "original_CUSTUS E/OU DEFESA": "sim", "original_ENDEREÇO": "Rua Tupi, 676 – São Paulo", "original_OBS": "—", "original_": "reintegração ocorreu em 28/11/2024- fls 693", "original__1": null, "original__2": null, "lat": -23.5373224, "lon": -46.6628068, "formatted": "Rua Tupi 676, Pacaembu, São Paulo - SP, 04477-420, Brazil", "VALID": 1, "x": -46.66281329, "y": -23.53729318 }, "geometry": { "type": "Point", "coordinates": [ -46.662813293964568, -23.537293177159434 ] } },
{ "type": "Feature", "properties": { "original_DEFENSORIA RESPONSÁVEL": "7ª Defensoria ", "original_USUÁRIO/A": "Oscar Fabian Gonzalez Cortes", "original_Nº PROCESSO": "1075216-38.2023.8.26.0100", "original_DATA DISTRIBUIÇÃO": "31/07/2023", "original_DOL": null, "original_CUSTUS E/OU DEFESA": "sim", "original_ENDEREÇO": "Rua José Antônio Coelho, 484 – Vila Mariana – São Paulo", "original_OBS": "Também nº 486", "original_": "reintegração ocorreu em 29/09/2023- fls1.354", "original__1": null, "original__2": null, "lat": -23.5803942, "lon": -46.6452805, "formatted": "Rua José Antônio Coelho 484, Paraíso, Vila Mariana, São Paulo - SP, 04011-061, Brazil", "VALID": 1, "x": -46.64530161, "y": -23.58028624 }, "geometry": { "type": "Point", "coordinates": [ -46.645301605384851, -23.580286237839008 ] } },
{ "type": "Feature", "properties": { "original_DEFENSORIA RESPONSÁVEL": "8ª Defensoria", "original_USUÁRIO/A": "FABIANA DA SILVA DE SOUSA", "original_Nº PROCESSO": "1086084-75.2023.8.26.0100", "original_DATA DISTRIBUIÇÃO": "16/08/2023", "original_DOL": null, "original_CUSTUS E/OU DEFESA": "não", "original_ENDEREÇO": "Rua Conde de São Joaquim, 50 – Liberdade – São Paulo", "original_OBS": "—", "original_": "reintegração ocorreu em 12/11/2025- fls1.329", "original__1": null, "original__2": null, "lat": -23.5564711, "lon": -46.6384616, "formatted": "Rua Conde de São Joaquim 50, Bixiga, São Paulo - SP, 01320-010, Brazil", "VALID": 1, "x": -46.63847053, "y": -23.55644675 }, "geometry": { "type": "Point", "coordinates": [ -46.638470529201285, -23.556446747632858 ] } },
{ "type": "Feature", "properties": { "original_DEFENSORIA RESPONSÁVEL": "9ª Defensoria (Fabiana)", "original_USUÁRIO/A": "José Wellington da Silva", "original_Nº PROCESSO": "0038171-17.2023.8.26.0100", "original_DATA DISTRIBUIÇÃO": "10/2/2023", "original_DOL": null, "original_CUSTUS E/OU DEFESA": "não", "original_ENDEREÇO": "Rua Pires da Mota, 1039 – Aclimação – São Paulo", "original_OBS": "—", "original_": "reintegração ocorreu em 12/04/2024 - fls. 144", "original__1": null, "original__2": null, "lat": -23.569880377464791, "lon": -46.637607807042251, "formatted": "Rua Pires da Mota 1039, Liberdade, São Paulo - SP, 01529-000, Brazil", "VALID": 1, "x": -46.63744708, "y": -23.57003136 }, "geometry": { "type": "Point", "coordinates": [ -46.637447081419118, -23.570031362141066 ] } },
{ "type": "Feature", "properties": { "original_DEFENSORIA RESPONSÁVEL": "2ª Defensoria", "original_USUÁRIO/A": "FRENTE DE LUTA POR MORADIA", "original_Nº PROCESSO": "1001948-23.2021.8.26.0228", "original_DATA DISTRIBUIÇÃO": "15/05/2023", "original_DOL": null, "original_CUSTUS E/OU DEFESA": "sim", "original_ENDEREÇO": "Rua Augusta, 953 – São Paulo", "original_OBS": "—", "original_": "reintegração ocorreu em 09/01/2025 - fls. 951", "original__1": null, "original__2": null, "lat": -23.5532731, "lon": -46.6548218, "formatted": "Rua Augusta 953, Consolação, São Paulo - SP, 01305-100, Brazil", "VALID": 1, "x": -46.65464646, "y": -23.55325362 }, "geometry": { "type": "Point", "coordinates": [ -46.654646462956585, -23.553253618106286 ] } },
{ "type": "Feature", "properties": { "original_DEFENSORIA RESPONSÁVEL": "3ª Defensoria", "original_USUÁRIO/A": "HÉLIO CERQUEIRA ALVES", "original_Nº PROCESSO": "0070716-44.2003.8.26.0100", "original_DATA DISTRIBUIÇÃO": "10/1/2023", "original_DOL": null, "original_CUSTUS E/OU DEFESA": "não", "original_ENDEREÇO": "Rua Lucinda Gomes Barreto, 100 – Vila Nova Manchester – São Paulo", "original_OBS": "Também nº 106 e nº 1", "original_": "aguardando julgamento  do processo 0012993-52.2003.8.26.0008", "original__1": null, "original__2": null, "lat": -23.544252, "lon": -46.545051, "formatted": "Rua Lucinda Gomes Barreto 100, Vila Carrão, São Paulo - SP, 03403-001, Brazil", "VALID": 1, "x": -46.54481072, "y": -23.54409614 }, "geometry": { "type": "Point", "coordinates": [ -46.544810723310881, -23.5440961448503 ] } },
{ "type": "Feature", "properties": { "original_DEFENSORIA RESPONSÁVEL": "4ª Defensoria ", "original_USUÁRIO/A": "Avanito Rodrigues dos Santos", "original_Nº PROCESSO": "1108566.17.2023.8.26.0100", "original_DATA DISTRIBUIÇÃO": "2/10/2023", "original_DOL": null, "original_CUSTUS E/OU DEFESA": "sim", "original_ENDEREÇO": "Rua Bento Freitas, 57 – República – São Paulo", "original_OBS": "—", "original_": "extinto sem resolução de mérito- fls. 311-312", "original__1": null, "original__2": null, "lat": -23.5423195, "lon": -46.645402, "formatted": "Rua Bento Freitas 57, Vila Buarque, República, São Paulo - SP, 01220-000, Brazil", "VALID": 1, "x": -46.64538915, "y": -23.54230171 }, "geometry": { "type": "Point", "coordinates": [ -46.645389149097063, -23.542301706442093 ] } },
{ "type": "Feature", "properties": { "original_DEFENSORIA RESPONSÁVEL": "5ª Defensoria", "original_USUÁRIO/A": "ELIANE CARDOSO DA COSTA", "original_Nº PROCESSO": "0026861-14.2023.8.26.0100", "original_DATA DISTRIBUIÇÃO": "20/09/2023", "original_DOL": null, "original_CUSTUS E/OU DEFESA": "sim", "original_ENDEREÇO": "Rua Frederico Steidel, 207 – Santa Cecília – São Paulo", "original_OBS": "Também nº 211", "original_": "reintegração ocorreu em 25/09/2023 - fls. 193", "original__1": null, "original__2": null, "lat": -23.5396014, "lon": -46.6476347, "formatted": "Rua Doutor Frederico Steidel 207, Campos Elísios, Santa Cecília, São Paulo - SP, 01225-030, Brazil", "VALID": 1, "x": -46.64765761, "y": -23.53969518 }, "geometry": { "type": "Point", "coordinates": [ -46.647657608086881, -23.539695176583159 ] } },
{ "type": "Feature", "properties": { "original_DEFENSORIA RESPONSÁVEL": "6ª Defensoria", "original_USUÁRIO/A": "JAIANE LUCIANA DA SILVA", "original_Nº PROCESSO": "1001182-96.2023.8.26.0228", "original_DATA DISTRIBUIÇÃO": "16/10/2023", "original_DOL": null, "original_CUSTUS E/OU DEFESA": "não", "original_ENDEREÇO": "Rua Álvares Machado, 42 – São Paulo", "original_OBS": "Também nº 44", "original_": "distribuído em apenso nos autos 1137656-70.2023.8.26.0100 (linha 81)", "original__1": null, "original__2": null, "lat": -23.5528716, "lon": -46.6352543, "formatted": "Rua Alvares Machado 42, Glicério, São Paulo - SP, 01502-000, Brazil", "VALID": 1, "x": -46.63516336, "y": -23.55293289 }, "geometry": { "type": "Point", "coordinates": [ -46.635163355148464, -23.552932888921688 ] } },
{ "type": "Feature", "properties": { "original_DEFENSORIA RESPONSÁVEL": "7ª Defensoria ", "original_USUÁRIO/A": "MARIA EUNICE LOPEZ DA SILVA", "original_Nº PROCESSO": "1157667-23.2023.8.26.0100", "original_DATA DISTRIBUIÇÃO": null, "original_DOL": null, "original_CUSTUS E/OU DEFESA": "não", "original_ENDEREÇO": "Rua Júlio de Menezes, 134 – Jardim da Glória – São Paulo", "original_OBS": "—", "original_": "reintegração ocorreu em 4/06/2024 - fls. 1937", "original__1": null, "original__2": null, "lat": -23.5812279, "lon": -46.6172867, "formatted": "Rua Júlio de Menezes 134, Jardim da Glória, São Paulo - SP, 01545-060, Brazil", "VALID": 1, "x": -46.6173078, "y": -23.58122157 }, "geometry": { "type": "Point", "coordinates": [ -46.617307796359668, -23.581221571092097 ] } },
{ "type": "Feature", "properties": { "original_DEFENSORIA RESPONSÁVEL": "8ª Defensoria", "original_USUÁRIO/A": "DAMIÃO ALVES DE OLIVEIRA", "original_Nº PROCESSO": "1088908-07.2023.8.26.0100", "original_DATA DISTRIBUIÇÃO": "29/11/2023", "original_DOL": null, "original_CUSTUS E/OU DEFESA": "não", "original_ENDEREÇO": "Rua Ministro Godói, 1541 – Perdizes – São Paulo", "original_OBS": "—", "original_": "ANDAMENTO", "original__1": null, "original__2": null, "lat": -23.541658609634151, "lon": -46.674918498205592, "formatted": "Rua Ministro Godói 1541, Perdizes, São Paulo - SP, 05015-001, Brazil", "VALID": 1, "x": -46.6748088, "y": -23.54174721 }, "geometry": { "type": "Point", "coordinates": [ -46.674808797135327, -23.54174721434476 ] } },
{ "type": "Feature", "properties": { "original_DEFENSORIA RESPONSÁVEL": "9ª Defensoria (Fabiana)", "original_USUÁRIO/A": "MICHELLE DORNELLES DE JESUS", "original_Nº PROCESSO": "1081832-29.2023.8.26.0100", "original_DATA DISTRIBUIÇÃO": "1/29/2024", "original_DOL": null, "original_CUSTUS E/OU DEFESA": "não", "original_ENDEREÇO": "Rua Bueno de Andrade, 186 – Liberdade – São Paulo", "original_OBS": "Também nº 192 e 194", "original_": "ANDAMENTO", "original__1": null, "original__2": null, "lat": -23.561777692249585, "lon": -46.631603435678954, "formatted": "Rua Bueno de Andrade 186, Liberdade, São Paulo - SP, 01526-000, Brazil", "VALID": 1, "x": -46.63178908, "y": -23.56181145 }, "geometry": { "type": "Point", "coordinates": [ -46.63178908364403, -23.561811446425054 ] } },
{ "type": "Feature", "properties": { "original_DEFENSORIA RESPONSÁVEL": "2ª Defensoria", "original_USUÁRIO/A": "DAYANE RODRIGUES JENUINO", "original_Nº PROCESSO": "1031805-81.2019.8.26.0100", "original_DATA DISTRIBUIÇÃO": "8/16/2023", "original_DOL": null, "original_CUSTUS E/OU DEFESA": "sim", "original_ENDEREÇO": "Avenida Mercúrio, 60 – Brás – São Paulo", "original_OBS": "Também nº 64, 68 e 70; referência 1º andar", "original_": "ANDAMENTO", "original__1": null, "original__2": null, "lat": -23.5442642, "lon": -46.6263087, "formatted": "Avenida Mercúrio 60, Glicério, São Paulo - SP, 03007-000, Brazil", "VALID": 1, "x": -46.62627969, "y": -23.54429426 }, "geometry": { "type": "Point", "coordinates": [ -46.626279692505463, -23.544294262312526 ] } },
{ "type": "Feature", "properties": { "original_DEFENSORIA RESPONSÁVEL": "3ª Defensoria", "original_USUÁRIO/A": "MARIO AUGUSTO COSTA SANTOS", "original_Nº PROCESSO": "108469640.2023.8.26.0100", "original_DATA DISTRIBUIÇÃO": "24/01/2024", "original_DOL": null, "original_CUSTUS E/OU DEFESA": "não", "original_ENDEREÇO": "Rua Conselheiro Furtado, 719 – Liberdade – São Paulo", "original_OBS": "—", "original_": "ANDAMENTO", "original__1": null, "original__2": null, "lat": -23.559328752131535, "lon": -46.632883456028544, "formatted": "Rua Conselheiro Furtado 719, Liberdade, São Paulo - SP, 01511-000, Brazil", "VALID": 1, "x": -46.6326514, "y": -23.55932031 }, "geometry": { "type": "Point", "coordinates": [ -46.632651396072198, -23.559320313587666 ] } },
{ "type": "Feature", "properties": { "original_DEFENSORIA RESPONSÁVEL": "4ª Defensoria ", "original_USUÁRIO/A": "ELIZETE MEDEIROS DE SOUZA", "original_Nº PROCESSO": "1003835-33.2024.8.26.0100", "original_DATA DISTRIBUIÇÃO": "04.03.2024", "original_DOL": null, "original_CUSTUS E/OU DEFESA": "não", "original_ENDEREÇO": "Rua Rui Barbosa, 627 – Bela Vista – São Paulo", "original_OBS": "Também nº 629", "original_": "ANDAMENTO", "original__1": null, "original__2": null, "lat": -23.5610565, "lon": -46.6450758, "formatted": "Rua Rui Barbosa 627, Morro dos Ingleses, São Paulo - SP, 01326-010, Brazil", "VALID": 1, "x": -46.6450758, "y": -23.5610565 }, "geometry": { "type": "Point", "coordinates": [ -46.6450758, -23.5610565 ] } },
{ "type": "Feature", "properties": { "original_DEFENSORIA RESPONSÁVEL": "5ª Defensoria", "original_USUÁRIO/A": "MARGARETE SILVA", "original_Nº PROCESSO": "1065308-54.2023.8.26.0100", "original_DATA DISTRIBUIÇÃO": "1/8/2024", "original_DOL": null, "original_CUSTUS E/OU DEFESA": "sim", "original_ENDEREÇO": "Praça Almeida Júnior, 86 – Liberdade – São Paulo", "original_OBS": "Também Rua Conselheiro Furtado nº 524 e 532", "original_": "reintegração ocorreu em 18/11/2025 - fls. 1315", "original__1": null, "original__2": null, "lat": -23.5573114, "lon": -46.6332633, "formatted": "Praça Almeida Júnior 86, Liberdade, São Paulo - SP, 01510-010, Brazil", "VALID": 1, "x": -46.63318102, "y": -23.55712997 }, "geometry": { "type": "Point", "coordinates": [ -46.633181024197292, -23.55712997130686 ] } },
{ "type": "Feature", "properties": { "original_DEFENSORIA RESPONSÁVEL": "6ª Defensoria", "original_USUÁRIO/A": "CARLOS AUGUSTO SILVA DE OLIVEIRA", "original_Nº PROCESSO": "1151842-98.2023.8.26.0100", "original_DATA DISTRIBUIÇÃO": "5/2/2024", "original_DOL": null, "original_CUSTUS E/OU DEFESA": "sim", "original_ENDEREÇO": "Rua Conselheiro Furtado, 475 – Liberdade – São Paulo", "original_OBS": "—", "original_": "petição informando que a desocupação ocorreu (22/04/2024) - fls. 176", "original__1": null, "original__2": null, "lat": -23.55712820448554, "lon": -46.633009396084404, "formatted": "Rua Conselheiro Furtado 475, Liberdade, São Paulo - SP, 01511-000, Brazil", "VALID": 1, "x": -46.63269717, "y": -23.55716196 }, "geometry": { "type": "Point", "coordinates": [ -46.632697169961325, -23.557161958661009 ] } },
{ "type": "Feature", "properties": { "original_DEFENSORIA RESPONSÁVEL": "7ª Defensoria ", "original_USUÁRIO/A": "LUCELIA MARIA DA SILVA", "original_Nº PROCESSO": "1021008-70.2024.8.26.0100", "original_DATA DISTRIBUIÇÃO": "6/3/2024", "original_DOL": null, "original_CUSTUS E/OU DEFESA": "sim", "original_ENDEREÇO": "Rua XV de Novembro, 229 – Centro – São Paulo", "original_OBS": "Também nº 233 e 239", "original_": "ANDAMENTO", "original__1": null, "original__2": null, "lat": -23.667147, "lon": -46.4309269, "formatted": "Rua XV de Novembro 229, Jardim Maringá, Mauá - SP, 09340-440, Brazil", "VALID": 1, "x": -46.63439701, "y": -23.54689837 }, "geometry": { "type": "Point", "coordinates": [ -46.634397012101331, -23.546898368077414 ] } },
{ "type": "Feature", "properties": { "original_DEFENSORIA RESPONSÁVEL": "8ª Defensoria", "original_USUÁRIO/A": "EDIELGE FARIAS DA SILVA", "original_Nº PROCESSO": "1038655-83.2021.8.26.0100", "original_DATA DISTRIBUIÇÃO": "6/3/2024", "original_DOL": null, "original_CUSTUS E/OU DEFESA": "sim", "original_ENDEREÇO": "Rua das Olarias, 80 – Pari – São Paulo", "original_OBS": "—", "original_": "petição informando que a desocupação ocorreu (14/01/2025) - fls. 815", "original__1": null, "original__2": null, "lat": -23.528782, "lon": -46.617414, "formatted": "Rua Das Olarias 80, Pari, São Paulo - Southeast, 03023-000, Brazil", "VALID": 1, "x": -46.61752776, "y": -23.52865107 }, "geometry": { "type": "Point", "coordinates": [ -46.617527757987496, -23.528651070995512 ] } },
{ "type": "Feature", "properties": { "original_DEFENSORIA RESPONSÁVEL": "9ª Defensoria (Fabiana)", "original_USUÁRIO/A": "Ocupação - Repres. por Ronaldo Costa Bastos", "original_Nº PROCESSO": "1113554-81.2023.8.26.0100", "original_DATA DISTRIBUIÇÃO": "22/03/2024", "original_DOL": null, "original_CUSTUS E/OU DEFESA": "sim", "original_ENDEREÇO": "Rua Dr. Almeida Lima, 399 – Brás – São Paulo", "original_OBS": "Também nº 407", "original_": "ANDAMENTO", "original__1": null, "original__2": null, "lat": -23.5457696, "lon": -46.6141165, "formatted": "Rua Doutor Almeida Lima 399, Brás, São Paulo - SP, 03046-010, Brazil", "VALID": 1, "x": -46.61437599, "y": -23.54589829 }, "geometry": { "type": "Point", "coordinates": [ -46.614375985223916, -23.545898287793975 ] } },
{ "type": "Feature", "properties": { "original_DEFENSORIA RESPONSÁVEL": "1ª Defensoria", "original_USUÁRIO/A": "MBEMBA DOMINGOS", "original_Nº PROCESSO": "1057058-32.2023.8.26.0100", "original_DATA DISTRIBUIÇÃO": "4/15/2024", "original_DOL": null, "original_CUSTUS E/OU DEFESA": "sim", "original_ENDEREÇO": "Travessa Carneiro, 5 – Liberdade – São Paulo", "original_OBS": "—", "original_": "petição informando que a desocupação ocorreu (22/05/2025) - fls. 332", "original__1": null, "original__2": null, "lat": -23.5636386, "lon": -46.6396871, "formatted": "Travessa Carneiro 5, Liberdade, São Paulo - SP, 01504-001, Brazil", "VALID": 1, "x": -46.63967585, "y": -23.56363157 }, "geometry": { "type": "Point", "coordinates": [ -46.639675848608185, -23.563631567880112 ] } },
{ "type": "Feature", "properties": { "original_DEFENSORIA RESPONSÁVEL": "2ª Defensoria", "original_USUÁRIO/A": "ROSANA SOUZA DE JESUS", "original_Nº PROCESSO": "1001076-37.2023.8.26.0228", "original_DATA DISTRIBUIÇÃO": "19/09/2023", "original_DOL": null, "original_CUSTUS E/OU DEFESA": "sim", "original_ENDEREÇO": "Rua Conselheiro Furtado, 188 – Liberdade – São Paulo", "original_OBS": "Também nº 190", "original_": "petição informando que a desocupação ocorreu (20/02/2025) - fls. 729", "original__1": null, "original__2": null, "lat": -23.5545194, "lon": -46.6332946, "formatted": "Rua Conselheiro Furtado 188, Glicério, São Paulo - SP, 01511-000, Brazil", "VALID": 1, "x": -46.6332946, "y": -23.5545194 }, "geometry": { "type": "Point", "coordinates": [ -46.6332946, -23.5545194 ] } },
{ "type": "Feature", "properties": { "original_DEFENSORIA RESPONSÁVEL": "3ª Defensoria", "original_USUÁRIO/A": "ANALU SALVADOR DA ROCHA", "original_Nº PROCESSO": "1130211-98.2023.8.26.0100", "original_DATA DISTRIBUIÇÃO": "4/19/2024", "original_DOL": null, "original_CUSTUS E/OU DEFESA": "não", "original_ENDEREÇO": "Rua Coimbra, 28 – Brás – São Paulo", "original_OBS": "—", "original_": "ANDAMENTO", "original__1": null, "original__2": null, "lat": -23.5413756, "lon": -46.6096408, "formatted": "Rua Coimbra 28, Brás, São Paulo - SP, 03052-030, Brazil", "VALID": 1, "x": -46.60957857, "y": -23.54142096 }, "geometry": { "type": "Point", "coordinates": [ -46.609578565738971, -23.541420957173283 ] } },
{ "type": "Feature", "properties": { "original_DEFENSORIA RESPONSÁVEL": "4ª Defensoria ", "original_USUÁRIO/A": "ANA KEZIA DA SILVA", "original_Nº PROCESSO": "1129077-36.2023.8.26.0100", "original_DATA DISTRIBUIÇÃO": "11/3/2024", "original_DOL": null, "original_CUSTUS E/OU DEFESA": "sim", "original_ENDEREÇO": "Rua Serra do Jaire, 1386 – Quarta Parada – São Paulo", "original_OBS": "—", "original_": "ANDAMENTO", "original__1": null, "original__2": null, "lat": -23.553233, "lon": -46.580391, "formatted": "Rua Serra De Jaire 1386, Agua Rasa, São Paulo - Southeast, 03175-001, Brazil", "VALID": 1, "x": -46.580567, "y": -23.55332315 }, "geometry": { "type": "Point", "coordinates": [ -46.580567002924063, -23.553323147839151 ] } },
{ "type": "Feature", "properties": { "original_DEFENSORIA RESPONSÁVEL": "5ª Defensoria", "original_USUÁRIO/A": "ODAIR JOSÉ CHIBILSKI", "original_Nº PROCESSO": "1034603-10.2022.8.26.0100", "original_DATA DISTRIBUIÇÃO": "4/25/2024", "original_DOL": null, "original_CUSTUS E/OU DEFESA": "sim", "original_ENDEREÇO": "Rua Canindé, 553 – São Paulo", "original_OBS": "Também nº 559", "original_": "ANDAMENTO", "original__1": null, "original__2": null, "lat": -23.5296948, "lon": -46.6229847, "formatted": "Rua Canindé 553, Canindé, São Paulo - SP, 03033-000, Brazil", "VALID": 1, "x": -46.62303428, "y": -23.52962835 }, "geometry": { "type": "Point", "coordinates": [ -46.623034276445225, -23.529628346467049 ] } },
{ "type": "Feature", "properties": { "original_DEFENSORIA RESPONSÁVEL": "6ª Defensoria", "original_USUÁRIO/A": "ELIAS LACERDA DE SANTANA", "original_Nº PROCESSO": "1027821-16.2024.8.26.0100", "original_DATA DISTRIBUIÇÃO": "7/1/2024", "original_DOL": null, "original_CUSTUS E/OU DEFESA": "não", "original_ENDEREÇO": "Rua dos Gusmões, 135 – Centro – São Paulo", "original_OBS": "Também nº 139 e 147; esquina com Rua do Triunfo nº 192 e 194", "original_": "reintegração ocorreu em 06/03/2026 - fls. 558", "original__1": null, "original__2": null, "lat": -23.536166752798486, "lon": -46.638021917153274, "formatted": "Rua dos Gusmões 135, Santa Ifigênia, São Paulo - SP, 01212-001, Brazil", "VALID": 1, "x": -46.63799555, "y": -23.53627962 }, "geometry": { "type": "Point", "coordinates": [ -46.637995546703685, -23.536279618322705 ] } },
{ "type": "Feature", "properties": { "original_DEFENSORIA RESPONSÁVEL": "7ª Defensoria ", "original_USUÁRIO/A": "SILMARA DA COSTA ASSIS", "original_Nº PROCESSO": "103266169-2024.8.26.0100", "original_DATA DISTRIBUIÇÃO": "5/13/2024", "original_DOL": null, "original_CUSTUS E/OU DEFESA": "não", "original_ENDEREÇO": "Rua Conselheiro Furtado, 728 – Liberdade – São Paulo", "original_OBS": "—", "original_": "reintegração ocorreu em 18//07/2024 - fls. 219", "original__1": null, "original__2": null, "lat": -23.559410080326497, "lon": -46.632879007700602, "formatted": "Rua Conselheiro Furtado 728, Liberdade, São Paulo - SP, 01511-000, Brazil", "VALID": 1, "x": -46.63308997, "y": -23.55938266 }, "geometry": { "type": "Point", "coordinates": [ -46.633089971297281, -23.559382655058929 ] } },
{ "type": "Feature", "properties": { "original_DEFENSORIA RESPONSÁVEL": "8ª Defensoria", "original_USUÁRIO/A": "LAÍNE KEYSE MATIAS OLIVEIRA", "original_Nº PROCESSO": "1023149-62.2024.8.26.0100", "original_DATA DISTRIBUIÇÃO": "5/20/2024", "original_DOL": null, "original_CUSTUS E/OU DEFESA": "sim", "original_ENDEREÇO": "Rua Dr. Luís Barreto, 35 – São Paulo", "original_OBS": "—", "original_": "ANDAMENTO", "original__1": null, "original__2": null, "lat": -23.554781280057508, "lon": -46.64760952491288, "formatted": "Rua Doutor Luís Barreto 35, Bixiga, São Paulo - SP, 01328-020, Brazil", "VALID": 1, "x": -46.64739118, "y": -23.55472327 }, "geometry": { "type": "Point", "coordinates": [ -46.647391177590322, -23.554723265068422 ] } },
{ "type": "Feature", "properties": { "original_DEFENSORIA RESPONSÁVEL": "9ª Defensoria (Fabiana)", "original_USUÁRIO/A": "JESSICA XAVIER DA SILVA", "original_Nº PROCESSO": "1137656-70.2023.8.26.0100", "original_DATA DISTRIBUIÇÃO": "5/29/2024", "original_DOL": null, "original_CUSTUS E/OU DEFESA": "sim", "original_ENDEREÇO": "Rua Álvares Machado, 42 – Liberdade – São Paulo", "original_OBS": "Número repetido (42/42)", "original_": "ANDAMENTO", "original__1": null, "original__2": null, "lat": -23.5528716, "lon": -46.6352543, "formatted": "Rua Alvares Machado 42, Glicério, São Paulo - SP, 01502-000, Brazil", "VALID": 1, "x": -46.63516336, "y": -23.55293289 }, "geometry": { "type": "Point", "coordinates": [ -46.635163355148464, -23.552932888921688 ] } },
{ "type": "Feature", "properties": { "original_DEFENSORIA RESPONSÁVEL": "1ª Defensoria", "original_USUÁRIO/A": "TAIANE DA SILVA BACELAR", "original_Nº PROCESSO": "1001693-61.2021.8.26.0100", "original_DATA DISTRIBUIÇÃO": "6/5/2024", "original_DOL": null, "original_CUSTUS E/OU DEFESA": "sim", "original_ENDEREÇO": "Rua Conselheiro Nébias, 1283 – Campos Elíseos – São Paulo", "original_OBS": "—", "original_": "ANDAMENTO", "original__1": null, "original__2": null, "lat": -23.5326885, "lon": -46.647877, "formatted": "Rua Conselheiro Nébias 1283, Campos Elísios, São Paulo - SP, 01203-003, Brazil", "VALID": 1, "x": -46.64800674, "y": -23.53256298 }, "geometry": { "type": "Point", "coordinates": [ -46.648006742611962, -23.532562976659975 ] } },
{ "type": "Feature", "properties": { "original_DEFENSORIA RESPONSÁVEL": "2ª Defensoria", "original_USUÁRIO/A": "RICARDO BARBOSA DOS SANTOS", "original_Nº PROCESSO": "1160012-59.2023.8.26.0100", "original_DATA DISTRIBUIÇÃO": "1/29/2024", "original_DOL": null, "original_CUSTUS E/OU DEFESA": "sim", "original_ENDEREÇO": "Rua Brigadeiro Galvão, 639 – Barra Funda – São Paulo", "original_OBS": "Também nº 643", "original_": "ANDAMENTO", "original__1": null, "original__2": null, "lat": -23.530310934683367, "lon": -46.657538747340446, "formatted": "Rua Brigadeiro Galvão 639, Santa Cecília, São Paulo - SP, 01151-000, Brazil", "VALID": 1, "x": -46.65761047, "y": -23.53034469 }, "geometry": { "type": "Point", "coordinates": [ -46.657610474963313, -23.530344688858836 ] } },
{ "type": "Feature", "properties": { "original_DEFENSORIA RESPONSÁVEL": "3ª Defensoria", "original_USUÁRIO/A": "FRANCISCO JOSE PEREIRA", "original_Nº PROCESSO": "1082429-95.2023.8.26.0100", "original_DATA DISTRIBUIÇÃO": "6/10/2024", "original_DOL": null, "original_CUSTUS E/OU DEFESA": "não", "original_ENDEREÇO": "Rua Alceu Wamosy, 72 – Vila Mariana – São Paulo", "original_OBS": "—", "original_": "petição informando que a desocupação ocorreu m 25/06/2024 - fls. 178", "original__1": null, "original__2": null, "lat": -23.5793943, "lon": -46.6362869, "formatted": "Rua Alceu Wamosy 72, Paraíso, Vila Mariana, São Paulo - SP, 04105-040, Brazil", "VALID": 1, "x": -46.63629903, "y": -23.57928513 }, "geometry": { "type": "Point", "coordinates": [ -46.636299030406811, -23.579285126338721 ] } },
{ "type": "Feature", "properties": { "original_DEFENSORIA RESPONSÁVEL": "5ª Defensoria", "original_USUÁRIO/A": "ROSANA DA COSTA", "original_Nº PROCESSO": "1032781-15.2024.8.26.0100", "original_DATA DISTRIBUIÇÃO": "6/17/2024", "original_DOL": null, "original_CUSTUS E/OU DEFESA": "não", "original_ENDEREÇO": "Rua Dom Duarte Leopoldo, 945 – Cambuci – São Paulo", "original_OBS": "—", "original_": "ANDAMENTO", "original__1": null, "original__2": null, "lat": -23.5728139, "lon": -46.6189367, "formatted": "Rua Dom Duarte Leopoldo 945, Cambuci, São Paulo - SP, 01539-010, Brazil", "VALID": 1, "x": -46.61895041, "y": -23.57277276 }, "geometry": { "type": "Point", "coordinates": [ -46.618950412633787, -23.572772762098644 ] } },
{ "type": "Feature", "properties": { "original_DEFENSORIA RESPONSÁVEL": "6ª Defensoria", "original_USUÁRIO/A": "ELISANGELA DA SILVA", "original_Nº PROCESSO": "0048075-61.2023.8.26.0100", "original_DATA DISTRIBUIÇÃO": "6/13/2024", "original_DOL": null, "original_CUSTUS E/OU DEFESA": "sim", "original_ENDEREÇO": "Avenida Dom Pedro I, 637 – Ipiranga – São Paulo", "original_OBS": "—", "original_": "reintegração ocorreu em 14/08//2024 - fls. 198", "original__1": null, "original__2": null, "lat": -23.57092285, "lon": -46.610878337499997, "formatted": "Avenida Dom Pedro I 637, Vila Monumento, Ipiranga, São Paulo - SP, 01552-001, Brazil", "VALID": 1, "x": -46.61072328, "y": -23.57091758 }, "geometry": { "type": "Point", "coordinates": [ -46.61072327925644, -23.570917575910077 ] } },
{ "type": "Feature", "properties": { "original_DEFENSORIA RESPONSÁVEL": "7ª Defensoria ", "original_USUÁRIO/A": "SOFIA NOEMI QUISP LOPEZ", "original_Nº PROCESSO": "1111743-04.2014.8.26.0100", "original_DATA DISTRIBUIÇÃO": "7/3/2024", "original_DOL": null, "original_CUSTUS E/OU DEFESA": "sim", "original_ENDEREÇO": "Avenida do Estado, 1375 – Bom Retiro – São Paulo", "original_OBS": "—", "original_": "ANDAMENTO", "original__1": null, "original__2": null, "lat": -23.526949252941176, "lon": -46.628079424509806, "formatted": "Avenida do Estado 1375, Vila Sá Barbosa, São Paulo - SP, 01107-000, Brazil", "VALID": 1, "x": -46.62795812, "y": -23.52676888 }, "geometry": { "type": "Point", "coordinates": [ -46.627958120441711, -23.526768879066015 ] } },
{ "type": "Feature", "properties": { "original_DEFENSORIA RESPONSÁVEL": "8ª Defensoria", "original_USUÁRIO/A": "JUAN CARLOS KIYOHARA LONDONO", "original_Nº PROCESSO": "1051277-97.2021.8.26.0100", "original_DATA DISTRIBUIÇÃO": "7/29/2024", "original_DOL": null, "original_CUSTUS E/OU DEFESA": "não", "original_ENDEREÇO": "Alameda Dino Bueno, 444 – Campos Elíseos – São Paulo", "original_OBS": "Também nº 452", "original_": "ANDAMENTO", "original__1": null, "original__2": null, "lat": -23.5307985, "lon": -46.6439025, "formatted": "Alameda Dino Bueno 444, Campos Elísios, São Paulo - SP, 01218-000, Brazil", "VALID": 1, "x": -46.64397168, "y": -23.53080411 }, "geometry": { "type": "Point", "coordinates": [ -46.643971683491216, -23.530804109472257 ] } },
{ "type": "Feature", "properties": { "original_DEFENSORIA RESPONSÁVEL": "9ª Defensoria (Fabiana)", "original_USUÁRIO/A": "ELIZANDRA CRISTINA FLAVIO MONTEIRO", "original_Nº PROCESSO": "1019299-97.2024.8.26.0100 ", "original_DATA DISTRIBUIÇÃO": "9/2/2024", "original_DOL": null, "original_CUSTUS E/OU DEFESA": "sim", "original_ENDEREÇO": "Rua da Olaria, 65 – Pari – São Paulo", "original_OBS": "—", "original_": "petição informando que a desocupação ocorreuem 01/08/2025 - fls. 522", "original__1": null, "original__2": null, "lat": -23.7179183, "lon": -46.785447, "formatted": "Rua da Olária 65, Estrada Vitório Trentin, São Paulo - SP, 04945-043, Brazil", "VALID": 0, "x": -46.785447, "y": -23.7179183 }, "geometry": { "type": "Point", "coordinates": [ -46.785447, -23.7179183 ] } },
{ "type": "Feature", "properties": { "original_DEFENSORIA RESPONSÁVEL": "1ª Defensoria", "original_USUÁRIO/A": "JADY PEREIRA DE MORAES\n", "original_Nº PROCESSO": "1079412-17.2024.8.26.0100 ", "original_DATA DISTRIBUIÇÃO": "1/13/2025", "original_DOL": null, "original_CUSTUS E/OU DEFESA": "não", "original_ENDEREÇO": "Rua da Consolação, 2005 – Consolação – São Paulo", "original_OBS": "—", "original_": "ANDAMENTO", "original__1": null, "original__2": null, "lat": -23.5531176, "lon": -46.6593419, "formatted": "Rua da Consolação 2005, Consolação, São Paulo - SP, 01301-100, Brazil", "VALID": 1, "x": -46.6593419, "y": -23.5531176 }, "geometry": { "type": "Point", "coordinates": [ -46.6593419, -23.5531176 ] } },
{ "type": "Feature", "properties": { "original_DEFENSORIA RESPONSÁVEL": "2ª Defensoria", "original_USUÁRIO/A": "MARIA SUSANA XAVIER DE ANDRADE", "original_Nº PROCESSO": "0035518-08.2024.8.26.0100", "original_DATA DISTRIBUIÇÃO": "9/30/2024", "original_DOL": null, "original_CUSTUS E/OU DEFESA": "sim", "original_ENDEREÇO": "Rua Vicente Giusti, 126 – Bom Retiro – São Paulo", "original_OBS": "—", "original_": "reintegração ocorreu em 01/10//2024 - fls. 27", "original__1": null, "original__2": null, "lat": -23.522975, "lon": -46.6384941, "formatted": "Rua Vicente Giusti 126, Bairro da Luz, São Paulo - SP, 01128-070, Brazil", "VALID": 1, "x": -46.63853629, "y": -23.52298484 }, "geometry": { "type": "Point", "coordinates": [ -46.638536292719337, -23.522984844967844 ] } },
{ "type": "Feature", "properties": { "original_DEFENSORIA RESPONSÁVEL": "3ª Defensoria", "original_USUÁRIO/A": "SILVANA ALVES DAMACENA", "original_Nº PROCESSO": "1180036-11.2023.8.26.0100", "original_DATA DISTRIBUIÇÃO": "10/30/2024", "original_DOL": null, "original_CUSTUS E/OU DEFESA": "sim", "original_ENDEREÇO": "Rua Helvétia, 696 – Campos Elíseos – São Paulo", "original_OBS": "—", "original_": "ANDAMENTO", "original__1": null, "original__2": null, "lat": -23.536574580286384, "lon": -46.646866186403336, "formatted": "Rua Helvétia 696, Campos Elísios, São Paulo - SP, 01215-010, Brazil", "VALID": 1, "x": -46.64690659, "y": -23.53643029 }, "geometry": { "type": "Point", "coordinates": [ -46.64690658694991, -23.536430292620032 ] } },
{ "type": "Feature", "properties": { "original_DEFENSORIA RESPONSÁVEL": "4ª Defensoria ", "original_USUÁRIO/A": "Mires Lira de Oliveira", "original_Nº PROCESSO": "0005304-34.2024.8.260100", "original_DATA DISTRIBUIÇÃO": "4/24/2024", "original_DOL": null, "original_CUSTUS E/OU DEFESA": "não", "original_ENDEREÇO": "Rua Uruguaiana, 77 – Brás – São Paulo", "original_OBS": "—", "original_": "ANDAMENTO", "original__1": null, "original__2": null, "lat": -23.544759251199345, "lon": -46.614417929361494, "formatted": "Rua Uruguaiana 77, Brás, São Paulo - SP, 03050-040, Brazil", "VALID": 1, "x": -46.61440738, "y": -23.54475081 }, "geometry": { "type": "Point", "coordinates": [ -46.614407381181664, -23.544750812655479 ] } },
{ "type": "Feature", "properties": { "original_DEFENSORIA RESPONSÁVEL": "5ª Defensoria", "original_USUÁRIO/A": "LAYS PEREIRA DA SILVA", "original_Nº PROCESSO": "1005246-77.2025.8.26.0100 ", "original_DATA DISTRIBUIÇÃO": "4/24/2024", "original_DOL": null, "original_CUSTUS E/OU DEFESA": "sim", "original_ENDEREÇO": "Rua Dino Bueno, 538 – Campos Elíseos – São Paulo – CEP 01217-000", "original_OBS": "Também nº 546", "original_": "ANDAMENTO", "original__1": null, "original__2": null, "lat": -23.676121, "lon": -46.546053, "formatted": "Rua Dino Bueno 538, Vila Scarpelli, Santo Andre - SP, 09051-460, Brazil", "VALID": 1, "x": -46.64435523, "y": -23.53009996 }, "geometry": { "type": "Point", "coordinates": [ -46.644355225166343, -23.53009995781845 ] } },
{ "type": "Feature", "properties": { "original_DEFENSORIA RESPONSÁVEL": "6ª Defensoria", "original_USUÁRIO/A": "FERNANDO TESSAROLLI PADILHA", "original_Nº PROCESSO": "1201940-53.2024.8.26.0100", "original_DATA DISTRIBUIÇÃO": "2/4/2025", "original_DOL": null, "original_CUSTUS E/OU DEFESA": "não", "original_ENDEREÇO": "Rua Baronesa de Itu, 100 – Santa Cecília – São Paulo", "original_OBS": "—", "original_": "ANDAMENTO", "original__1": null, "original__2": null, "lat": -23.5398402, "lon": -46.6539983, "formatted": "Rua Baronesa de Itu 100, Santa Cecília, São Paulo - SP, 01231-000, Brazil", "VALID": 1, "x": -46.65399638, "y": -23.53979146 }, "geometry": { "type": "Point", "coordinates": [ -46.653996376164443, -23.539791462832703 ] } },
{ "type": "Feature", "properties": { "original_DEFENSORIA RESPONSÁVEL": "8ª Defensoria", "original_USUÁRIO/A": "ELISANGELA SIMÔES DE LIMA", "original_Nº PROCESSO": "1014232-70.2023.8.26.0009", "original_DATA DISTRIBUIÇÃO": "9/2/2024", "original_DOL": null, "original_CUSTUS E/OU DEFESA": "sim", "original_ENDEREÇO": "Rua Sanches Aguiar, 182 – Vila Leme – São Paulo", "original_OBS": "Também nº 192", "original_": "ANDAMENTO", "original__1": null, "original__2": null, "lat": -23.1811002, "lon": -46.8704976, "formatted": "São Camilo, Vila Leme, Jundiaí, SP, Brazil", "VALID": 0, "x": -46.8704976, "y": -23.1811002 }, "geometry": { "type": "Point", "coordinates": [ -46.8704976, -23.1811002 ] } },
{ "type": "Feature", "properties": { "original_DEFENSORIA RESPONSÁVEL": "9ª Defensoria (Fabiana)", "original_USUÁRIO/A": "MARCIA SOCORRO BARBOSA ALVES", "original_Nº PROCESSO": "0646535-37.1997.8.26.0100", "original_DATA DISTRIBUIÇÃO": "7/14/2025", "original_DOL": null, "original_CUSTUS E/OU DEFESA": null, "original_ENDEREÇO": null, "original_OBS": null, "original_": "ANDAMENTO", "original__1": null, "original__2": null, "lat": null, "lon": null, "formatted": null, "x": null, "y": null }, "geometry": null },
{ "type": "Feature", "properties": { "original_DEFENSORIA RESPONSÁVEL": "1ª Defensoria", "original_USUÁRIO/A": "Rafael Felicio De Oliveira Dos Santos", "original_Nº PROCESSO": "1197468-09.2024.8.26.0100", "original_DATA DISTRIBUIÇÃO": "3/17/2025", "original_DOL": null, "original_CUSTUS E/OU DEFESA": "sim", "original_ENDEREÇO": "Rua Dona Ana Nery, 1041 – Cambuci – São Paulo", "original_OBS": "—", "original_": "ANDAMENTO", "original__1": null, "original__2": null, "lat": -23.9937484, "lon": -46.4238886, "formatted": "Rua Dona Ana Nery 1041, Sítio do Campo, Praia Grande - SP, 11725-440, Brazil", "VALID": 1, "x": -46.61724152, "y": -23.56321368 }, "geometry": { "type": "Point", "coordinates": [ -46.61724152023622, -23.56321367963589 ] } },
{ "type": "Feature", "properties": { "original_DEFENSORIA RESPONSÁVEL": "2ª Defensoria", "original_USUÁRIO/A": "MARXIELA DOS SANTOS COSTA", "original_Nº PROCESSO": "1062524-36.2025.8.26.0100", "original_DATA DISTRIBUIÇÃO": "8/13/2025", "original_DOL": null, "original_CUSTUS E/OU DEFESA": "não", "original_ENDEREÇO": "Rua Taquari, 702 – Mooca – São Paulo – CEP 03166-000", "original_OBS": "—", "original_": "petição informando que a desocupação ocorreu (03/02/2026) - fls. 192", "original__1": null, "original__2": null, "lat": -23.5504161, "lon": -46.5967276, "formatted": "Rua Taquari 702, Mooca, São Paulo - SP, 03166-000, Brazil", "VALID": 1, "x": -46.59674106, "y": -23.55050493 }, "geometry": { "type": "Point", "coordinates": [ -46.596741059363119, -23.550504931796578 ] } },
{ "type": "Feature", "properties": { "original_DEFENSORIA RESPONSÁVEL": "3ª Defensoria", "original_USUÁRIO/A": "JOCIENE MENEZES ROSA", "original_Nº PROCESSO": "1071871-93.2025.8.26.0100", "original_DATA DISTRIBUIÇÃO": "8/4/2025", "original_DOL": null, "original_CUSTUS E/OU DEFESA": "não", "original_ENDEREÇO": "Rua General Osório, 409 – Santa Ifigênia – São Paulo", "original_OBS": "Também nº 413 e 417; DUPLICADO no bloco", "original_": "ANDAMENTO", "original__1": null, "original__2": null, "lat": -23.537827484367735, "lon": -46.642023711590689, "formatted": "Rua General Osório 409, Santa Ifigênia, São Paulo - SP, 01213-003, Brazil", "VALID": 1, "x": -46.64197862, "y": -23.53785777 }, "geometry": { "type": "Point", "coordinates": [ -46.641978622724245, -23.537857767934749 ] } },
{ "type": "Feature", "properties": { "original_DEFENSORIA RESPONSÁVEL": "5ª Defensoria", "original_USUÁRIO/A": "THAÍS TEIXEIRA DA SILVA", "original_Nº PROCESSO": "1072509-29.2025.8.26.0100", "original_DATA DISTRIBUIÇÃO": "7/16/2025", "original_DOL": null, "original_CUSTUS E/OU DEFESA": null, "original_ENDEREÇO": "Rua Carnot, 774 – Canindé – São Paulo – CEP 03032-030", "original_OBS": "—", "original_": "ANDAMENTO", "original__1": null, "original__2": null, "lat": -20.16925, "lon": -47.83582, "formatted": "Caninde, Sao Paulo, Brazil", "VALID": 1, "x": -46.62122426, "y": -23.52800701 }, "geometry": { "type": "Point", "coordinates": [ -46.621224264038844, -23.528007005979102 ] } },
{ "type": "Feature", "properties": { "original_DEFENSORIA RESPONSÁVEL": "6ª Defensoria", "original_USUÁRIO/A": "\nSANDRA MARIA SALES DA CRUZ", "original_Nº PROCESSO": "4008900-21.2025.8.26.0100", "original_DATA DISTRIBUIÇÃO": "10/20/2025", "original_DOL": null, "original_CUSTUS E/OU DEFESA": "não", "original_ENDEREÇO": "Rua Ubaldino do Amaral, 71 – Belenzinho – São Paulo", "original_OBS": "Faixa até nº 89", "original_": "ANDAMENTO", "original__1": null, "original__2": null, "lat": -23.539604, "lon": -46.600074, "formatted": "Rua Doutor Ubaldino Do Amaral 71, Belenzinho, São Paulo - Southeast, 03055-030, Brazil", "VALID": 1, "x": -46.60011707, "y": -23.53950784 }, "geometry": { "type": "Point", "coordinates": [ -46.600117072733426, -23.539507837618402 ] } },
{ "type": "Feature", "properties": { "original_DEFENSORIA RESPONSÁVEL": "7ª Defensoria ", "original_USUÁRIO/A": "ORLANDO ALFREDO FARIAS BEZERRA", "original_Nº PROCESSO": "1114870-95.2024.8.26.0100", "original_DATA DISTRIBUIÇÃO": "4/28/2025", "original_DOL": null, "original_CUSTUS E/OU DEFESA": "sim", "original_ENDEREÇO": "Rua Jaguaribe, 614 – Consolação – São Paulo – CEP 01224-002", "original_OBS": "Aptos 1 e 2", "original_": "petição informando que a desocupação parcial, do 1ºandar, ocorreu (21/07/2025) - fls. 209", "original__1": null, "original__2": null, "lat": -23.54169, "lon": -46.654141, "formatted": "Rua Jaguaribe 614, Consolação, São Paulo - Southeast, 01224-000, Brazil", "VALID": 1, "x": -46.65383192, "y": -23.54147536 }, "geometry": { "type": "Point", "coordinates": [ -46.653831921694334, -23.541475362287731 ] } },
{ "type": "Feature", "properties": { "original_DEFENSORIA RESPONSÁVEL": "8ª Defensoria", "original_USUÁRIO/A": "JOCIENE MENEZES ROSA", "original_Nº PROCESSO": "1071871-93.2025.8.26.0100", "original_DATA DISTRIBUIÇÃO": "8/25/2025", "original_DOL": null, "original_CUSTUS E/OU DEFESA": "não", "original_ENDEREÇO": "Rua General Osório, 409 – Santa Ifigênia – São Paulo", "original_OBS": "Também nº 413 e 417; DUPLICADO no bloco", "original_": "ANDAMENTO", "original__1": null, "original__2": null, "lat": -23.537827484367735, "lon": -46.642023711590689, "formatted": "Rua General Osório 409, Santa Ifigênia, São Paulo - SP, 01213-003, Brazil", "VALID": 1, "x": -46.64197862, "y": -23.53785777 }, "geometry": { "type": "Point", "coordinates": [ -46.641978622724245, -23.537857767934749 ] } },
{ "type": "Feature", "properties": { "original_DEFENSORIA RESPONSÁVEL": "9ª Defensoria (Fabiana)", "original_USUÁRIO/A": "LINDINEUZA MARIA DOS SANTOS", "original_Nº PROCESSO": "1068590-66.2024.8.26.0100", "original_DATA DISTRIBUIÇÃO": "9/8/2025", "original_DOL": null, "original_CUSTUS E/OU DEFESA": "sim", "original_ENDEREÇO": "Rua Helvétia, 696 – Santa Cecília – São Paulo – CEP 01215-010", "original_OBS": "—", "original_": "ANDAMENTO", "original__1": null, "original__2": null, "lat": -23.536574580286384, "lon": -46.646866186403336, "formatted": "Rua Helvétia 696, Campos Elísios, Santa Cecília, São Paulo - SP, 01215-010, Brazil", "VALID": 1, "x": -46.64690659, "y": -23.53643029 }, "geometry": { "type": "Point", "coordinates": [ -46.64690658694991, -23.536430292620032 ] } },
{ "type": "Feature", "properties": { "original_DEFENSORIA RESPONSÁVEL": "1ª Defensoria", "original_USUÁRIO/A": "AGATA SAFIRA VIEIRA", "original_Nº PROCESSO": "1156244-91.2024.8.26.0100", "original_DATA DISTRIBUIÇÃO": "4/7/2025", "original_DOL": null, "original_CUSTUS E/OU DEFESA": "sim", "original_ENDEREÇO": "Rua Avanhandava, 520 – São Paulo", "original_OBS": "Também nº 524", "original_": "ANDAMENTO", "original__1": null, "original__2": null, "lat": -23.5522712, "lon": -46.6485888, "formatted": "Rua Avanhandava 520, Bixiga, São Paulo - SP, 01307-011, Brazil", "VALID": 1, "x": -46.6485888, "y": -23.5522712 }, "geometry": { "type": "Point", "coordinates": [ -46.6485888, -23.5522712 ] } },
{ "type": "Feature", "properties": { "original_DEFENSORIA RESPONSÁVEL": "2ª Defensoria", "original_USUÁRIO/A": "MARIA EUNICE LOPEZ DA SILVA", "original_Nº PROCESSO": "1093121-85.2025.8.26.0100", "original_DATA DISTRIBUIÇÃO": "8/25/2025", "original_DOL": null, "original_CUSTUS E/OU DEFESA": "sim", "original_ENDEREÇO": "Rua do Paraíso, 584 – Liberdade – São Paulo – CEP 04103-001", "original_OBS": "—", "original_": "ANDAMENTO", "original__1": null, "original__2": null, "lat": -23.5744581, "lon": -46.6376994, "formatted": "Rua do Paraíso 584, Paraíso, São Paulo - SP, 01532-050, Brazil", "VALID": 1, "x": -46.63763816, "y": -23.57452607 }, "geometry": { "type": "Point", "coordinates": [ -46.637638159897818, -23.574526069783747 ] } },
{ "type": "Feature", "properties": { "original_DEFENSORIA RESPONSÁVEL": "3ª Defensoria", "original_USUÁRIO/A": "DANILO DE JESUS ALVES", "original_Nº PROCESSO": "4075051.66.2025.8.26.0100", "original_DATA DISTRIBUIÇÃO": "1/21/2026", "original_DOL": null, "original_CUSTUS E/OU DEFESA": "sim", "original_ENDEREÇO": "Rua Floriano Peixoto, 40 – Centro – São Paulo – CEP 01016-050", "original_OBS": "Também nº 44, 48 e 50", "original_": "ANDAMENTO", "original__1": null, "original__2": null, "lat": -23.5488202, "lon": -46.6326209, "formatted": "Rua Floriano Peixoto 40, Glicério, São Paulo - SP, 01016-050, Brazil", "VALID": 0, "x": -46.6326209, "y": -23.5488202 }, "geometry": { "type": "Point", "coordinates": [ -46.6326209, -23.5488202 ] } },
{ "type": "Feature", "properties": { "original_DEFENSORIA RESPONSÁVEL": "4ª Defensoria ", "original_USUÁRIO/A": "ANA KEZIA DA SILVA", "original_Nº PROCESSO": "1129077-36.2023.8.26.0100", "original_DATA DISTRIBUIÇÃO": "4/14/2025", "original_DOL": null, "original_CUSTUS E/OU DEFESA": "sim", "original_ENDEREÇO": "Rua Serra do Jaire, 1386 – Quarta Parada – São Paulo", "original_OBS": "—", "original_": "ANDAMENTO", "original__1": null, "original__2": null, "lat": -23.553233, "lon": -46.580391, "formatted": "Rua Serra De Jaire 1386, Agua Rasa, São Paulo - Southeast, 03175-001, Brazil", "VALID": 1, "x": -46.580567, "y": -23.55332315 }, "geometry": { "type": "Point", "coordinates": [ -46.580567002924063, -23.553323147839151 ] } },
{ "type": "Feature", "properties": { "original_DEFENSORIA RESPONSÁVEL": "1ª Defensoria", "original_USUÁRIO/A": "ELIZABETE NICACIO DA SILVA", "original_Nº PROCESSO": "1066643-50.2019.8.26.0100", "original_DATA DISTRIBUIÇÃO": "4/9/2025", "original_DOL": null, "original_CUSTUS E/OU DEFESA": "sim", "original_ENDEREÇO": "Alameda Eduardo Prado, 382 – São Paulo", "original_OBS": "Casas 1 e 2", "original_": "ANDAMENTO", "original__1": null, "original__2": null, "lat": -23.530342841188048, "lon": -46.64884370782368, "formatted": "Alameda Eduardo Prado 382, Campos Elísios, São Paulo - SP, 01218-012, Brazil", "VALID": 1, "x": -46.64892882, "y": -23.53019743 }, "geometry": { "type": "Point", "coordinates": [ -46.648928823550357, -23.530197432153045 ] } },
{ "type": "Feature", "properties": { "original_DEFENSORIA RESPONSÁVEL": "4ª Defensoria ", "original_USUÁRIO/A": "JULIO PEMBA", "original_Nº PROCESSO": "1072868-18.2021.8.26.0100", "original_DATA DISTRIBUIÇÃO": "11/21/2024", "original_DOL": null, "original_CUSTUS E/OU DEFESA": "sim", "original_ENDEREÇO": "Avenida Brigadeiro Luiz Antônio, 1224 – São Paulo", "original_OBS": "—", "original_": "ANDAMENTO", "original__1": null, "original__2": null, "lat": -23.560009, "lon": -46.643126, "formatted": "Avenida Brigadeiro Luis Antonio 1224, Liberdade District, São Paulo - Southeast, 01318-001, Brazil", "VALID": 1, "x": -46.63744173, "y": -23.55162671 }, "geometry": { "type": "Point", "coordinates": [ -46.637475085372785, -23.551606690640703 ] } },
{ "type": "Feature", "properties": { "original_DEFENSORIA RESPONSÁVEL": "7ª Defensoria ", "original_USUÁRIO/A": "AGATHA AKEMI UEDA", "original_Nº PROCESSO": "0038653-28.2024.8.26.0100", "original_DATA DISTRIBUIÇÃO": "9/8/2025", "original_DOL": null, "original_CUSTUS E/OU DEFESA": "sim", "original_ENDEREÇO": "Avenida São João, 1407 – Santa Cecília – São Paulo – CEP 01211-100", "original_OBS": "—", "original_": "ANDAMENTO", "original__1": null, "original__2": null, "lat": -23.5389431, "lon": -46.6466541, "formatted": "Avenida São João 1407, Campos Elísios, Santa Cecília, São Paulo - SP, 01211-100, Brazil", "VALID": 1, "x": -46.6466541, "y": -23.5389431 }, "geometry": { "type": "Point", "coordinates": [ -46.6466541, -23.5389431 ] } },
{ "type": "Feature", "properties": { "original_DEFENSORIA RESPONSÁVEL": "1ª Defensoria", "original_USUÁRIO/A": "\tLAIS PEREIRA DA SILVA", "original_Nº PROCESSO": "0006711-75.2024.8.26.0100", "original_DATA DISTRIBUIÇÃO": "8/26/2025", "original_DOL": null, "original_CUSTUS E/OU DEFESA": "sim", "original_ENDEREÇO": "Rua Dr. Rodrigo de Barros, 400 – Jardim da Luz – São Paulo", "original_OBS": "—", "original_": "ANDAMENTO", "original__1": null, "original__2": null, "lat": -23.530064, "lon": -46.627694, "formatted": "R Dr Rodrigo De Barros 400, Pari, São Paulo - Southeast, 01106-020, Brazil", "VALID": 1, "x": -46.62760777, "y": -23.53002029 }, "geometry": { "type": "Point", "coordinates": [ -46.627607767264614, -23.530020292997133 ] } },
{ "type": "Feature", "properties": { "original_DEFENSORIA RESPONSÁVEL": "4ª Defensoria ", "original_USUÁRIO/A": "JOSEANA CORREIA PEREIRA", "original_Nº PROCESSO": "1118132-53.2024.8.26.0100", "original_DATA DISTRIBUIÇÃO": "11/27/2024", "original_DOL": null, "original_CUSTUS E/OU DEFESA": "sim", "original_ENDEREÇO": "Rua Padre Vieira, 129 – Canindé – São Paulo", "original_OBS": "Também nº 131, 133 e junto 141–143", "original_": "ANDAMENTO", "original__1": null, "original__2": null, "lat": -23.5263812, "lon": -46.6187845, "formatted": "Rua Padre Vieira 129, Canindé, São Paulo - SP, 03030-000, Brazil", "VALID": 1, "x": -46.61886728, "y": -23.5263637 }, "geometry": { "type": "Point", "coordinates": [ -46.618867275083183, -23.52636370282795 ] } },
{ "type": "Feature", "properties": { "original_DEFENSORIA RESPONSÁVEL": "7ª Defensoria ", "original_USUÁRIO/A": "FABIANA MIRANDA FERREIRA", "original_Nº PROCESSO": "1113888-52.2022.8.26.0100", "original_DATA DISTRIBUIÇÃO": "11/17/2025", "original_DOL": null, "original_CUSTUS E/OU DEFESA": "sim", "original_ENDEREÇO": "Rua Maestro Cardim, 496 – Bela Vista – São Paulo – CEP 01323-000", "original_OBS": "—", "original_": "ANDAMENTO", "original__1": null, "original__2": null, "lat": -23.565361260308023, "lon": -46.641611052812948, "formatted": "Rua Maestro Cardim 496, Morro dos Ingleses, São Paulo - SP, 01323-001, Brazil", "VALID": 1, "x": -46.6418015, "y": -23.56504429 }, "geometry": { "type": "Point", "coordinates": [ -46.641801502801073, -23.565044292306592 ] } },
{ "type": "Feature", "properties": { "original_DEFENSORIA RESPONSÁVEL": "4ª Defensoria ", "original_USUÁRIO/A": "Roberta dos Santos", "original_Nº PROCESSO": "1012663-52.2023.8.26.0100", "original_DATA DISTRIBUIÇÃO": "1/26/2026", "original_DOL": null, "original_CUSTUS E/OU DEFESA": "sim", "original_ENDEREÇO": "Avenida São João, 1091 – Centro – São Paulo – CEP 01036-100", "original_OBS": "Também nº 1093", "original_": "cumprimento 0031347-71.2025.8.26.0100", "original__1": null, "original__2": null, "lat": -23.5404221, "lon": -46.6440063, "formatted": "Avenida São João 1091, República, São Paulo - SP, 01035-100, Brazil", "VALID": 1, "x": -46.64405475, "y": -23.54041133 }, "geometry": { "type": "Point", "coordinates": [ -46.644054753707231, -23.540411332509503 ] } },
{ "type": "Feature", "properties": { "original_DEFENSORIA RESPONSÁVEL": "1ª Defensoria", "original_USUÁRIO/A": "1054362-72.2013.8.26.0100 *", "original_Nº PROCESSO": "32ªVC", "original_DATA DISTRIBUIÇÃO": null, "original_DOL": null, "original_CUSTUS E/OU DEFESA": "não", "original_ENDEREÇO": "Rua Conselheiro Crispiniano, 317 – Centro – São Paulo", "original_OBS": "—", "original_": "reintegração ocorreu em 11/11/2015 - fls. 316", "original__1": null, "original__2": null, "lat": -23.5445469, "lon": -46.6386863, "formatted": "Rua Conselheiro Crispiniano 317, República, São Paulo - SP, 01037-001, Brazil", "VALID": 1, "x": -46.63871635, "y": -23.54450683 }, "geometry": { "type": "Point", "coordinates": [ -46.638716350744247, -23.544506832341003 ] } },
{ "type": "Feature", "properties": { "original_DEFENSORIA RESPONSÁVEL": "2ª Defensoria (Vania)", "original_USUÁRIO/A": "1071111-67.2013.8.26.0100 *", "original_Nº PROCESSO": null, "original_DATA DISTRIBUIÇÃO": null, "original_DOL": null, "original_CUSTUS E/OU DEFESA": "não", "original_ENDEREÇO": "Rua Roberto Simonsen, 94 – Sé – São Paulo", "original_OBS": "Também nº 98", "original_": "reintegração ocorreu em 20/01/2014 - fls. 105", "original__1": null, "original__2": null, "lat": -23.5489806, "lon": -46.632154, "formatted": "Rua Roberto Simonsen 94, Glicério, São Paulo - SP, 01017-020, Brazil", "VALID": 1, "x": -46.63187539, "y": -23.54887696 }, "geometry": { "type": "Point", "coordinates": [ -46.631875391183456, -23.548876962903989 ] } },
{ "type": "Feature", "properties": { "original_DEFENSORIA RESPONSÁVEL": "3ª Defensoria", "original_USUÁRIO/A": "Daniel Martins Matias (PSBB x LMD) *", "original_Nº PROCESSO": "Reintegração", "original_DATA DISTRIBUIÇÃO": "1/10/2014", "original_DOL": null, "original_CUSTUS E/OU DEFESA": "não", "original_ENDEREÇO": null, "original_OBS": null, "original_": "registro anterior a minha entrada na unidade (06/2024)não encontrei processo no dol em pesquisa pelo nome", "original__1": null, "original__2": null, "lat": null, "lon": null, "formatted": null, "x": null, "y": null }, "geometry": null },
{ "type": "Feature", "properties": { "original_DEFENSORIA RESPONSÁVEL": "4ª Defensoria ", "original_USUÁRIO/A": "UST - União dos Sem Teto *", "original_Nº PROCESSO": "Reintegração", "original_DATA DISTRIBUIÇÃO": "1/30/2015", "original_DOL": null, "original_CUSTUS E/OU DEFESA": "não", "original_ENDEREÇO": null, "original_OBS": null, "original_": "registro anterior a minha entrada na unidade (06/2024)não encontrei processo no dol em pesquisa pelo nome", "original__1": null, "original__2": null, "lat": null, "lon": null, "formatted": null, "x": null, "y": null }, "geometry": null },
{ "type": "Feature", "properties": { "original_DEFENSORIA RESPONSÁVEL": "5ª Defensoria", "original_USUÁRIO/A": "1054237-70.2014.8.26.0100", "original_Nº PROCESSO": null, "original_DATA DISTRIBUIÇÃO": "9/16/2014", "original_DOL": null, "original_CUSTUS E/OU DEFESA": "não", "original_ENDEREÇO": "Rua Asdrúbal do Nascimento, 160 – Bela Vista – São Paulo", "original_OBS": "Imóvel “baixos”", "original_": "petição informando que a desocupação ocorreu (17/10/2014) - fls. 211", "original__1": null, "original__2": null, "lat": -23.552656, "lon": -46.63783, "formatted": "Rua Asdrubal do Nascimento 160, República, São Paulo - SP, 01317-000, Brazil", "VALID": 1, "x": -46.63835693, "y": -23.55081543 }, "geometry": { "type": "Point", "coordinates": [ -46.638356934066074, -23.5508154320936 ] } },
{ "type": "Feature", "properties": { "original_DEFENSORIA RESPONSÁVEL": "6ª Defensoria", "original_USUÁRIO/A": "Cosme Aleixo da Silva e outro *", "original_Nº PROCESSO": "42ºVC", "original_DATA DISTRIBUIÇÃO": "12/1/2014", "original_DOL": null, "original_CUSTUS E/OU DEFESA": "não", "original_ENDEREÇO": null, "original_OBS": null, "original_": "registro anterior a minha entrada na unidade (06/2024)não encontrei processo no dol em pesquisa pelo nome", "original__1": null, "original__2": null, "lat": null, "lon": null, "formatted": null, "x": null, "y": null }, "geometry": null },
{ "type": "Feature", "properties": { "original_DEFENSORIA RESPONSÁVEL": "7ª Defensoria ", "original_USUÁRIO/A": "Lucimara Santana Pereira *", "original_Nº PROCESSO": "1080586-76.2015.8.26.0100\t\n ", "original_DATA DISTRIBUIÇÃO": "7/31/2015", "original_DOL": null, "original_CUSTUS E/OU DEFESA": "não", "original_ENDEREÇO": "Avenida Presidente Castelo Branco, 5200 – Bom Retiro – São Paulo", "original_OBS": "Bloco 120 B, apto 401", "original_": null, "original__1": null, "original__2": null, "lat": -23.52079, "lon": -46.638844, "formatted": "Avenida Presidente Castelo Branco 5200, Bom Retiro, São Paulo - SP, 01130-010, Brazil", "VALID": 1, "x": -46.64053921, "y": -23.52017962 }, "geometry": { "type": "Point", "coordinates": [ -46.640539206784716, -23.520179617882601 ] } },
{ "type": "Feature", "properties": { "original_DEFENSORIA RESPONSÁVEL": "8ª Defensoria", "original_USUÁRIO/A": "Walmir de Tal * e outros", "original_Nº PROCESSO": "Reintegração", "original_DATA DISTRIBUIÇÃO": "3/16/2016", "original_DOL": null, "original_CUSTUS E/OU DEFESA": "não", "original_ENDEREÇO": null, "original_OBS": null, "original_": "registro anterior a minha entrada na unidade (06/2024)não encontrei processo no dol em pesquisa pelo nome", "original__1": null, "original__2": null, "lat": null, "lon": null, "formatted": null, "x": null, "y": null }, "geometry": null },
{ "type": "Feature", "properties": { "original_DEFENSORIA RESPONSÁVEL": "9ª Defensoria", "original_USUÁRIO/A": "Roseane Ferreira da Silva e outros *", "original_Nº PROCESSO": "21ª VC - Reintegração", "original_DATA DISTRIBUIÇÃO": "7/28/2016", "original_DOL": null, "original_CUSTUS E/OU DEFESA": "não", "original_ENDEREÇO": null, "original_OBS": null, "original_": "registro anterior a minha entrada na unidade (06/2024)não encontrei processo no dol em pesquisa pelo nome", "original__1": null, "original__2": null, "lat": null, "lon": null, "formatted": null, "x": null, "y": null }, "geometry": null },
{ "type": "Feature", "properties": { "original_DEFENSORIA RESPONSÁVEL": "1ª Defensoria (Betânia)", "original_USUÁRIO/A": "Jose Carlos de Tal e outros *", "original_Nº PROCESSO": "2ª VC - Reintegração", "original_DATA DISTRIBUIÇÃO": "10/20/2016", "original_DOL": null, "original_CUSTUS E/OU DEFESA": "não", "original_ENDEREÇO": null, "original_OBS": null, "original_": "registro anterior a minha entrada na unidade (06/2024)não encontrei processo no dol em pesquisa pelo nome", "original__1": null, "original__2": null, "lat": null, "lon": null, "formatted": null, "x": null, "y": null }, "geometry": null },
{ "type": "Feature", "properties": { "original_DEFENSORIA RESPONSÁVEL": "2ª Defensoria ", "original_USUÁRIO/A": "Armando de Tal *", "original_Nº PROCESSO": "43ª VC - Reintegração", "original_DATA DISTRIBUIÇÃO": "11/11/2016", "original_DOL": null, "original_CUSTUS E/OU DEFESA": "não", "original_ENDEREÇO": null, "original_OBS": null, "original_": "registro anterior a minha entrada na unidade (06/2024)não encontrei processo no dol em pesquisa pelo nome", "original__1": null, "original__2": null, "lat": null, "lon": null, "formatted": null, "x": null, "y": null }, "geometry": null },
{ "type": "Feature", "properties": { "original_DEFENSORIA RESPONSÁVEL": "3ª Defensoria", "original_USUÁRIO/A": "Desconhecidos *", "original_Nº PROCESSO": "37ª VC - Reintegração", "original_DATA DISTRIBUIÇÃO": "12/12/2016", "original_DOL": null, "original_CUSTUS E/OU DEFESA": "não", "original_ENDEREÇO": null, "original_OBS": null, "original_": "registro anterior a minha entrada na unidade (06/2024)não encontrei processo no dol em pesquisa pelo nome", "original__1": null, "original__2": null, "lat": null, "lon": null, "formatted": null, "x": null, "y": null }, "geometry": null },
{ "type": "Feature", "properties": { "original_DEFENSORIA RESPONSÁVEL": "4ª Defensoria ", "original_USUÁRIO/A": "Reus desconhecidos *", "original_Nº PROCESSO": "39ª VC - Reintegração", "original_DATA DISTRIBUIÇÃO": "12/7/2016", "original_DOL": null, "original_CUSTUS E/OU DEFESA": "não", "original_ENDEREÇO": null, "original_OBS": null, "original_": "registro anterior a minha entrada na unidade (06/2024)não encontrei processo no dol em pesquisa pelo nome", "original__1": null, "original__2": null, "lat": null, "lon": null, "formatted": null, "x": null, "y": null }, "geometry": null },
{ "type": "Feature", "properties": { "original_DEFENSORIA RESPONSÁVEL": "5ª Defensoria ", "original_USUÁRIO/A": "1024475-38.2016.8.26.0100", "original_Nº PROCESSO": "22ª Vara Cível", "original_DATA DISTRIBUIÇÃO": "2/1/2017", "original_DOL": null, "original_CUSTUS E/OU DEFESA": "não", "original_ENDEREÇO": "Rua Treze de Maio, 1045 – Bela Vista – São Paulo", "original_OBS": "Também nº 1051", "original_": "reintegração ocorreu em 05/05/2021 - fls. 785", "original__1": null, "original__2": null, "lat": -23.5624942, "lon": -46.6456652, "formatted": "Rua Treze de Maio 1045, Morro dos Ingleses, São Paulo - SP, 01327-000, Brazil", "VALID": 1, "x": -46.64566722, "y": -23.56246526 }, "geometry": { "type": "Point", "coordinates": [ -46.645667218904478, -23.562465262369301 ] } },
{ "type": "Feature", "properties": { "original_DEFENSORIA RESPONSÁVEL": "6ª Defensoria", "original_USUÁRIO/A": "1013286-37.2014.8.26.0002", "original_Nº PROCESSO": " 44ª Vara Cível", "original_DATA DISTRIBUIÇÃO": "1/30/2017", "original_DOL": null, "original_CUSTUS E/OU DEFESA": "SIM", "original_ENDEREÇO": "Rua Santo Antônio, 850 – Bela Vista – São Paulo", "original_OBS": "Também nº 854", "original_": "ANDAMENTO", "original__1": null, "original__2": null, "lat": -23.552448155132094, "lon": -46.646419112651429, "formatted": "Rua Santo Antônio 850, Bixiga, São Paulo - SP, 01314-000, Brazil", "VALID": 0, "x": -46.64641911, "y": -23.55244816 }, "geometry": { "type": "Point", "coordinates": [ -46.646419112651429, -23.552448155132094 ] } },
{ "type": "Feature", "properties": { "original_DEFENSORIA RESPONSÁVEL": "7ª Defensoria", "original_USUÁRIO/A": "Jose Edmilson Lins *", "original_Nº PROCESSO": "2ª VC - Reintegração", "original_DATA DISTRIBUIÇÃO": "11/25/2016", "original_DOL": null, "original_CUSTUS E/OU DEFESA": "não", "original_ENDEREÇO": null, "original_OBS": null, "original_": "registro anterior a minha entrada na unidade (06/2024)não encontrei processo no dol em pesquisa pelo nome", "original__1": null, "original__2": null, "lat": null, "lon": null, "formatted": null, "x": null, "y": null }, "geometry": null },
{ "type": "Feature", "properties": { "original_DEFENSORIA RESPONSÁVEL": "8ª Defensoria", "original_USUÁRIO/A": "1134208-36.2016.8.26.0100", "original_Nº PROCESSO": "- 22ªVC", "original_DATA DISTRIBUIÇÃO": "11/24/2017", "original_DOL": null, "original_CUSTUS E/OU DEFESA": "não", "original_ENDEREÇO": "Rua Ruy Barbosa, 460 – Centro – São Paulo", "original_OBS": "—", "original_": "ANDAMENTO", "original__1": null, "original__2": null, "lat": -23.3308818, "lon": -46.7225249, "formatted": "Rua Ruy Barbosa 460, Região Central, Franco da Rocha - SP, 07850-040, Brazil", "VALID": 1, "x": -46.64535723, "y": -23.55960173 }, "geometry": { "type": "Point", "coordinates": [ -46.645357233263148, -23.559601727271325 ] } },
{ "type": "Feature", "properties": { "original_DEFENSORIA RESPONSÁVEL": "9ª Defensoria (Fabiana)", "original_USUÁRIO/A": "1088165-75.2015.8.26.0100", "original_Nº PROCESSO": "14ª VC", "original_DATA DISTRIBUIÇÃO": "2/15/2016", "original_DOL": null, "original_CUSTUS E/OU DEFESA": "não", "original_ENDEREÇO": "Rua Presidente Costa Pinto, 164 – Mooca – São Paulo", "original_OBS": "Também nº 168", "original_": "petição informando que a desocupação ocorreu em 25/02/2024 - fls. 292", "original__1": null, "original__2": null, "lat": -23.5669084, "lon": -46.6086604, "formatted": "Rua Presidente Costa Pinto 164, Cambuci, São Paulo - SP, 03107-001, Brazil", "VALID": 1, "x": -46.60843765, "y": -23.56681217 }, "geometry": { "type": "Point", "coordinates": [ -46.608437647540406, -23.566812165553706 ] } },
{ "type": "Feature", "properties": { "original_DEFENSORIA RESPONSÁVEL": "1ª Defensoria (Betânia)", "original_USUÁRIO/A": " 1071761-12.2016.8.26.0100", "original_Nº PROCESSO": "13ª VC", "original_DATA DISTRIBUIÇÃO": "3/10/2017", "original_DOL": null, "original_CUSTUS E/OU DEFESA": "não", "original_ENDEREÇO": "Avenida do Estado, 5269 – Mooca – São Paulo", "original_OBS": "—", "original_": "extinto o processo, sem resolução do mérito", "original__1": null, "original__2": null, "lat": -23.557145959813084, "lon": -46.61874362990654, "formatted": "Avenida do Estado 5269, Cambuci, São Paulo - SP, 03105-003, Brazil", "VALID": 1, "x": -46.61874363, "y": -23.55712392 }, "geometry": { "type": "Point", "coordinates": [ -46.61874362990654, -23.557123922600635 ] } },
{ "type": "Feature", "properties": { "original_DEFENSORIA RESPONSÁVEL": "2ª Defensoria ", "original_USUÁRIO/A": " 1018014-16.2017.8.26.0100", "original_Nº PROCESSO": "14ª VC", "original_DATA DISTRIBUIÇÃO": "3/30/2017", "original_DOL": null, "original_CUSTUS E/OU DEFESA": "não", "original_ENDEREÇO": "Rua Caetano Pinto, 152 – Brás – São Paulo", "original_OBS": "Também nº 156", "original_": "aguardando cumprimento de sentença desde 10/2024", "original__1": null, "original__2": null, "lat": -23.547560096913578, "lon": -46.62194550123457, "formatted": "Rua Caetano Pinto 152, Brás, São Paulo - SP, 03041-000, Brazil", "VALID": 1, "x": -46.6221199, "y": -23.54767542 }, "geometry": { "type": "Point", "coordinates": [ -46.622119897807821, -23.54767542367976 ] } },
{ "type": "Feature", "properties": { "original_DEFENSORIA RESPONSÁVEL": "3ª Defensoria", "original_USUÁRIO/A": "Jose Romildo e outros", "original_Nº PROCESSO": "1036639-98.2017.8.26.0100", "original_DATA DISTRIBUIÇÃO": "6/14/2017", "original_DOL": null, "original_CUSTUS E/OU DEFESA": "não", "original_ENDEREÇO": "Rua Bela Cintra, 702 – Consolação – São Paulo", "original_OBS": "—", "original_": "reintegração ocorreu em 29/09/2018 - fls. 366", "original__1": null, "original__2": null, "lat": -23.5538886, "lon": -46.6590513, "formatted": "Rua Bela Cintra 702, Consolação, São Paulo - SP, 01415-002, Brazil", "VALID": 1, "x": -46.65907385, "y": -23.5538384 }, "geometry": { "type": "Point", "coordinates": [ -46.659073845579854, -23.553838397053234 ] } },
{ "type": "Feature", "properties": { "original_DEFENSORIA RESPONSÁVEL": "4ª Defensoria ", "original_USUÁRIO/A": "Jose Julho Pereira da Silva e outros", "original_Nº PROCESSO": "1095316-92.2015.8.26.0100", "original_DATA DISTRIBUIÇÃO": "6/22/2017", "original_DOL": null, "original_CUSTUS E/OU DEFESA": "não", "original_ENDEREÇO": "Rua Caetano Pinto, 138 – Brás – São Paulo", "original_OBS": "Também nº 140", "original_": "reintegração ocorreu em 23/10/2020 - fls. 771", "original__1": null, "original__2": null, "lat": -23.547454414197531, "lon": -46.622017454320989, "formatted": "Rua Caetano Pinto 138, Brás, São Paulo - SP, 03041-000, Brazil", "VALID": 1, "x": -46.6221581, "y": -23.54750786 }, "geometry": { "type": "Point", "coordinates": [ -46.622158096718771, -23.547507858308688 ] } },
{ "type": "Feature", "properties": { "original_DEFENSORIA RESPONSÁVEL": "5ª Defensoria ", "original_USUÁRIO/A": "Yovas Epreend.Com. Ltda x Sem teto Luta e Invasores não identificados", "original_Nº PROCESSO": "1008761-04.2017.8.26.0100", "original_DATA DISTRIBUIÇÃO": "8/31/2017", "original_DOL": null, "original_CUSTUS E/OU DEFESA": "não", "original_ENDEREÇO": "Rua Doutor Cesário Mota Júnior, 614 – Vila Buarque – São Paulo", "original_OBS": "—", "original_": "reintegração ocorreu em 09/08/2018 - fls. 894", "original__1": null, "original__2": null, "lat": -23.5473754, "lon": -46.6490873, "formatted": "Rua Doutor Cesário Mota Júnior 614, Higienópolis, São Paulo - SP, 01221-020, Brazil", "VALID": 1, "x": -46.64914248, "y": -23.54730945 }, "geometry": { "type": "Point", "coordinates": [ -46.649142483388786, -23.547309449120721 ] } },
{ "type": "Feature", "properties": { "original_DEFENSORIA RESPONSÁVEL": "6ª Defensoria", "original_USUÁRIO/A": "ADEMIR FREITAS E OUTRO", "original_Nº PROCESSO": "1005366-04.2017.8.26.0100", "original_DATA DISTRIBUIÇÃO": "9/26/2017", "original_DOL": null, "original_CUSTUS E/OU DEFESA": "não", "original_ENDEREÇO": "Rua Clímaco Barbosa, 92 – Cambuci – São Paulo", "original_OBS": "Também nº 96", "original_": "ANDAMENTO", "original__1": null, "original__2": null, "lat": -23.563564768817205, "lon": -46.619468522580647, "formatted": "Rua Clímaco Barbosa 92, Cambuci, São Paulo - SP, 01523-000, Brazil", "VALID": 1, "x": -46.61950083, "y": -23.56366437 }, "geometry": { "type": "Point", "coordinates": [ -46.619500825052143, -23.563664368104277 ] } },
{ "type": "Feature", "properties": { "original_DEFENSORIA RESPONSÁVEL": "7ª Defensoria", "original_USUÁRIO/A": "COLETIVIDADE", "original_Nº PROCESSO": "0526707-42.2000.8.26.0100", "original_DATA DISTRIBUIÇÃO": "11/27/2017", "original_DOL": null, "original_CUSTUS E/OU DEFESA": "não", "original_ENDEREÇO": null, "original_OBS": "NÃO LOCALIZEI", "original_": null, "original__1": null, "original__2": null, "lat": null, "lon": null, "formatted": null, "x": null, "y": null }, "geometry": null },
{ "type": "Feature", "properties": { "original_DEFENSORIA RESPONSÁVEL": "8ª Defensoria", "original_USUÁRIO/A": "BEATRIZ e outros (qualificações ignoradas) ", "original_Nº PROCESSO": "1021595-73.2016.8.26.0100", "original_DATA DISTRIBUIÇÃO": "12/1/2017", "original_DOL": null, "original_CUSTUS E/OU DEFESA": "não", "original_ENDEREÇO": "Rua Iraci, 714 – Jardim Paulistano – São Paulo", "original_OBS": "—", "original_": "reintegração ocorreu em 28/03/2020 - fls. 359", "original__1": null, "original__2": null, "lat": -23.576203340601506, "lon": -46.695519637593989, "formatted": "Rua Iraci 714, Jardim Europa, São Paulo - SP, 01457-030, Brazil", "VALID": 1, "x": -46.69550685, "y": -23.57608961 }, "geometry": { "type": "Point", "coordinates": [ -46.695506851199035, -23.576089608983157 ] } },
{ "type": "Feature", "properties": { "original_DEFENSORIA RESPONSÁVEL": "9ª Defensoria (Fabiana)", "original_USUÁRIO/A": "AGDA CHRISTIAN NUNE E OUTRAS", "original_Nº PROCESSO": "1074713-27.2017.8.26.0100", "original_DATA DISTRIBUIÇÃO": "10/9/2017", "original_DOL": null, "original_CUSTUS E/OU DEFESA": "não", "original_ENDEREÇO": "Rua Major Diogo, 834 – Bela Vista – São Paulo", "original_OBS": "Também nº 836", "original_": "petição informando que a desocupação ocorreu em 31/01/2018 - fls. 207", "original__1": null, "original__2": null, "lat": -23.5586142, "lon": -46.6428331, "formatted": "CRAI - Reference center and assistance for immigrants, Rua Major Diogo 834, Bixiga, São Paulo - SP, 01321-010, Brazil", "VALID": 1, "x": -46.64277388, "y": -23.55863102 }, "geometry": { "type": "Point", "coordinates": [ -46.642773878802288, -23.558631024203898 ] } },
{ "type": "Feature", "properties": { "original_DEFENSORIA RESPONSÁVEL": "1ª Defensoria (Betânia)", "original_USUÁRIO/A": "JANAINA CRISTINA DA SILVA E OUTRO", "original_Nº PROCESSO": "1102772-25.2017.8.26.0100", "original_DATA DISTRIBUIÇÃO": "2/8/2018", "original_DOL": null, "original_CUSTUS E/OU DEFESA": "não", "original_ENDEREÇO": "Rua João Brícola, 59 – Centro – São Paulo", "original_OBS": "Também nº 67", "original_": "reintegração ocorreu em  08/05/2018 - fls. 295", "original__1": null, "original__2": null, "lat": -23.5453734, "lon": -46.6339346, "formatted": "Rua João Brícola 59, Glicério, São Paulo - SP, 01014-010, Brazil", "VALID": 1, "x": -46.63389253, "y": -23.54523316 }, "geometry": { "type": "Point", "coordinates": [ -46.63389252895805, -23.545233163193501 ] } },
{ "type": "Feature", "properties": { "original_DEFENSORIA RESPONSÁVEL": "2ª Defensoria ", "original_USUÁRIO/A": "INVASORES \" CUSTOS PLEBIS\"", "original_Nº PROCESSO": "1004424-35.2018.8.26.0100", "original_DATA DISTRIBUIÇÃO": "2/15/2018", "original_DOL": null, "original_CUSTUS E/OU DEFESA": "não", "original_ENDEREÇO": "Rua Aurora, 974 – Centro – São Paulo", "original_OBS": "Também nº 978; DUPLICADO no bloco", "original_": "reintegração ocorreu em 23/05/2018 - fls. 239", "original__1": null, "original__2": null, "lat": -23.5428762, "lon": -46.6448801, "formatted": "Rua Aurora 974, Vila Buarque, São Paulo - SP, 01209-002, Brazil", "VALID": 1, "x": -46.64498071, "y": -23.54272916 }, "geometry": { "type": "Point", "coordinates": [ -46.644980708739304, -23.542729156457924 ] } },
{ "type": "Feature", "properties": { "original_DEFENSORIA RESPONSÁVEL": "3ª Defensoria", "original_USUÁRIO/A": "OCUPANTES \" CUSTOS PLEBIS\"", "original_Nº PROCESSO": "1058211-13.2017.8.26.0100", "original_DATA DISTRIBUIÇÃO": "2/23/2018", "original_DOL": null, "original_CUSTUS E/OU DEFESA": "sim", "original_ENDEREÇO": "Rua Dias Leme, 320 – São Paulo", "original_OBS": "—", "original_": "ANDAMENTO", "original__1": null, "original__2": null, "lat": -23.5619425, "lon": -46.594449, "formatted": "Rua Dias Leme 320, Parque da Mooca, São Paulo - SP, 03117-000, Brazil", "VALID": 1, "x": -46.59421884, "y": -23.56171504 }, "geometry": { "type": "Point", "coordinates": [ -46.594218844890676, -23.561715036763307 ] } },
{ "type": "Feature", "properties": { "original_DEFENSORIA RESPONSÁVEL": "4ª Defensoria ", "original_USUÁRIO/A": "INVASORES \" CUSTOS PLEBIS\"", "original_Nº PROCESSO": "1026725-10.2017.8.26.0100", "original_DATA DISTRIBUIÇÃO": "2/26/2018", "original_DOL": null, "original_CUSTUS E/OU DEFESA": "sim", "original_ENDEREÇO": "Largo São José do Belém, 144 – Belenzinho – São Paulo – CEP 03057-040", "original_OBS": "Também nº 146", "original_": "reintegração ocorreu em 02/04/2018 - fls. 89", "original__1": null, "original__2": null, "lat": -23.5416071, "lon": -46.5943938, "formatted": "Largo São José do Belém 144, Belém, São Paulo - SP, 03057-040, Brazil", "VALID": 1, "x": -46.59433971, "y": -23.54169325 }, "geometry": { "type": "Point", "coordinates": [ -46.59433970866035, -23.541693245466853 ] } },
{ "type": "Feature", "properties": { "original_DEFENSORIA RESPONSÁVEL": "5ª Defensoria ", "original_USUÁRIO/A": "INVASORES \" CUSTOS PLEBIS\"", "original_Nº PROCESSO": "1001388-82.2018.8.26.0100", "original_DATA DISTRIBUIÇÃO": "2/26/2018", "original_DOL": null, "original_CUSTUS E/OU DEFESA": "sim", "original_ENDEREÇO": "Rua Siqueira Bueno, 1193 – Mooca – São Paulo – CEP 03173-050", "original_OBS": "—", "original_": "reintegração ocorreu em 22/03/2019 - fls. 277", "original__1": null, "original__2": null, "lat": -23.548480595121951, "lon": -46.589737136585363, "formatted": "Rua Siqueira Bueno 1193, Mooca, São Paulo - SP, 03173-010, Brazil", "VALID": 1, "x": -46.58969137, "y": -23.54848463 }, "geometry": { "type": "Point", "coordinates": [ -46.589691374750764, -23.548484632930887 ] } },
{ "type": "Feature", "properties": { "original_DEFENSORIA RESPONSÁVEL": "6ª Defensoria", "original_USUÁRIO/A": "INVASORES \" CUSTOS PLEBIS\"", "original_Nº PROCESSO": "1082118-17.2017.8.26.0100", "original_DATA DISTRIBUIÇÃO": "3/12/2018", "original_DOL": null, "original_CUSTUS E/OU DEFESA": "sim", "original_ENDEREÇO": "Rua Luiz Pacheco, 249 – Luz – São Paulo – CEP 01107-010", "original_OBS": "—", "original_": "petição informando que a desocupação ocorreu (05/03/2018) - fls. 172", "original__1": null, "original__2": null, "lat": -19.793678, "lon": -45.68086, "formatted": "Luz, Minas Gerais, Brazil", "VALID": 1, "x": -46.62626308, "y": -23.525885 }, "geometry": { "type": "Point", "coordinates": [ -46.626263078830796, -23.525885001562642 ] } },
{ "type": "Feature", "properties": { "original_DEFENSORIA RESPONSÁVEL": "7ª Defensoria", "original_USUÁRIO/A": "INVASORES \" CUSTOS PLEBIS\"", "original_Nº PROCESSO": "1076268-79.2017.8.26.0100", "original_DATA DISTRIBUIÇÃO": "3/12/2018", "original_DOL": null, "original_CUSTUS E/OU DEFESA": "sim", "original_ENDEREÇO": "Rua Dr. Rafael de Barros, 584 – Vila Mariana – São Paulo", "original_OBS": "DUPLICADO no bloco", "original_": "reintegração ocorreu em 11/04/2019 - fls. 281", "original__1": null, "original__2": null, "lat": -23.573921600462022, "lon": -46.649747857181154, "formatted": "Rua Doutor Rafael de Barros 584, Paraíso, Vila Mariana, São Paulo - SP, 04003-040, Brazil", "VALID": 1, "x": -46.64972565, "y": -23.57377422 }, "geometry": { "type": "Point", "coordinates": [ -46.649725649232025, -23.57377422043588 ] } },
{ "type": "Feature", "properties": { "original_DEFENSORIA RESPONSÁVEL": "8ª Defensoria", "original_USUÁRIO/A": "OCUPANTES \" CUSTOS PLEBIS\"", "original_Nº PROCESSO": "1004787-22.2018.8.26.0100", "original_DATA DISTRIBUIÇÃO": "5/8/2018", "original_DOL": null, "original_CUSTUS E/OU DEFESA": "sim", "original_ENDEREÇO": "Avenida Angélica, 651 – Higienópolis – São Paulo", "original_OBS": "—", "original_": "petição informando que a desocupação ocorreu (19/07/2019) - fls. 400", "original__1": null, "original__2": null, "lat": -23.5386564, "lon": -46.6547589, "formatted": "Avenida Angélica 651, Santa Cecília, São Paulo - SP, 01227-000, Brazil", "VALID": 1, "x": -46.65468292, "y": -23.53867271 }, "geometry": { "type": "Point", "coordinates": [ -46.654682919600575, -23.538672711434568 ] } },
{ "type": "Feature", "properties": { "original_DEFENSORIA RESPONSÁVEL": "9ª Defensoria (Fabiana)", "original_USUÁRIO/A": "SMTC", "original_Nº PROCESSO": "1102594-76.2017.8.26.0100", "original_DATA DISTRIBUIÇÃO": "3/28/2018", "original_DOL": null, "original_CUSTUS E/OU DEFESA": "sim", "original_ENDEREÇO": "Avenida Casper Líbero, 464 – Centro – São Paulo – CEP 01033-000", "original_OBS": "—", "original_": "reintegração ocorreu em 02/12/2017 - fls. 565", "original__1": null, "original__2": null, "lat": -23.5374419, "lon": -46.6356791, "formatted": "Avenida Cásper Líbero 464, Santa Ifigênia, São Paulo - SP, 01033-000, Brazil", "VALID": 1, "x": -46.6356791, "y": -23.5374419 }, "geometry": { "type": "Point", "coordinates": [ -46.6356791, -23.5374419 ] } },
{ "type": "Feature", "properties": { "original_DEFENSORIA RESPONSÁVEL": "1ª Defensoria (Betânia)", "original_USUÁRIO/A": "CRISTIANE FERNANDES DA SILVA", "original_Nº PROCESSO": "1127458-81.2017.8.26.0100", "original_DATA DISTRIBUIÇÃO": "4/18/2018", "original_DOL": null, "original_CUSTUS E/OU DEFESA": "sim", "original_ENDEREÇO": "Rua Prates, 682 – Bom Retiro – São Paulo – CEP 01121-000", "original_OBS": "Grafia original “ua Prates”", "original_": "homologação de acordo para saíem do imóvel qté 31/10/208. Não há informação de foi cumprido", "original__1": null, "original__2": null, "lat": -23.528039641860463, "lon": -46.635356039534884, "formatted": "Rua Prates 682, Bairro da Luz, São Paulo - SP, 01121-000, Brazil", "VALID": 1, "x": -46.63538234, "y": -23.52808155 }, "geometry": { "type": "Point", "coordinates": [ -46.635382335862808, -23.528081551633118 ] } },
{ "type": "Feature", "properties": { "original_DEFENSORIA RESPONSÁVEL": "2ª Defensoria ", "original_USUÁRIO/A": "EVA LUCIA GONÇALVES ", "original_Nº PROCESSO": "1014794-73.2018.8.26.0100", "original_DATA DISTRIBUIÇÃO": "4/10/2018", "original_DOL": null, "original_CUSTUS E/OU DEFESA": "sim", "original_ENDEREÇO": "Rua João Moura, 425 – Pinheiros – São Paulo – CEP 05412-001", "original_OBS": "DUPLICADO no bloco", "original_": "reintegração ocorreu em 23/01/2019 - fls. 374", "original__1": null, "original__2": null, "lat": -23.5615325, "lon": -46.6770426, "formatted": "Rua João Moura 425, Jardim Paulista, São Paulo - SP, 05412-001, Brazil", "VALID": 1, "x": -46.67707054, "y": -23.56153003 }, "geometry": { "type": "Point", "coordinates": [ -46.677070539848444, -23.561530034719254 ] } },
{ "type": "Feature", "properties": { "original_DEFENSORIA RESPONSÁVEL": "3ª Defensoria", "original_USUÁRIO/A": "NIRELE DOS SANTOS FRANCA", "original_Nº PROCESSO": "1029728-36.2018.8.26.0100", "original_DATA DISTRIBUIÇÃO": "4/10/2018", "original_DOL": null, "original_CUSTUS E/OU DEFESA": "sim", "original_ENDEREÇO": "Avenida Nove de Julho, 208 – Consolação – São Paulo – CEP 01233-001", "original_OBS": "Também nº 2016", "original_": "reintegração ocorreu em 11/04/2018 - fls. 612", "original__1": null, "original__2": null, "lat": -23.5494171, "lon": -46.641847, "formatted": "Avenida Nove de Julho 208, Vila Bela Vista, São Paulo - SP, 01050-070, Brazil", "VALID": 1, "x": -46.64069654, "y": -23.54874572 }, "geometry": { "type": "Point", "coordinates": [ -46.640696535652538, -23.548745721877228 ] } },
{ "type": "Feature", "properties": { "original_DEFENSORIA RESPONSÁVEL": "5ª Defensoria ", "original_USUÁRIO/A": "KARINA CRISTINA DOS SANTOS, FRANCISCO RAFAEL GONZALEZ DA SILVA PEREIRA E SIMONE SILVA CIRIACO", "original_Nº PROCESSO": "1076268-79.2017.8.26.0100", "original_DATA DISTRIBUIÇÃO": "4/23/2018", "original_DOL": null, "original_CUSTUS E/OU DEFESA": "sim", "original_ENDEREÇO": "Rua Dr. Rafael de Barros, 584 – Vila Mariana – São Paulo", "original_OBS": "DUPLICADO no bloco", "original_": "reintegração ocorreu em 11/04/2019 - fls. 281", "original__1": null, "original__2": null, "lat": -23.573921600462022, "lon": -46.649747857181154, "formatted": "Rua Doutor Rafael de Barros 584, Paraíso, Vila Mariana, São Paulo - SP, 04003-040, Brazil", "VALID": 1, "x": -46.64972565, "y": -23.57377422 }, "geometry": { "type": "Point", "coordinates": [ -46.649725649232025, -23.57377422043588 ] } },
{ "type": "Feature", "properties": { "original_DEFENSORIA RESPONSÁVEL": "6ª Defensoria", "original_USUÁRIO/A": "FERNANDA DANIELA DOS SANTOS", "original_Nº PROCESSO": "1004424-35.2018.8.26.0100", "original_DATA DISTRIBUIÇÃO": "4/24/2018", "original_DOL": null, "original_CUSTUS E/OU DEFESA": "sim", "original_ENDEREÇO": "Rua Aurora, 974 – Centro – São Paulo", "original_OBS": "Também nº 978; DUPLICADO no bloco", "original_": "julgado procedente. Houve resp mas não há cumprimento,", "original__1": null, "original__2": null, "lat": -23.5428762, "lon": -46.6448801, "formatted": "Rua Aurora 974, Vila Buarque, São Paulo - SP, 01209-002, Brazil", "VALID": 1, "x": -46.64498071, "y": -23.54272916 }, "geometry": { "type": "Point", "coordinates": [ -46.644980708739304, -23.542729156457924 ] } },
{ "type": "Feature", "properties": { "original_DEFENSORIA RESPONSÁVEL": "7ª Defensoria", "original_USUÁRIO/A": "OCUPANTES \" CUSTOS PLEBIS\"", "original_Nº PROCESSO": "1123948-65.2014.8.26.0100", "original_DATA DISTRIBUIÇÃO": "5/9/2018", "original_DOL": null, "original_CUSTUS E/OU DEFESA": "sim", "original_ENDEREÇO": "Rua Santo Antônio, 941 – Bela Vista – São Paulo – CEP 01314-001", "original_OBS": "—", "original_": "reintegração ocorreu em 29/06/2019 - fls. 459", "original__1": null, "original__2": null, "lat": -23.5531004006695, "lon": -46.646877051345648, "formatted": "Rua Santo Antônio 941, Bixiga, São Paulo - SP, 01314-001, Brazil", "VALID": 1, "x": -46.64685733, "y": -23.55318217 }, "geometry": { "type": "Point", "coordinates": [ -46.646857329099703, -23.553182165814196 ] } },
{ "type": "Feature", "properties": { "original_DEFENSORIA RESPONSÁVEL": "8ª Defensoria", "original_USUÁRIO/A": "OCUPANTES \" CUSTOS PLEBIS\"", "original_Nº PROCESSO": "1124354-18.2016.8.26.0100", "original_DATA DISTRIBUIÇÃO": "5/11/2018", "original_DOL": null, "original_CUSTUS E/OU DEFESA": "sim", "original_ENDEREÇO": "Rua Rio Bonito, 1769 – Belém – São Paulo – CEP 03023-000", "original_OBS": "—", "original_": "petição informando que a desocupação ocorreu (17/04/2019) - fls. 250", "original__1": null, "original__2": null, "lat": -23.5314311, "lon": -46.6184137, "formatted": "Rua Rio Bonito 1769, Canindé, São Paulo - SP, 03023-000, Brazil", "VALID": 1, "x": -46.61837343, "y": -23.53142247 }, "geometry": { "type": "Point", "coordinates": [ -46.618373433747848, -23.531422471517391 ] } },
{ "type": "Feature", "properties": { "original_DEFENSORIA RESPONSÁVEL": "9ª Defensoria (Fabiana)", "original_USUÁRIO/A": "OCUPANTES \" CUSTOS PLEBIS\"", "original_Nº PROCESSO": "1048811-38.2018.8.26.0100", "original_DATA DISTRIBUIÇÃO": "5/17/2018", "original_DOL": null, "original_CUSTUS E/OU DEFESA": "sim", "original_ENDEREÇO": "Rua Peixoto Gomide, 1830 – São Paulo", "original_OBS": "Aptos 21 e 31", "original_": "ANDAMENTO", "original__1": null, "original__2": null, "lat": -23.5673244, "lon": -46.6639228, "formatted": "Rua Peixoto Gomide 1830, Jardins, São Paulo - SP, 01409-002, Brazil", "VALID": 1, "x": -46.6639228, "y": -23.5673244 }, "geometry": { "type": "Point", "coordinates": [ -46.6639228, -23.5673244 ] } },
{ "type": "Feature", "properties": { "original_DEFENSORIA RESPONSÁVEL": "1ª Defensoria (Betânia)", "original_USUÁRIO/A": "OCUPANTES \" CUSTOS PLEBIS\"", "original_Nº PROCESSO": "1014794-73.2018.8.26.0100", "original_DATA DISTRIBUIÇÃO": "5/29/2018", "original_DOL": null, "original_CUSTUS E/OU DEFESA": "sim", "original_ENDEREÇO": "Rua João Moura, 425 – Pinheiros – São Paulo – CEP 05412-001", "original_OBS": "DUPLICADO no bloco", "original_": "reintegração ocorreu em 23/01/2019 - fls. 374", "original__1": null, "original__2": null, "lat": -23.5615325, "lon": -46.6770426, "formatted": "Rua João Moura 425, Jardim Paulista, São Paulo - SP, 05412-001, Brazil", "VALID": 1, "x": -46.67707054, "y": -23.56153003 }, "geometry": { "type": "Point", "coordinates": [ -46.677070539848444, -23.561530034719254 ] } },
{ "type": "Feature", "properties": { "original_DEFENSORIA RESPONSÁVEL": "2ª Defensoria ", "original_USUÁRIO/A": "OCUPANTES \" CUSTOS PLEBIS\"", "original_Nº PROCESSO": "1021195-59.2016.8.26.0100", "original_DATA DISTRIBUIÇÃO": "7/19/2018", "original_DOL": null, "original_CUSTUS E/OU DEFESA": "sim", "original_ENDEREÇO": "Avenida São João, 104 – Centro – São Paulo – CEP 01036-000", "original_OBS": "—", "original_": "ANDAMENTO", "original__1": null, "original__2": null, "lat": -23.5448219, "lon": -46.6356337, "formatted": "Avenida São João 104, Glicério, São Paulo - SP, 01036-000, Brazil", "VALID": 1, "x": -46.63555423, "y": -23.54479966 }, "geometry": { "type": "Point", "coordinates": [ -46.635554232476316, -23.544799662449254 ] } },
{ "type": "Feature", "properties": { "original_DEFENSORIA RESPONSÁVEL": "3ª Defensoria ", "original_USUÁRIO/A": "OCUPANTES \"CUSTOS VULNERABILIS\"", "original_Nº PROCESSO": "1072737-48.2018.8.26.0100", "original_DATA DISTRIBUIÇÃO": "8/7/2018", "original_DOL": null, "original_CUSTUS E/OU DEFESA": "sim", "original_ENDEREÇO": "Rua João Moura, 739 – São Paulo", "original_OBS": "Também nº 741 e 743", "original_": "sentença procedente mas não há cumprimento", "original__1": null, "original__2": null, "lat": -23.5591063, "lon": -46.6787239, "formatted": "Rua João Moura 739, Jardim Paulista, São Paulo - SP, 05412-001, Brazil", "VALID": 1, "x": -46.67873705, "y": -23.5591215 }, "geometry": { "type": "Point", "coordinates": [ -46.678737048163981, -23.559121502564594 ] } },
{ "type": "Feature", "properties": { "original_DEFENSORIA RESPONSÁVEL": "4ª Defensoria ", "original_USUÁRIO/A": "OCUPANTES \" CUSTOS PLEBIS\"", "original_Nº PROCESSO": "1028378-47.2017.8.26.0100", "original_DATA DISTRIBUIÇÃO": "7/4/2018", "original_DOL": null, "original_CUSTUS E/OU DEFESA": "sim", "original_ENDEREÇO": "Avenida Conselheiro Rodrigues Alves, 100 – Vila Mariana – São Paulo", "original_OBS": "Também nº 203", "original_": "ANDAMENTO", "original__1": null, "original__2": null, "lat": -23.582040003810377, "lon": -46.639638867587301, "formatted": "Avenida Conselheiro Rodrigues Alves 100, Vila Mariana, São Paulo - SP, 04012-120, Brazil", "VALID": 1, "x": -46.63972104, "y": -23.58194756 }, "geometry": { "type": "Point", "coordinates": [ -46.63972104361212, -23.581947555782456 ] } },
{ "type": "Feature", "properties": { "original_DEFENSORIA RESPONSÁVEL": "5ª Defensoria ", "original_USUÁRIO/A": "OCUPANTES \" CUSTOS PLEBIS\"", "original_Nº PROCESSO": "1101120-36.2018.8.26.0100", "original_DATA DISTRIBUIÇÃO": "10/4/2018", "original_DOL": null, "original_CUSTUS E/OU DEFESA": "sim", "original_ENDEREÇO": "Rua Anhanguera, 11 – Barra Funda – São Paulo", "original_OBS": "—", "original_": "petição informando que a desocupação ocorreu (22/01/2019) - fls. 143", "original__1": null, "original__2": null, "lat": -23.5278001, "lon": -46.6527275, "formatted": "Rua Anhanguera 11, Campos Elísios, São Paulo - SP, 01135-000, Brazil", "VALID": 1, "x": -46.65288692, "y": -23.52777298 }, "geometry": { "type": "Point", "coordinates": [ -46.652886921488147, -23.527772981911809 ] } },
{ "type": "Feature", "properties": { "original_DEFENSORIA RESPONSÁVEL": "6ª Defensoria", "original_USUÁRIO/A": "OCUPANTES \" CUSTOS PLEBIS\"", "original_Nº PROCESSO": "1069964-30.2018.8.26.0100", "original_DATA DISTRIBUIÇÃO": "10/9/2018", "original_DOL": null, "original_CUSTUS E/OU DEFESA": "sim", "original_ENDEREÇO": "Rua Santa Rosa, 283 – Brás – São Paulo", "original_OBS": "—", "original_": "petição informando que a desocupação ocorreu (04/03/2024) - fls. 1.678", "original__1": null, "original__2": null, "lat": -23.540654, "lon": -46.626831, "formatted": "Rua Santa Rosa 283, Brás, São Paulo - SP, 03007-040, Brazil", "VALID": 1, "x": -46.62698056, "y": -23.5405595 }, "geometry": { "type": "Point", "coordinates": [ -46.626980560365176, -23.540559497571458 ] } },
{ "type": "Feature", "properties": { "original_DEFENSORIA RESPONSÁVEL": "7ª Defensoria", "original_USUÁRIO/A": "OCUPANTES \" CUSTOS PLEBIS\"", "original_Nº PROCESSO": "1105200-77.2017.8.26.0100", "original_DATA DISTRIBUIÇÃO": "10/22/2018", "original_DOL": null, "original_CUSTUS E/OU DEFESA": "sim", "original_ENDEREÇO": "Rua Doutor Carvalho de Mendonça, 106 – São Paulo", "original_OBS": "Também nº 108 e 110", "original_": "reintegração ocorreu em 02/07/2018 - fls. 146", "original__1": null, "original__2": null, "lat": -23.5339894, "lon": -46.6501063, "formatted": "Rua Doutor Carvalho de Mendonça 106, Campos Elísios, São Paulo - SP, 01201-010, Brazil", "VALID": 1, "x": -46.65007179, "y": -23.53412006 }, "geometry": { "type": "Point", "coordinates": [ -46.650071786069574, -23.534120059879463 ] } },
{ "type": "Feature", "properties": { "original_DEFENSORIA RESPONSÁVEL": "8ª Defensoria (Luisa)", "original_USUÁRIO/A": "OCUPANTES \" CUSTOS PLEBIS\"", "original_Nº PROCESSO": "1007948-74.2017.8.26.0100", "original_DATA DISTRIBUIÇÃO": "11/22/2018", "original_DOL": null, "original_CUSTUS E/OU DEFESA": "sim", "original_ENDEREÇO": "Avenida Celso Garcia, 804 – São Paulo", "original_OBS": "—", "original_": "petição informando que a desocupação ocorreu (26/04/2024) - fls. 925", "original__1": null, "original__2": null, "lat": -23.538835187499998, "lon": -46.6046294625, "formatted": "Avenida Celso Garcia 804, Belém, São Paulo - SP, 03014-000, Brazil", "VALID": 1, "x": -46.60470835, "y": -23.5388508 }, "geometry": { "type": "Point", "coordinates": [ -46.604708351483829, -23.538850800944715 ] } },
{ "type": "Feature", "properties": { "original_DEFENSORIA RESPONSÁVEL": "9ª Defensoria", "original_USUÁRIO/A": "OCUPANTES \" CUSTOS PLEBIS\"", "original_Nº PROCESSO": "1010926-24.2017.8.26.0100", "original_DATA DISTRIBUIÇÃO": "11/28/2018", "original_DOL": null, "original_CUSTUS E/OU DEFESA": "sim", "original_ENDEREÇO": "Praça Anápolis, 48 – Vila Mariana – São Paulo", "original_OBS": "—", "original_": "ANDAMENTO", "original__1": null, "original__2": null, "lat": -23.5818978, "lon": -46.6286486, "formatted": "Praça Anápolis 48, Jardim da Glória, Vila Mariana, São Paulo - SP, 04112-070, Brazil", "VALID": 1, "x": -46.62865024, "y": -23.58187726 }, "geometry": { "type": "Point", "coordinates": [ -46.628650243520497, -23.581877255993795 ] } },
{ "type": "Feature", "properties": { "original_DEFENSORIA RESPONSÁVEL": "1ª Defensoria (Betânia)", "original_USUÁRIO/A": "OCUPANTES \" CUSTOS PLEBIS\"", "original_Nº PROCESSO": "1067214-55.2018.8.26.0100", "original_DATA DISTRIBUIÇÃO": "11/28/2018", "original_DOL": null, "original_CUSTUS E/OU DEFESA": "sim", "original_ENDEREÇO": "Rua Coronel Mursa, 160 – Brás – São Paulo", "original_OBS": "—", "original_": "reintegração ocorreu em 30/11/2020 - fls. 342", "original__1": null, "original__2": null, "lat": -23.5488441, "lon": -46.6165731, "formatted": "Rua Coronel Mursa 160, Brás, São Paulo - SP, 03043-020, Brazil", "VALID": 1, "x": -46.61643669, "y": -23.54896572 }, "geometry": { "type": "Point", "coordinates": [ -46.616436687798796, -23.548965720516733 ] } },
{ "type": "Feature", "properties": { "original_DEFENSORIA RESPONSÁVEL": "2ª Defensoria ", "original_USUÁRIO/A": "OCUPANTES \" CUSTOS PLEBIS\"", "original_Nº PROCESSO": "1113722-59.2018.8.26.0100", "original_DATA DISTRIBUIÇÃO": "12/5/2018", "original_DOL": null, "original_CUSTUS E/OU DEFESA": "sim", "original_ENDEREÇO": "Avenida Lacerda Franco, 446 – Cambuci – São Paulo", "original_OBS": "—", "original_": "reintegração ocorreu em 05/12/2018 - fls. 89", "original__1": null, "original__2": null, "lat": -23.566476348571427, "lon": -46.623096945714288, "formatted": "Avenida Lacerda Franco 446, Aclimação, São Paulo - SP, 01536-000, Brazil", "VALID": 1, "x": -46.62326294, "y": -23.56641431 }, "geometry": { "type": "Point", "coordinates": [ -46.623262941284423, -23.566414305672687 ] } },
{ "type": "Feature", "properties": { "original_DEFENSORIA RESPONSÁVEL": "3ª Defensoria", "original_USUÁRIO/A": "OCUPANTES \" CUSTOS PLEBIS\"", "original_Nº PROCESSO": "1111174-66.2015.8.26.0100", "original_DATA DISTRIBUIÇÃO": "12/10/2018", "original_DOL": null, "original_CUSTUS E/OU DEFESA": "sim", "original_ENDEREÇO": "Rua Cavalheiro, 413 – São Paulo – CEP 03050-010", "original_OBS": "1º, 2º, 3º e 4º andares", "original_": "petição informando que a desocupação ocorreu (01/06/2020)- fls. 722", "original__1": null, "original__2": null, "lat": -23.541858, "lon": -46.612588, "formatted": "Rua Cavalheiro 413, Brás, São Paulo - Southeast, 03050-010, Brazil", "VALID": 1, "x": -46.61263895, "y": -23.54167146 }, "geometry": { "type": "Point", "coordinates": [ -46.612638949135388, -23.541671460423661 ] } },
{ "type": "Feature", "properties": { "original_DEFENSORIA RESPONSÁVEL": "4ª Defensoria ", "original_USUÁRIO/A": "OCUPANTES \" CUSTOS PLEBIS\"", "original_Nº PROCESSO": "1119600-62.2018.8.26.0100", "original_DATA DISTRIBUIÇÃO": "4/3/2019", "original_DOL": null, "original_CUSTUS E/OU DEFESA": "sim", "original_ENDEREÇO": "Rua Coronel Antonio Marcelo, 237 – Belenzinho – São Paulo – CEP 03054-040", "original_OBS": "Também nº 239 e 241; fundos, casas 01 e 03", "original_": "reintegração ocorreu em 22/04/2019 - fls. 102", "original__1": null, "original__2": null, "lat": -23.5434432, "lon": -46.6076728, "formatted": "Rua Coronel Antônio Marcelo 237, Brás, São Paulo - SP, 03053-010, Brazil", "VALID": 1, "x": -46.60768266, "y": -23.54352455 }, "geometry": { "type": "Point", "coordinates": [ -46.607682661122979, -23.543524554264572 ] } },
{ "type": "Feature", "properties": { "original_DEFENSORIA RESPONSÁVEL": "5ª Defensoria ", "original_USUÁRIO/A": "OCUPANTES \" CUSTOS PLEBIS\"", "original_Nº PROCESSO": "1123889-38.2018.8.26.0100", "original_DATA DISTRIBUIÇÃO": "5/31/2019", "original_DOL": null, "original_CUSTUS E/OU DEFESA": "sim", "original_ENDEREÇO": null, "original_OBS": "Petição informando desocupação em 01/06/2020 – fls. 722", "original_": "petição informando que a desocupação ocorreu (10/03/2020)- fls. 727", "original__1": null, "original__2": null, "lat": null, "lon": null, "formatted": null, "x": null, "y": null }, "geometry": null },
{ "type": "Feature", "properties": { "original_DEFENSORIA RESPONSÁVEL": "6ª Defensoria", "original_USUÁRIO/A": "OCUPANTES \" CUSTOS PLEBIS\"", "original_Nº PROCESSO": "1124284-30.2018.8.26.0100", "original_DATA DISTRIBUIÇÃO": "2/7/2019", "original_DOL": null, "original_CUSTUS E/OU DEFESA": "sim", "original_ENDEREÇO": "Rua Mituto Mizumoto, 412 – Liberdade – São Paulo", "original_OBS": "—", "original_": "ANDAMENTO", "original__1": null, "original__2": null, "lat": -23.5575175, "lon": -46.6322403, "formatted": "Rua Mituto Mizumoto 412, Liberdade, São Paulo - SP, 01513-020, Brazil", "VALID": 1, "x": -46.63189187, "y": -23.55745012 }, "geometry": { "type": "Point", "coordinates": [ -46.631891873654759, -23.557450115659645 ] } },
{ "type": "Feature", "properties": { "original_DEFENSORIA RESPONSÁVEL": "7ª Defensoria", "original_USUÁRIO/A": "OCUPANTES \" CUSTOS PLEBIS\"", "original_Nº PROCESSO": "1001077-91.2018.8.26.0100", "original_DATA DISTRIBUIÇÃO": "2/7/2019", "original_DOL": null, "original_CUSTUS E/OU DEFESA": "sim", "original_ENDEREÇO": "Alameda Nothmann, 915 – Campos Elíseos – São Paulo", "original_OBS": "Também nº 919", "original_": "petição informando que a desocupação ocorreu (27/02/2024)- fls. 973", "original__1": null, "original__2": null, "lat": -23.5347859, "lon": -46.6493291, "formatted": "Alameda Nothmann 915, Campos Elísios, São Paulo - SP, 01216-001, Brazil", "VALID": 1, "x": -46.64933567, "y": -23.53466592 }, "geometry": { "type": "Point", "coordinates": [ -46.649335674081996, -23.534665923003761 ] } },
{ "type": "Feature", "properties": { "original_DEFENSORIA RESPONSÁVEL": "8ª Defensoria (Luisa)", "original_USUÁRIO/A": "OCUPANTES \" CUSTOS PLEBIS\"", "original_Nº PROCESSO": "1064272-21.2016.8.26.0100", "original_DATA DISTRIBUIÇÃO": "2/15/2019", "original_DOL": null, "original_CUSTUS E/OU DEFESA": "sim", "original_ENDEREÇO": "Avenida Dom Pedro I, 1028 – Ipiranga – São Paulo – CEP 01552-000", "original_OBS": "—", "original_": "ANDAMENTO", "original__1": null, "original__2": null, "lat": -23.574539805263157, "lon": -46.61096370526316, "formatted": "Avenida Dom Pedro I 1028, Vila Monumento, Ipiranga, São Paulo - SP, 01552-000, Brazil", "VALID": 1, "x": -46.61120777, "y": -23.5743282 }, "geometry": { "type": "Point", "coordinates": [ -46.611207768056879, -23.574328201999251 ] } },
{ "type": "Feature", "properties": { "original_DEFENSORIA RESPONSÁVEL": "9ª Defensoria", "original_USUÁRIO/A": "OCUPANTES \" CUSTOS PLEBIS\"", "original_Nº PROCESSO": "1102195-13.2018.8.26.0100", "original_DATA DISTRIBUIÇÃO": "2/25/2019", "original_DOL": null, "original_CUSTUS E/OU DEFESA": "sim", "original_ENDEREÇO": "Rua Inácio de Araújo, 185 – Brás – São Paulo – CEP 03053-010", "original_OBS": "—", "original_": "ANDAMENTO", "original__1": null, "original__2": null, "lat": -23.54477, "lon": -46.6073, "formatted": "Rua Inacio De Araujo 185, Brás, São Paulo - Southeast, 03053-010, Brazil", "VALID": 1, "x": -46.60726549, "y": -23.544687 }, "geometry": { "type": "Point", "coordinates": [ -46.607265486069579, -23.544687002214932 ] } },
{ "type": "Feature", "properties": { "original_DEFENSORIA RESPONSÁVEL": "1ª Defensoria (Betânia)", "original_USUÁRIO/A": "OCUPANTES \" CUSTOS PLEBIS\"", "original_Nº PROCESSO": "1020683-71.2019.8.26.0100", "original_DATA DISTRIBUIÇÃO": "1/29/2019", "original_DOL": null, "original_CUSTUS E/OU DEFESA": "sim", "original_ENDEREÇO": "Rua do Hipódromo, 1006 – São Paulo", "original_OBS": "—", "original_": "reintegração ocorreu em 15/10/2020 - fls. 384", "original__1": null, "original__2": null, "lat": -23.547828242048698, "lon": -46.606876505064299, "formatted": "Rua do Hipódromo 1006, Mooca, São Paulo - SP, 03164-140, Brazil", "VALID": 1, "x": -46.60691858, "y": -23.5479224 }, "geometry": { "type": "Point", "coordinates": [ -46.606918576106253, -23.547922401047352 ] } },
{ "type": "Feature", "properties": { "original_DEFENSORIA RESPONSÁVEL": "3ª Defensoria", "original_USUÁRIO/A": "OCUPANTES \" CUSTOS PLEBIS\"", "original_Nº PROCESSO": "1037000-47.2019.8.26.0100", "original_DATA DISTRIBUIÇÃO": "5/23/2019", "original_DOL": null, "original_CUSTUS E/OU DEFESA": "sim", "original_ENDEREÇO": "Avenida Lins de Vasconcelos, 3340 – Vila Mariana – São Paulo", "original_OBS": "—", "original_": "ANDAMENTO", "original__1": null, "original__2": null, "lat": -23.588886049180516, "lon": -46.633000935293637, "formatted": "Avenida Lins de Vasconcelos 3340, Jardim da Glória, Vila Mariana, São Paulo - SP, 01545-000, Brazil", "VALID": 1, "x": -46.63311434, "y": -23.58878004 }, "geometry": { "type": "Point", "coordinates": [ -46.633114338207889, -23.588780042108496 ] } },
{ "type": "Feature", "properties": { "original_DEFENSORIA RESPONSÁVEL": "4ª Defensoria ", "original_USUÁRIO/A": "OCUPANTES \" CUSTOS PLEBIS\"", "original_Nº PROCESSO": "1100660-83.2017.8.26.0100", "original_DATA DISTRIBUIÇÃO": "6/3/2019", "original_DOL": null, "original_CUSTUS E/OU DEFESA": "sim", "original_ENDEREÇO": "Rua Condessa de São Joaquim, 182 – São Paulo", "original_OBS": "Também Rua Conde de São Joaquim nº 231 e 233", "original_": "ANDAMENTO", "original__1": null, "original__2": null, "lat": -23.5583306, "lon": -46.6390071, "formatted": "Rua Condessa de São Joaquim 182, Liberdade, São Paulo - SP, 01320-000, Brazil", "VALID": 1, "x": -46.63895122, "y": -23.55817529 }, "geometry": { "type": "Point", "coordinates": [ -46.638951220303127, -23.558175287313095 ] } },
{ "type": "Feature", "properties": { "original_DEFENSORIA RESPONSÁVEL": "5ª Defensoria ", "original_USUÁRIO/A": "OCUPANTES \" CUSTOS PLEBIS\"", "original_Nº PROCESSO": "1116027-16.2018.8.26.0100", "original_DATA DISTRIBUIÇÃO": "6/3/2019", "original_DOL": null, "original_CUSTUS E/OU DEFESA": "sim", "original_ENDEREÇO": "Rua Afonso Arinos, 48 – Canindé – São Paulo", "original_OBS": "Também nº 56 e 66", "original_": "reintegração ocorreu em 09/10/2023 - fls. 482", "original__1": null, "original__2": null, "lat": -23.5312457, "lon": -46.6251211, "formatted": "Rua Afonso Arinos 48, Canindé, São Paulo - SP, 03033-030, Brazil", "VALID": 1, "x": -46.62512315, "y": -23.53125433 }, "geometry": { "type": "Point", "coordinates": [ -46.625123154400619, -23.531254328482607 ] } },
{ "type": "Feature", "properties": { "original_DEFENSORIA RESPONSÁVEL": "6ª Defensoria", "original_USUÁRIO/A": "OCUPANTES \" CUSTOS PLEBIS\"", "original_Nº PROCESSO": "1061225-34.2019.8.26.0100", "original_DATA DISTRIBUIÇÃO": "7/11/2019", "original_DOL": null, "original_CUSTUS E/OU DEFESA": "sim", "original_ENDEREÇO": "Avenida Cardoso de Almeida, 326 – Perdizes – São Paulo", "original_OBS": "—", "original_": "reintegração ocorreu em 24/07/2019- fls. 137", "original__1": null, "original__2": null, "lat": -23.534217, "lon": -46.665787, "formatted": "R Cardoso De Almeida 326, Barra Funda, São Paulo - Southeast, 05013-000, Brazil", "VALID": 1, "x": -46.66573112, "y": -23.53419728 }, "geometry": { "type": "Point", "coordinates": [ -46.665731120303128, -23.534197277754043 ] } },
{ "type": "Feature", "properties": { "original_DEFENSORIA RESPONSÁVEL": "7ª Defensoria", "original_USUÁRIO/A": "OCUPANTES \" CUSTOS PLEBIS\"", "original_Nº PROCESSO": "1032042-91.2014.8.26.0100", "original_DATA DISTRIBUIÇÃO": "6/4/2019", "original_DOL": null, "original_CUSTUS E/OU DEFESA": "sim", "original_ENDEREÇO": "Rua do Bosque, 281 – Barra Funda – São Paulo – CEP 01136-000", "original_OBS": "Também nº 283", "original_": "reintegração ocorreu em 19/06/2019- fls. 137", "original__1": null, "original__2": null, "lat": -23.525980471781782, "lon": -46.651388837544403, "formatted": "Rua do Bosque 281, Campos Elísios, São Paulo - SP, 01136-000, Brazil", "VALID": 1, "x": -46.65134282, "y": -23.52607826 }, "geometry": { "type": "Point", "coordinates": [ -46.651342818970505, -23.526078261251318 ] } },
{ "type": "Feature", "properties": { "original_DEFENSORIA RESPONSÁVEL": "1ª Defensoria (Betânia)", "original_USUÁRIO/A": "OCUPANTES \" CUSTOS PLEBIS\"", "original_Nº PROCESSO": "1001161-34.2019.8.26.0011", "original_DATA DISTRIBUIÇÃO": "6/12/2019", "original_DOL": null, "original_CUSTUS E/OU DEFESA": "sim", "original_ENDEREÇO": "Avenida Brigadeiro Faria Lima, 460 – Pinheiros – São Paulo – CEP 05426-200", "original_OBS": "Também nº 462", "original_": "reintegração ocorreu em 21/09/2020  fls. 156", "original__1": null, "original__2": null, "lat": -23.5628764, "lon": -46.6946031, "formatted": "Avenida Brigadeiro Faria Lima 460, Pinheiros, São Paulo - SP, 05426-200, Brazil", "VALID": 1, "x": -46.6946294, "y": -23.56287722 }, "geometry": { "type": "Point", "coordinates": [ -46.694629396327947, -23.56287722176025 ] } },
{ "type": "Feature", "properties": { "original_DEFENSORIA RESPONSÁVEL": "2ª Defensoria ", "original_USUÁRIO/A": "Associação Nagib Crianças e Adolescentes ", "original_Nº PROCESSO": "1100933-28.2018.8.26.0100", "original_DATA DISTRIBUIÇÃO": "7/26/2019", "original_DOL": null, "original_CUSTUS E/OU DEFESA": "sim", "original_ENDEREÇO": "Avenida Teresa Cristina, s/n – Ipiranga – São Paulo – CEP 01553-000", "original_OBS": "Também nº 243", "original_": "ANDAMENTO", "original__1": null, "original__2": null, "lat": -23.5729558, "lon": -46.6079191, "formatted": "Avenida Teresa Cristina, Vila Monumento, Ipiranga, São Paulo - SP, 01553-000, Brazil", "VALID": 1, "x": -46.60770051, "y": -23.57168207 }, "geometry": { "type": "Point", "coordinates": [ -46.607700511773977, -23.571682071615292 ] } },
{ "type": "Feature", "properties": { "original_DEFENSORIA RESPONSÁVEL": "3ª Defensoria", "original_USUÁRIO/A": "OCUPANTES \" CUSTOS PLEBIS\"", "original_Nº PROCESSO": "1055687-72.2019.8.26.0100", "original_DATA DISTRIBUIÇÃO": "7/11/2019", "original_DOL": null, "original_CUSTUS E/OU DEFESA": "sim", "original_ENDEREÇO": "Rua Waldemar Dória, 190 – Belenzinho – São Paulo – CEP 03020-050", "original_OBS": "—", "original_": "petição informando que a desocupação ocorreu (13/082019) - fls. 60", "original__1": null, "original__2": null, "lat": -23.5506507, "lon": -46.6333824, "formatted": "São Paulo, Região Metropolitana de São Paulo, Brazil", "VALID": 1, "x": -46.60089154, "y": -23.53559728 }, "geometry": { "type": "Point", "coordinates": [ -46.60089153531645, -23.535597280513485 ] } },
{ "type": "Feature", "properties": { "original_DEFENSORIA RESPONSÁVEL": "4ª Defensoria ", "original_USUÁRIO/A": "OCUPANTES \" CUSTOS PLEBIS\"", "original_Nº PROCESSO": "1049257-07.2019.8.26.0100", "original_DATA DISTRIBUIÇÃO": "7/11/2019", "original_DOL": null, "original_CUSTUS E/OU DEFESA": "sim", "original_ENDEREÇO": "Rua Teixeira Leite, 300 – Liberdade – São Paulo – CEP 01514-010", "original_OBS": "—", "original_": "reintegração ocorreu em 19/09/2023 - fls. 482", "original__1": null, "original__2": null, "lat": -23.557992, "lon": -46.628908, "formatted": "Rua Teixeira Leite 300, Liberdade District, São Paulo - Southeast, 01514-000, Brazil", "VALID": 1, "x": -46.62896388, "y": -23.5577956 }, "geometry": { "type": "Point", "coordinates": [ -46.628963879696883, -23.557795599300679 ] } },
{ "type": "Feature", "properties": { "original_DEFENSORIA RESPONSÁVEL": "5ª Defensoria ", "original_USUÁRIO/A": "OCUPANTES \" CUSTOS PLEBIS\"", "original_Nº PROCESSO": "1029820-77.2019.8.26.0100", "original_DATA DISTRIBUIÇÃO": "6/8/2019", "original_DOL": null, "original_CUSTUS E/OU DEFESA": "sim", "original_ENDEREÇO": "Rua Conselheiro Brotero, 456 – Barra Funda – São Paulo", "original_OBS": "—", "original_": "ANDAMENTO", "original__1": null, "original__2": null, "lat": -23.530703672645547, "lon": -46.65781382480403, "formatted": "Rua Conselheiro Brotero 456, Santa Cecília, São Paulo - SP, 01154-000, Brazil", "VALID": 1, "x": -46.65809815, "y": -23.53051467 }, "geometry": { "type": "Point", "coordinates": [ -46.658098153849899, -23.530514667788463 ] } },
{ "type": "Feature", "properties": { "original_DEFENSORIA RESPONSÁVEL": "6ª Defensoria", "original_USUÁRIO/A": "OCUPANTES \" CUSTOS PLEBIS\"", "original_Nº PROCESSO": "1014699-09.2019.8.26.0100", "original_DATA DISTRIBUIÇÃO": "7/18/2019", "original_DOL": null, "original_CUSTUS E/OU DEFESA": "sim", "original_ENDEREÇO": "Rua do Hipódromo, 386 – Brás – São Paulo", "original_OBS": "—", "original_": "reintegração ocorreu em 13/11/2019 - fls. 129", "original__1": null, "original__2": null, "lat": -23.543426219090097, "lon": -46.610639701729298, "formatted": "Rua do Hipódromo 386, Brás, São Paulo - SP, 03051-000, Brazil", "VALID": 1, "x": -46.61066929, "y": -23.54347799 }, "geometry": { "type": "Point", "coordinates": [ -46.610669285098233, -23.543477989985732 ] } },
{ "type": "Feature", "properties": { "original_DEFENSORIA RESPONSÁVEL": "7ª Defensoria", "original_USUÁRIO/A": "OCUPANTES \" CUSTOS PLEBIS\"", "original_Nº PROCESSO": "1048550-39.2019.8.26.0100", "original_DATA DISTRIBUIÇÃO": "8/12/2019", "original_DOL": null, "original_CUSTUS E/OU DEFESA": "sim", "original_ENDEREÇO": "Rua Visconde de Inhomerim, 552 – Mooca – São Paulo – CEP 03120-001", "original_OBS": "—", "original_": "petição informando que a desocupação ocorreu (16/12/2019) - fls. 170", "original__1": null, "original__2": null, "lat": -23.562381023064301, "lon": -46.599001414163752, "formatted": "Rua Visconde de Inhomerim 552, Mooca, São Paulo - SP, 03120-001, Brazil", "VALID": 1, "x": -46.59892265, "y": -23.56254417 }, "geometry": { "type": "Point", "coordinates": [ -46.598922654420996, -23.562544168245726 ] } },
{ "type": "Feature", "properties": { "original_DEFENSORIA RESPONSÁVEL": "8ª Defensoria (Luisa)", "original_USUÁRIO/A": "OCUPANTES \" CUSTOS PLEBIS\"", "original_Nº PROCESSO": "1060793-15.2019.8.26.0100", "original_DATA DISTRIBUIÇÃO": "9/3/2019", "original_DOL": null, "original_CUSTUS E/OU DEFESA": "sim", "original_ENDEREÇO": "Rua da Mooca, 1153 – Mooca – São Paulo", "original_OBS": "Também nº 1155", "original_": "reintegração ocorreu em 06/09/2019 - fls. 92", "original__1": null, "original__2": null, "lat": -23.554134621212121, "lon": -46.613881487878785, "formatted": "Rua da Mooca 1153, Brás, São Paulo - SP, 03103-001, Brazil", "VALID": 1, "x": -46.61405378, "y": -23.55399238 }, "geometry": { "type": "Point", "coordinates": [ -46.61405377881249, -23.553992381022667 ] } },
{ "type": "Feature", "properties": { "original_DEFENSORIA RESPONSÁVEL": "9ª Defensoria", "original_USUÁRIO/A": "OCUPANTES \" CUSTOS PLEBIS\"", "original_Nº PROCESSO": "1014783-78.2017.8.26.0100", "original_DATA DISTRIBUIÇÃO": "9/20/2019", "original_DOL": null, "original_CUSTUS E/OU DEFESA": "sim", "original_ENDEREÇO": "Rua Diogo Vaz, 108 – Cambuci – São Paulo", "original_OBS": "—", "original_": "certidão oficial quie o imóvel estava vazio (14/10/20224) - fls. 1098", "original__1": null, "original__2": null, "lat": -23.5623292, "lon": -46.6274604, "formatted": "Rua Diogo Vaz 108, Liberdade, São Paulo - SP, 01519-000, Brazil", "VALID": 1, "x": -46.62737329, "y": -23.56246233 }, "geometry": { "type": "Point", "coordinates": [ -46.627373293413683, -23.562462325160208 ] } },
{ "type": "Feature", "properties": { "original_DEFENSORIA RESPONSÁVEL": "2ª Defensoria ", "original_USUÁRIO/A": "OCUPANTES \" CUSTOS PLEBIS\"", "original_Nº PROCESSO": "1133703-74.2018.8.26.0100", "original_DATA DISTRIBUIÇÃO": "11/4/2019", "original_DOL": null, "original_CUSTUS E/OU DEFESA": "sim", "original_ENDEREÇO": "Alameda Eduardo Prado, 274 – Campos Elíseos – São Paulo – CEP 01218-010", "original_OBS": "—", "original_": "julgada improcedente (exceção de usucapião) - não conhecimento apelação.", "original__1": null, "original__2": null, "lat": -23.529789505761048, "lon": -46.647986174215752, "formatted": "Alameda Eduardo Prado 274, Campos Elísios, São Paulo - SP, 01218-012, Brazil", "VALID": 1, "x": -46.64820494, "y": -23.52971845 }, "geometry": { "type": "Point", "coordinates": [ -46.648204943633893, -23.529718452445753 ] } },
{ "type": "Feature", "properties": { "original_DEFENSORIA RESPONSÁVEL": "3ª Defensoria", "original_USUÁRIO/A": "OCUPANTES \" CUSTOS PLEBIS\"", "original_Nº PROCESSO": "1057496-34.2018.8.26.0100", "original_DATA DISTRIBUIÇÃO": "11/14/2019", "original_DOL": null, "original_CUSTUS E/OU DEFESA": "sim", "original_ENDEREÇO": "Rua Helvétia, 696 – Santa Cecília – São Paulo", "original_OBS": "—", "original_": "julgada improcedente (exceção de usucapião) - não provimento apelação.", "original__1": null, "original__2": null, "lat": -23.536574580286384, "lon": -46.646866186403336, "formatted": "Rua Helvétia 696, Campos Elísios, Santa Cecília, São Paulo - SP, 01215-010, Brazil", "VALID": 1, "x": -46.64690659, "y": -23.53643029 }, "geometry": { "type": "Point", "coordinates": [ -46.64690658694991, -23.536430292620032 ] } },
{ "type": "Feature", "properties": { "original_DEFENSORIA RESPONSÁVEL": "4ª Defensoria ", "original_USUÁRIO/A": "OCUPANTES \" CUSTOS PLEBIS\"", "original_Nº PROCESSO": "1001125-50.2018.8.26.0100", "original_DATA DISTRIBUIÇÃO": "3/18/2020", "original_DOL": null, "original_CUSTUS E/OU DEFESA": "sim", "original_ENDEREÇO": "Rua Coronel Francisco Amaro, 403 – Pari – São Paulo – CEP 03008-030", "original_OBS": "—", "original_": "petição informando que a desocupação ocorreu (16/02/2024) - fls. 318", "original__1": null, "original__2": null, "lat": -23.540682, "lon": -46.620316, "formatted": "Rua Coronel Francisco Amaro 403, Brás, São Paulo - Southeast, 03008-030, Brazil", "VALID": 1, "x": -46.62033244, "y": -23.54085703 }, "geometry": { "type": "Point", "coordinates": [ -46.620332435204965, -23.540857034932866 ] } },
{ "type": "Feature", "properties": { "original_DEFENSORIA RESPONSÁVEL": "5ª Defensoria ", "original_USUÁRIO/A": "OCUPANTES \" CUSTOS PLEBIS\"", "original_Nº PROCESSO": "1075124-02.2019.8.26.0100", "original_DATA DISTRIBUIÇÃO": "4/22/2020", "original_DOL": null, "original_CUSTUS E/OU DEFESA": "sim", "original_ENDEREÇO": "Rua Barão de Iguape, 896 – Liberdade – São Paulo – CEP 01507-001", "original_OBS": "Também nº 900", "original_": "ANDAMENTO", "original__1": null, "original__2": null, "lat": -23.558252606251049, "lon": -46.628189392470922, "formatted": "Rua Barão de Iguape 896, Liberdade, São Paulo - SP, 01507-000, Brazil", "VALID": 1, "x": -46.62829458, "y": -23.55841285 }, "geometry": { "type": "Point", "coordinates": [ -46.62829457778269, -23.558412849499447 ] } },
{ "type": "Feature", "properties": { "original_DEFENSORIA RESPONSÁVEL": "6ª Defensoria", "original_USUÁRIO/A": "OCUPANTES \" CUSTOS PLEBIS\"", "original_Nº PROCESSO": "1121044-96.2019.8.26.0100", "original_DATA DISTRIBUIÇÃO": "1/8/2020", "original_DOL": null, "original_CUSTUS E/OU DEFESA": "sim", "original_ENDEREÇO": "Rua São Francisco, 77 – São Paulo", "original_OBS": "Também nº 81 e 85", "original_": "ANDAMENTO", "original__1": null, "original__2": null, "lat": -23.5490005, "lon": -46.6381517, "formatted": "Rua São Francisco 77, Glicério, São Paulo - SP, 01005-020, Brazil", "VALID": 1, "x": -46.63819279, "y": -23.54905556 }, "geometry": { "type": "Point", "coordinates": [ -46.638192788012411, -23.549055557936626 ] } },
{ "type": "Feature", "properties": { "original_DEFENSORIA RESPONSÁVEL": "7ª Defensoria", "original_USUÁRIO/A": "OCUPANTES \" CUSTOS PLEBIS\"", "original_Nº PROCESSO": "1040232-33.2020.8.26.0100", "original_DATA DISTRIBUIÇÃO": "5/19/2020", "original_DOL": null, "original_CUSTUS E/OU DEFESA": "sim", "original_ENDEREÇO": "Avenida Rio Branco, 701 – República – São Paulo – CEP 01205-905", "original_OBS": "—", "original_": "reintegração ocorreu em 19/02/2025 - fls. 1291", "original__1": null, "original__2": null, "lat": -23.537397, "lon": -46.642027, "formatted": "Avenida Rio Branco 701, Santa Cecilia, São Paulo - Southeast, 01205-000, Brazil", "VALID": 1, "x": -46.64207302, "y": -23.53743234 }, "geometry": { "type": "Point", "coordinates": [ -46.642073018573896, -23.537432335690671 ] } },
{ "type": "Feature", "properties": { "original_DEFENSORIA RESPONSÁVEL": "8ª Defensoria (Luisa)", "original_USUÁRIO/A": "OCUPANTES \" CUSTOS PLEBIS\"", "original_Nº PROCESSO": "1046397-33.2019.8.26.0100", "original_DATA DISTRIBUIÇÃO": "4/22/2020", "original_DOL": null, "original_CUSTUS E/OU DEFESA": "sim", "original_ENDEREÇO": "Avenida Henrique Schaumann, 158 – São Paulo", "original_OBS": "Também nº 162, 178 e 180; relacionados à Rua Francisco Leitão nº 223, 227, 231 e 251", "original_": "reintegração ocorreu em 25/07/2019 - fls. 137", "original__1": null, "original__2": null, "lat": -23.5631128, "lon": -46.6786048, "formatted": "Rua Henrique Schaumann 158, Jardim Paulista, São Paulo - SP, 05402-200, Brazil", "VALID": 1, "x": -46.67843552, "y": -23.56309883 }, "geometry": { "type": "Point", "coordinates": [ -46.67843551738887, -23.563098830075781 ] } },
{ "type": "Feature", "properties": { "original_DEFENSORIA RESPONSÁVEL": "9ª Defensoria", "original_USUÁRIO/A": "OCUPANTES \" CUSTOS PLEBIS\"", "original_Nº PROCESSO": "1109722-50.2017.8.26.0100", "original_DATA DISTRIBUIÇÃO": "4/30/2020", "original_DOL": null, "original_CUSTUS E/OU DEFESA": "sim", "original_ENDEREÇO": "Rua Barão de Jaguara, 20 – Mooca – São Paulo – CEP 03105-120", "original_OBS": "—", "original_": "Autos devolvido ao primeiro grau para arquivamento 28/11/2025", "original__1": null, "original__2": null, "lat": -23.552989, "lon": -46.617053, "formatted": "Rua Barão de Jaguara 20, Brás, São Paulo - SP, 03105-120, Brazil", "VALID": 1, "x": -46.61710724, "y": -23.55314431 }, "geometry": { "type": "Point", "coordinates": [ -46.617107236176381, -23.553144312686911 ] } },
{ "type": "Feature", "properties": { "original_DEFENSORIA RESPONSÁVEL": "1ª Defensoria (Betânia)", "original_USUÁRIO/A": "OCUPANTES \" CUSTOS PLEBIS\"", "original_Nº PROCESSO": "1000283-06.2020.8.26.0228", "original_DATA DISTRIBUIÇÃO": "5/5/2020", "original_DOL": null, "original_CUSTUS E/OU DEFESA": "sim", "original_ENDEREÇO": "Rua dos Andradas, 421 – Santa Ifigênia – São Paulo", "original_OBS": "—", "original_": "ANDAMENTO", "original__1": null, "original__2": null, "lat": -23.536736772064234, "lon": -46.639242027526976, "formatted": "Rua dos Andradas 421, Santa Ifigênia, São Paulo - SP, 01210-001, Brazil", "VALID": 1, "x": -46.63930448, "y": -23.53686743 }, "geometry": { "type": "Point", "coordinates": [ -46.639304481305842, -23.536867431943698 ] } },
{ "type": "Feature", "properties": { "original_DEFENSORIA RESPONSÁVEL": "2ª Defensoria ", "original_USUÁRIO/A": "OCUPANTES \" CUSTOS PLEBIS\"", "original_Nº PROCESSO": "1090849-02.2017.8.26.0100", "original_DATA DISTRIBUIÇÃO": "5/7/2020", "original_DOL": null, "original_CUSTUS E/OU DEFESA": "sim", "original_ENDEREÇO": "Rua Harry Dannenberg, 674 – Vila Carmosina – São Paulo", "original_OBS": "Também nº 678; antiga Rua da Fazenda; lotes 25, 24 e parte do 23", "original_": "juntada de petição sobreciencia quanto  a redistribuição do presente feito, para esta 1ª Câmara de DireitoEmpresarial", "original__1": null, "original__2": null, "lat": -23.561418, "lon": -46.466457, "formatted": "Rua Harry Dannenberg 4, Parque do Carmo, São Paulo - Southeast, 08270-010, Brazil", "VALID": 0, "x": -46.46506001, "y": -23.55602314 }, "geometry": { "type": "Point", "coordinates": [ -46.465060007578082, -23.556023143970588 ] } },
{ "type": "Feature", "properties": { "original_DEFENSORIA RESPONSÁVEL": "3ª Defensoria", "original_USUÁRIO/A": "OCUPANTES \" CUSTOS PLEBIS\"", "original_Nº PROCESSO": "1052839-15.2019.8.26.0100", "original_DATA DISTRIBUIÇÃO": "6/30/2020", "original_DOL": null, "original_CUSTUS E/OU DEFESA": "sim", "original_ENDEREÇO": "Rua do Carmo, 81 – Sé – São Paulo – CEP 01019-020", "original_OBS": "—", "original_": "Iniciado cumprimento de sentença nos autos do processo nº 040043869-04.2023.8.26.0100", "original__1": null, "original__2": null, "lat": -23.5512872, "lon": -46.6305776, "formatted": "Rua do Carmo 81, Glicério, São Paulo - SP, 01019-020, Brazil", "VALID": 1, "x": -46.63056078, "y": -23.55124616 }, "geometry": { "type": "Point", "coordinates": [ -46.630560779195257, -23.551246157525195 ] } },
{ "type": "Feature", "properties": { "original_DEFENSORIA RESPONSÁVEL": "4ª Defensoria ", "original_USUÁRIO/A": "OCUPANTES \" CUSTOS PLEBIS\"", "original_Nº PROCESSO": "1014427-78.2020.8.26.0100", "original_DATA DISTRIBUIÇÃO": "7/2/2020", "original_DOL": null, "original_CUSTUS E/OU DEFESA": "sim", "original_ENDEREÇO": "Rua General Rondon, 107 – Campos Elíseos – São Paulo – CEP 01204-010", "original_OBS": "—", "original_": "Remetidos os autos ao Superior Tribunal de Justiça em 10/01/2025", "original__1": null, "original__2": null, "lat": -23.537014, "lon": -46.644738, "formatted": "Rua General Rondon 107, Santa Cecilia, São Paulo - Southeast, 01204-010, Brazil", "VALID": 1, "x": -46.644738, "y": -23.53709412 }, "geometry": { "type": "Point", "coordinates": [ -46.644738, -23.5370941216242 ] } },
{ "type": "Feature", "properties": { "original_DEFENSORIA RESPONSÁVEL": "5ª Defensoria ", "original_USUÁRIO/A": "OCUPANTES \" CUSTOS PLEBIS\"", "original_Nº PROCESSO": "1015900-02.2020.8.26.0100", "original_DATA DISTRIBUIÇÃO": "7/7/2020", "original_DOL": null, "original_CUSTUS E/OU DEFESA": "sim", "original_ENDEREÇO": "Avenida Pompeia, 171 – Vila Pompeia – São Paulo – CEP 05023-000", "original_OBS": "—", "original_": "Arquivado Definitivamente em 11/08/2023", "original__1": null, "original__2": null, "lat": -23.526889, "lon": -46.682284, "formatted": "Av Pompeia 171, Barra Funda, São Paulo - Southeast, 05023-000, Brazil", "VALID": 1, "x": -46.682284, "y": -23.526889 }, "geometry": { "type": "Point", "coordinates": [ -46.682284, -23.526889 ] } },
{ "type": "Feature", "properties": { "original_DEFENSORIA RESPONSÁVEL": "6ª Defensoria", "original_USUÁRIO/A": "OCUPANTES \" CUSTOS PLEBIS\"", "original_Nº PROCESSO": "1051600-39.2020.8.26.0100", "original_DATA DISTRIBUIÇÃO": "7/28/2020", "original_DOL": null, "original_CUSTUS E/OU DEFESA": "sim", "original_ENDEREÇO": "Rua Mendes Caldeira, 273 – Brás – São Paulo – CEP 03007-060", "original_OBS": "—", "original_": "Sentença improcedente. Arquivado Definitivamente em 17/05/2024", "original__1": null, "original__2": null, "lat": -23.5396413, "lon": -46.6242759, "formatted": "Rua Mendes Caldeira 273, Brás, São Paulo - SP, 03007-060, Brazil", "VALID": 1, "x": -46.62431658, "y": -23.53959015 }, "geometry": { "type": "Point", "coordinates": [ -46.624316577132284, -23.539590145424555 ] } },
{ "type": "Feature", "properties": { "original_DEFENSORIA RESPONSÁVEL": "7ª Defensoria", "original_USUÁRIO/A": "OCUPANTES \" CUSTOS PLEBIS\"", "original_Nº PROCESSO": "1018014-16.2017.8.26.0100", "original_DATA DISTRIBUIÇÃO": "9/28/2020", "original_DOL": null, "original_CUSTUS E/OU DEFESA": "sim", "original_ENDEREÇO": "Rua Caetano Pinto, 152 – Brás – São Paulo", "original_OBS": "Também nº 156", "original_": "Sentença procedente. Arquivado Definitivamente em 11/10/2024", "original__1": null, "original__2": null, "lat": -23.547560096913578, "lon": -46.62194550123457, "formatted": "Rua Caetano Pinto 152, Brás, São Paulo - SP, 03041-000, Brazil", "VALID": 1, "x": -46.6221199, "y": -23.54767542 }, "geometry": { "type": "Point", "coordinates": [ -46.622119897807821, -23.54767542367976 ] } },
{ "type": "Feature", "properties": { "original_DEFENSORIA RESPONSÁVEL": "8ª Defensoria (Luisa)", "original_USUÁRIO/A": "OCUPANTES \" CUSTOS PLEBIS\"", "original_Nº PROCESSO": "1000366-64.2020.8.26.0505", "original_DATA DISTRIBUIÇÃO": "9/4/2020", "original_DOL": null, "original_CUSTUS E/OU DEFESA": "sim", "original_ENDEREÇO": "Rodoanel Mário Covas, km 65 – Bororé – São Paulo", "original_OBS": "Próximo à Estrada Itaquaquecetuba; sem número", "original_": "\tSentença procedente Arquivado Definitivamente em 29/05/2024\t\t", "original__1": null, "original__2": null, "lat": -23.445536, "lon": -46.6364314, "formatted": "Rodoanel Mário Covas, Horto Florestal, São Paulo - SP, 02636-000, Brazil", "VALID": 0, "x": -46.6364314, "y": -23.445536 }, "geometry": { "type": "Point", "coordinates": [ -46.6364314, -23.445536 ] } },
{ "type": "Feature", "properties": { "original_DEFENSORIA RESPONSÁVEL": "9ª Defensoria", "original_USUÁRIO/A": "OCUPANTES \" CUSTOS PLEBIS\"", "original_Nº PROCESSO": "1014869-44.2020.8.26.0100", "original_DATA DISTRIBUIÇÃO": "11/4/2020", "original_DOL": null, "original_CUSTUS E/OU DEFESA": "sim", "original_ENDEREÇO": "Avenida Presidente Wilson, 2631 – Mooca – São Paulo", "original_OBS": "—", "original_": "certidão informando que o processo caminhara no  Eproc", "original__1": null, "original__2": null, "lat": -23.576160996887971, "lon": -46.600813971102689, "formatted": "Avenida Presidente Wilson 2631, Ipiranga, São Paulo - SP, 03107-001, Brazil", "VALID": 1, "x": -46.60066236, "y": -23.57616778 }, "geometry": { "type": "Point", "coordinates": [ -46.600662356336905, -23.576167776410017 ] } },
{ "type": "Feature", "properties": { "original_DEFENSORIA RESPONSÁVEL": "1ª Defensoria", "original_USUÁRIO/A": "OCUPANTES \" CUSTOS PLEBIS\"", "original_Nº PROCESSO": "1102038-69.2020.8.26.0100", "original_DATA DISTRIBUIÇÃO": "28/01/2021", "original_DOL": null, "original_CUSTUS E/OU DEFESA": "sim", "original_ENDEREÇO": "Avenida São João, 1413 – São Paulo", "original_OBS": "—", "original_": "sentença procedente. Arquivado Provisoriamente em 21/01/2026\t", "original__1": null, "original__2": null, "lat": -23.5389148, "lon": -46.6467054, "formatted": "Avenida São João 1413, Campos Elísios, São Paulo - SP, 01211-100, Brazil", "VALID": 1, "x": -46.64671803, "y": -23.53893065 }, "geometry": { "type": "Point", "coordinates": [ -46.646718031974814, -23.53893065008911 ] } },
{ "type": "Feature", "properties": { "original_DEFENSORIA RESPONSÁVEL": "3ª Defensoria", "original_USUÁRIO/A": "OCUPANTES \" CUSTOS PLEBIS\"", "original_Nº PROCESSO": "1021323-40.2020.8.26.0100", "original_DATA DISTRIBUIÇÃO": "11/5/2020", "original_DOL": null, "original_CUSTUS E/OU DEFESA": "sim", "original_ENDEREÇO": "Rua Dr. Mário Cardim, 26 – Vila Mariana – São Paulo – CEP 04019-000", "original_OBS": "—", "original_": "sentença procedente. Arquivado Definitivamente em 16/11/2021\t\t", "original__1": null, "original__2": null, "lat": -23.5909125, "lon": -46.6429615, "formatted": "Rua Doutor Mário Cardim 26, Vila Mariana, São Paulo - SP, 04023-001, Brazil", "VALID": 1, "x": -46.64297614, "y": -23.59088708 }, "geometry": { "type": "Point", "coordinates": [ -46.642976137604428, -23.59088707679232 ] } },
{ "type": "Feature", "properties": { "original_DEFENSORIA RESPONSÁVEL": "4ª Defensoria ", "original_USUÁRIO/A": "OCUPANTES \" CUSTOS PLEBIS\"", "original_Nº PROCESSO": "1071021-15.2020.8.26.0100", "original_DATA DISTRIBUIÇÃO": "15/02/2021", "original_DOL": null, "original_CUSTUS E/OU DEFESA": "sim", "original_ENDEREÇO": "Rua São Joaquim, 186 – São Paulo", "original_OBS": "—", "original_": "Junta de manifestação do MP 03/02/2026", "original__1": null, "original__2": null, "lat": -23.561725302448693, "lon": -46.636906493366439, "formatted": "Rua São Joaquim 186, Liberdade, São Paulo - SP, 01508-000, Brazil", "VALID": 1, "x": -46.63686582, "y": -23.56180943 }, "geometry": { "type": "Point", "coordinates": [ -46.636865816234149, -23.561809430154092 ] } },
{ "type": "Feature", "properties": { "original_DEFENSORIA RESPONSÁVEL": "5ª Defensoria ", "original_USUÁRIO/A": "OCUPANTES \" CUSTOS PLEBIS\"", "original_Nº PROCESSO": "1015496-14.2021.8.26.0100", "original_DATA DISTRIBUIÇÃO": "1/3/2021", "original_DOL": null, "original_CUSTUS E/OU DEFESA": "sim", "original_ENDEREÇO": "Rua Robertson, 354 – Cambuci – São Paulo", "original_OBS": "—", "original_": "sentença procedente. Arquivado Provisoriamente 29/04/2025\t\t", "original__1": null, "original__2": null, "lat": -23.573457195485087, "lon": -46.623462340373962, "formatted": "Rua Robertson 354, Cambuci, São Paulo - SP, 01543-010, Brazil", "VALID": 1, "x": -46.62347343, "y": -23.5735934 }, "geometry": { "type": "Point", "coordinates": [ -46.62347343413731, -23.573593402246228 ] } },
{ "type": "Feature", "properties": { "original_DEFENSORIA RESPONSÁVEL": "9ª Defensoria (Fabiana)", "original_USUÁRIO/A": "OCUPANTES \" CUSTOS PLEBIS\"", "original_Nº PROCESSO": "2036369-27.2021.8.26.0000", "original_DATA DISTRIBUIÇÃO": "18/03/21", "original_DOL": null, "original_CUSTUS E/OU DEFESA": "sim", "original_ENDEREÇO": null, "original_OBS": null, "original_": "não localizei", "original__1": null, "original__2": null, "lat": null, "lon": null, "formatted": null, "x": null, "y": null }, "geometry": null },
{ "type": "Feature", "properties": { "original_DEFENSORIA RESPONSÁVEL": "1ª Defensoria", "original_USUÁRIO/A": "OCUPANTES \" CUSTOS PLEBIS\"", "original_Nº PROCESSO": "1075499-66.2020.8.26.0100", "original_DATA DISTRIBUIÇÃO": "4/14/2021", "original_DOL": null, "original_CUSTUS E/OU DEFESA": "sim", "original_ENDEREÇO": "Rua Dr. Rodrigo de Barros, 400 – Jardim da Luz – São Paulo", "original_OBS": "—", "original_": "sentença procedente. Arquivado Definitivamente em 14/01/2025\t", "original__1": null, "original__2": null, "lat": -23.530064, "lon": -46.627694, "formatted": "R Dr Rodrigo De Barros 400, Pari, São Paulo - Southeast, 01106-020, Brazil", "VALID": 1, "x": -46.62760777, "y": -23.53002029 }, "geometry": { "type": "Point", "coordinates": [ -46.627607767264614, -23.530020292997133 ] } },
{ "type": "Feature", "properties": { "original_DEFENSORIA RESPONSÁVEL": "2ª Defensoria ", "original_USUÁRIO/A": "OCUPANTES \"CUSTOS PLEBIS\"", "original_Nº PROCESSO": "1073186-35.2020.8.26.0100", "original_DATA DISTRIBUIÇÃO": "23/03/21", "original_DOL": null, "original_CUSTUS E/OU DEFESA": "sim", "original_ENDEREÇO": "Rua Alabastro, 159 – São Paulo – CEP 01531-010", "original_OBS": "—", "original_": "sentença improcedente Arquivado Definitivamente em 01/03/2024", "original__1": null, "original__2": null, "lat": -23.571752245505518, "lon": -46.63216158167355, "formatted": "Rua Alabastro 159, Liberdade, São Paulo - SP, 01531-010, Brazil", "VALID": 1, "x": -46.63206051, "y": -23.57169739 }, "geometry": { "type": "Point", "coordinates": [ -46.632060505163025, -23.57169739300895 ] } },
{ "type": "Feature", "properties": { "original_DEFENSORIA RESPONSÁVEL": "3ª Defensoria", "original_USUÁRIO/A": "OCUPANTES \"CUSTOS PLEBIS\"", "original_Nº PROCESSO": "1074234-29.2020.8.26.0100", "original_DATA DISTRIBUIÇÃO": "3/24/2021", "original_DOL": null, "original_CUSTUS E/OU DEFESA": "sim", "original_ENDEREÇO": "Rua da Figueira, 705 – Brás – São Paulo – CEP 03003-000", "original_OBS": "—", "original_": "processo extinto\t\tArquivado Definitivamente em 27/09/2022", "original__1": null, "original__2": null, "lat": -23.551067, "lon": -46.624978, "formatted": "Rua da Figueira 705, Glicério, São Paulo - SP, 03101-000, Brazil", "VALID": 1, "x": -46.62486781, "y": -23.55099087 }, "geometry": { "type": "Point", "coordinates": [ -46.624867813937747, -23.550990871447897 ] } },
{ "type": "Feature", "properties": { "original_DEFENSORIA RESPONSÁVEL": "4ª Defensoria ", "original_USUÁRIO/A": "OCUPANTES \"CUSTOS PLEBIS\"", "original_Nº PROCESSO": "1014429-48.2020.8.26.0100", "original_DATA DISTRIBUIÇÃO": "4/14/2021", "original_DOL": null, "original_CUSTUS E/OU DEFESA": "sim", "original_ENDEREÇO": "Rua Júlio de Castilhos, 620 – Belém – São Paulo", "original_OBS": "Também nº 622", "original_": "juntada de petição do autor pedindo que seja oficiado à Enel", "original__1": null, "original__2": null, "lat": -23.5417717, "lon": -46.5948449, "formatted": "Rua Júlio de Castilhos 620, Belém, São Paulo - SP, 03059-001, Brazil", "VALID": 1, "x": -46.59475375, "y": -23.54194099 }, "geometry": { "type": "Point", "coordinates": [ -46.594753746075774, -23.541940985859281 ] } },
{ "type": "Feature", "properties": { "original_DEFENSORIA RESPONSÁVEL": "5ª Defensoria ", "original_USUÁRIO/A": "OCUPANTES \"CUSTOS PLEBIS\"", "original_Nº PROCESSO": "1077638-88.2020.8.26.0100", "original_DATA DISTRIBUIÇÃO": "4/14/2021", "original_DOL": null, "original_CUSTUS E/OU DEFESA": "sim", "original_ENDEREÇO": "Rua Martiniano de Carvalho, 125 – Bela Vista – São Paulo – CEP 01321-001", "original_OBS": "—", "original_": "Homologada transação Arquivado Definitivamente 20/01/2023\t\t", "original__1": null, "original__2": null, "lat": -23.560037, "lon": -46.641056, "formatted": "Rua Martiniano De Carvalho 125, Liberdade District, São Paulo - Southeast, 01321-001, Brazil", "VALID": 1, "x": -46.64094999, "y": -23.55999571 }, "geometry": { "type": "Point", "coordinates": [ -46.640949992927979, -23.559995706547532 ] } },
{ "type": "Feature", "properties": { "original_DEFENSORIA RESPONSÁVEL": "6ª Defensoria", "original_USUÁRIO/A": "OCUPANTES \"CUSTOS PLEBIS\"", "original_Nº PROCESSO": "1072783-37.2018.8.26.0100", "original_DATA DISTRIBUIÇÃO": "4/16/2021", "original_DOL": null, "original_CUSTUS E/OU DEFESA": "sim", "original_ENDEREÇO": "Rua do Carmo, 93 – Centro – São Paulo – CEP 01019-020", "original_OBS": "Também nº 103", "original_": "Sentença procedente em Arquivado Definitivamente 07/10/2024\t", "original__1": null, "original__2": null, "lat": -23.5513575, "lon": -46.6305118, "formatted": "Rua do Carmo 93, Glicério, São Paulo - SP, 01019-020, Brazil", "VALID": 1, "x": -46.6305284, "y": -23.55127254 }, "geometry": { "type": "Point", "coordinates": [ -46.630528399560873, -23.551272540930992 ] } },
{ "type": "Feature", "properties": { "original_DEFENSORIA RESPONSÁVEL": "7ª Defensoria", "original_USUÁRIO/A": "OCUPANTES \"CUSTOS PLEBIS\"", "original_Nº PROCESSO": "1116813-89.2020.8.26.0100", "original_DATA DISTRIBUIÇÃO": "28/04/2021", "original_DOL": null, "original_CUSTUS E/OU DEFESA": "sim", "original_ENDEREÇO": "Rua Correia Dias, 100 – Paraíso – São Paulo – CEP 04104-000", "original_OBS": "—", "original_": " Sentença procedente Arquivado Provisoriamente em 31/01/2023\t\t", "original__1": null, "original__2": null, "lat": -23.5768108, "lon": -46.6422669, "formatted": "Rua Correia Dias 100, Paraíso, São Paulo - SP, 04104-000, Brazil", "VALID": 1, "x": -46.64228009, "y": -23.57688216 }, "geometry": { "type": "Point", "coordinates": [ -46.642280091702894, -23.576882155120217 ] } },
{ "type": "Feature", "properties": { "original_DEFENSORIA RESPONSÁVEL": "8ª Defensoria", "original_USUÁRIO/A": "OCUPANTES \"CUSTOS PLEBIS\"", "original_Nº PROCESSO": "1115224-62.2020.8.26.0100", "original_DATA DISTRIBUIÇÃO": "28/04/2022", "original_DOL": null, "original_CUSTUS E/OU DEFESA": "sim", "original_ENDEREÇO": "Rua Treze de Maio, 734 – Bela Vista – São Paulo – CEP 01327-000", "original_OBS": "—", "original_": "sentença procedente 02/05/2022\t\tArquivado Provisoriamente", "original__1": null, "original__2": null, "lat": -23.559668193525891, "lon": -46.646303437649934, "formatted": "Rua Treze de Maio 734, Bixiga, São Paulo - SP, 01327-000, Brazil", "VALID": 1, "x": -46.6465484, "y": -23.55964666 }, "geometry": { "type": "Point", "coordinates": [ -46.646548398058677, -23.55964665854491 ] } },
{ "type": "Feature", "properties": { "original_DEFENSORIA RESPONSÁVEL": "1ª Defensoria", "original_USUÁRIO/A": "OCUPANTES \" CUSTOS PLEBIS\"", "original_Nº PROCESSO": "1061557-30.2021.8.26.0100", "original_DATA DISTRIBUIÇÃO": "7/6/2021", "original_DOL": null, "original_CUSTUS E/OU DEFESA": "sim", "original_ENDEREÇO": "Rua Capitão Salomão, 55 – Centro – São Paulo – CEP 01034-020", "original_OBS": "Também nº 59", "original_": "sentença procedente mantida em segundo grau", "original__1": null, "original__2": null, "lat": -23.5430574, "lon": -46.6368899, "formatted": "Rua Capitão Salomão 55, República, São Paulo - SP, 01034-020, Brazil", "VALID": 1, "x": -46.63701211, "y": -23.54302635 }, "geometry": { "type": "Point", "coordinates": [ -46.637012106359947, -23.543026347564275 ] } },
{ "type": "Feature", "properties": { "original_DEFENSORIA RESPONSÁVEL": "2ª Defensoria ", "original_USUÁRIO/A": "OCUPANTES \" CUSTOS PLEBIS\"", "original_Nº PROCESSO": "1085164-09.2020.8.26.0100", "original_DATA DISTRIBUIÇÃO": "9/23/2021", "original_DOL": null, "original_CUSTUS E/OU DEFESA": "sim", "original_ENDEREÇO": "Rua Canindé, 528 – Pari – São Paulo – CEP 03033-000", "original_OBS": "—", "original_": "processo extinto 28/03/2025\t\tArquivado Definitivamente", "original__1": null, "original__2": null, "lat": -23.5299371, "lon": -46.6228921, "formatted": "Rua Canindé 528, Canindé, São Paulo - SP, 03033-000, Brazil", "VALID": 1, "x": -46.62286972, "y": -23.52991737 }, "geometry": { "type": "Point", "coordinates": [ -46.622869724839816, -23.529917366594496 ] } },
{ "type": "Feature", "properties": { "original_DEFENSORIA RESPONSÁVEL": "3ª Defensoria", "original_USUÁRIO/A": "OCUPANTES \"CUSTOS PLEBIS\"", "original_Nº PROCESSO": " 1102955-88.2020.8.26.0100", "original_DATA DISTRIBUIÇÃO": "5/27/2021", "original_DOL": null, "original_CUSTUS E/OU DEFESA": "sim", "original_ENDEREÇO": null, "original_OBS": null, "original_": "NÃO LOCALIZEI", "original__1": null, "original__2": null, "lat": null, "lon": null, "formatted": null, "x": null, "y": null }, "geometry": null },
{ "type": "Feature", "properties": { "original_DEFENSORIA RESPONSÁVEL": "4ª Defensoria ", "original_USUÁRIO/A": "OCUPANTES \"CUSTOS PLEBIS\"", "original_Nº PROCESSO": "1028879-59.2021.8.26.0100 ", "original_DATA DISTRIBUIÇÃO": "6/14/2021", "original_DOL": null, "original_CUSTUS E/OU DEFESA": "sim", "original_ENDEREÇO": "Rua Uruguaiana, 109 – Brás – São Paulo – CEP 03050-040", "original_OBS": "—", "original_": "processo extinto 03/09/2021\t\tArquivado Definitivamente", "original__1": null, "original__2": null, "lat": -23.544595951655058, "lon": -46.614163963955512, "formatted": "Rua Uruguaiana 109, Brás, São Paulo - SP, 03050-040, Brazil", "VALID": 1, "x": -46.61417768, "y": -23.54459701 }, "geometry": { "type": "Point", "coordinates": [ -46.614177676589293, -23.544597006473037 ] } },
{ "type": "Feature", "properties": { "original_DEFENSORIA RESPONSÁVEL": "5ª Defensoria ", "original_USUÁRIO/A": "OCUPANTES \"CUSTOS VULNERABILIS\"", "original_Nº PROCESSO": "1132977-03.2018.8.26.0100", "original_DATA DISTRIBUIÇÃO": "22/06/21", "original_DOL": null, "original_CUSTUS E/OU DEFESA": "sim", "original_ENDEREÇO": "Rua Siqueira Bueno, 387 – Belém – São Paulo – CEP 03059-010", "original_OBS": "Também nº 393", "original_": "manifestação do DP como custos plebis", "original__1": null, "original__2": null, "lat": -23.5429131, "lon": -46.5949144, "formatted": "Rua Siqueira Bueno 387, Belém, São Paulo - SP, 03059-010, Brazil", "VALID": 1, "x": -46.59476615, "y": -23.54287403 }, "geometry": { "type": "Point", "coordinates": [ -46.594766149661694, -23.542874034032476 ] } },
{ "type": "Feature", "properties": { "original_DEFENSORIA RESPONSÁVEL": "6ª Defensoria", "original_USUÁRIO/A": "OCUPANTES \"CUSTOS VULNERABILIS\"", "original_Nº PROCESSO": "1000655-18.2021.8.26.0228", "original_DATA DISTRIBUIÇÃO": "21/7/21", "original_DOL": null, "original_CUSTUS E/OU DEFESA": "sim", "original_ENDEREÇO": "Rua Guainases, 68 – Centro – São Paulo", "original_OBS": "—", "original_": "EXTINTO o processo com resolução do mérito 06/03/2026\t\tArquivado Definitivamente", "original__1": null, "original__2": null, "lat": -23.551773, "lon": -46.62849, "formatted": "Rua Nioac 68, Se, São Paulo - Southeast, 01020-020, Brazil", "VALID": 0, "x": -46.62849, "y": -23.551773 }, "geometry": { "type": "Point", "coordinates": [ -46.62849, -23.551773 ] } },
{ "type": "Feature", "properties": { "original_DEFENSORIA RESPONSÁVEL": "7ª Defensoria", "original_USUÁRIO/A": "OCUPANTES \"CUSTOS PLEBIS\"", "original_Nº PROCESSO": "1123307-67.2020.8.26.0100", "original_DATA DISTRIBUIÇÃO": "7/13/2021", "original_DOL": null, "original_CUSTUS E/OU DEFESA": "não", "original_ENDEREÇO": "Rua Parnaíba, 715 – São Paulo", "original_OBS": "—", "original_": "iniciado cumprimento de sentença guia de custas processuais", "original__1": null, "original__2": null, "lat": -23.551863560516033, "lon": -46.617991725924973, "formatted": "Rua Visconde de Parnaíba 715, Brás, São Paulo - SP, 03045-000, Brazil", "VALID": 1, "x": -46.61813683, "y": -23.55191333 }, "geometry": { "type": "Point", "coordinates": [ -46.618136834656831, -23.551913329213324 ] } },
{ "type": "Feature", "properties": { "original_DEFENSORIA RESPONSÁVEL": "9ª Defensoria (Fabiana)", "original_USUÁRIO/A": "OCUPANTES \"CUSTOS VULNERABILIS\"", "original_Nº PROCESSO": "1014766-27.2017.8.26.0008", "original_DATA DISTRIBUIÇÃO": "7/14/2021", "original_DOL": null, "original_CUSTUS E/OU DEFESA": "sim", "original_ENDEREÇO": "Rua Conselheiro Carrão, 605 – Bela Vista – São Paulo – CEP 01328-000", "original_OBS": "Também nº 611", "original_": "juntada de AI", "original__1": null, "original__2": null, "lat": -23.557957903059343, "lon": -46.648143977912838, "formatted": "Rua Conselheiro Carrão 605, Bixiga, São Paulo - SP, 01328-000, Brazil", "VALID": 1, "x": -46.6481317, "y": -23.55803482 }, "geometry": { "type": "Point", "coordinates": [ -46.648131697786127, -23.558034815431913 ] } },
{ "type": "Feature", "properties": { "original_DEFENSORIA RESPONSÁVEL": "1ª Defensoria", "original_USUÁRIO/A": "OCUPANTES \"CUSTOS PLEBIS\"", "original_Nº PROCESSO": "1028317-21.2019.8.26.0100", "original_DATA DISTRIBUIÇÃO": "7/6/2021", "original_DOL": null, "original_CUSTUS E/OU DEFESA": "sim", "original_ENDEREÇO": "Rua Capitão Salomão, 55 – República – São Paulo – CEP 01034-020", "original_OBS": "—", "original_": "sentença improcedente e juntada de recurso de apelação", "original__1": null, "original__2": null, "lat": -23.5430574, "lon": -46.6368899, "formatted": "Rua Capitão Salomão 55, República, São Paulo - SP, 01034-020, Brazil", "VALID": 1, "x": -46.63701211, "y": -23.54302635 }, "geometry": { "type": "Point", "coordinates": [ -46.637012106359947, -23.543026347564275 ] } },
{ "type": "Feature", "properties": { "original_DEFENSORIA RESPONSÁVEL": "2ª Defensoria ", "original_USUÁRIO/A": "OCUPANTES \"CUSTOS VULNERABILIS\"", "original_Nº PROCESSO": "1009025-60.2013.8.26.0100", "original_DATA DISTRIBUIÇÃO": "6/22/2022", "original_DOL": null, "original_CUSTUS E/OU DEFESA": "sim", "original_ENDEREÇO": "Rua Sete de Abril, 176 – Centro – São Paulo", "original_OBS": "Edifício Santa Leonor", "original_": "juntada de oficio", "original__1": null, "original__2": null, "lat": -23.5462125, "lon": -46.6409527, "formatted": "Rua Sete de Abril 176, República, São Paulo - SP, 01044-000, Brazil", "VALID": 1, "x": -46.64105676, "y": -23.54627778 }, "geometry": { "type": "Point", "coordinates": [ -46.641056757915827, -23.546277778568321 ] } },
{ "type": "Feature", "properties": { "original_DEFENSORIA RESPONSÁVEL": "3ª Defensoria", "original_USUÁRIO/A": "OCUPANTES \"CUSTOS VULNERABILIS\"", "original_Nº PROCESSO": "1100295-24.2020.8.26.0100", "original_DATA DISTRIBUIÇÃO": "6/15/2021", "original_DOL": null, "original_CUSTUS E/OU DEFESA": "sim", "original_ENDEREÇO": "Rua Dom Duarte Leopoldo, 383 – São Paulo", "original_OBS": "Também nº 385", "original_": "sentença procedente 26/03/2023\t\tArquivado Definitivamente", "original__1": null, "original__2": null, "lat": -23.5705716, "lon": -46.6220389, "formatted": "Rua Dom Duarte Leopoldo 383, Cambuci, São Paulo - SP, 01542-000, Brazil", "VALID": 1, "x": -46.62207122, "y": -23.57047207 }, "geometry": { "type": "Point", "coordinates": [ -46.622071216122933, -23.570472066341381 ] } },
{ "type": "Feature", "properties": { "original_DEFENSORIA RESPONSÁVEL": "4ª Defensoria ", "original_USUÁRIO/A": "OCUPANTES \"CUSTOS VULNERABILIS\"", "original_Nº PROCESSO": "1048614-49.2019.8.26.0100", "original_DATA DISTRIBUIÇÃO": "21/06/21", "original_DOL": null, "original_CUSTUS E/OU DEFESA": "sim", "original_ENDEREÇO": "Rua dos Estudantes, 539 – Sé – São Paulo – CEP 01505-000", "original_OBS": "—", "original_": "sentença procedente 09/08/2023\t\tArquivado Provisoriamente", "original__1": null, "original__2": null, "lat": -23.555231827058684, "lon": -46.629968586771504, "formatted": "Rua dos Estudantes 539, Glicério, São Paulo - SP, 01505-001, Brazil", "VALID": 1, "x": -46.62991236, "y": -23.5551575 }, "geometry": { "type": "Point", "coordinates": [ -46.629912356717618, -23.555157499975948 ] } },
{ "type": "Feature", "properties": { "original_DEFENSORIA RESPONSÁVEL": "6ª Defensoria", "original_USUÁRIO/A": "OCUPANTES \"CUSTOS VULNERABILIS\"", "original_Nº PROCESSO": "1113719-36.2020.8.26.0100", "original_DATA DISTRIBUIÇÃO": "7/23/2021", "original_DOL": null, "original_CUSTUS E/OU DEFESA": "sim", "original_ENDEREÇO": "Rua Dr. Silva Leme, 110 – Brás – São Paulo – CEP 03047-020", "original_OBS": "—", "original_": "processo extinto 07/10/2022\t\tArquivado Definitivamente", "original__1": null, "original__2": null, "lat": -23.5395876, "lon": -46.6023365, "formatted": "Rua Doutor Silva Leme 110, Belém, São Paulo - SP, 03047-020, Brazil", "VALID": 1, "x": -46.60229837, "y": -23.53961151 }, "geometry": { "type": "Point", "coordinates": [ -46.602298366974949, -23.539611513930971 ] } },
{ "type": "Feature", "properties": { "original_DEFENSORIA RESPONSÁVEL": "7ª Defensoria", "original_USUÁRIO/A": "OCUPANTES \"CUSTOS VULNERABILIS\"", "original_Nº PROCESSO": "1005906-13.2021.8.26.0100", "original_DATA DISTRIBUIÇÃO": "7/15/2021", "original_DOL": null, "original_CUSTUS E/OU DEFESA": "sim", "original_ENDEREÇO": "Rua Pandiá Calógeras, 122 – Liberdade – São Paulo – CEP 01525-020", "original_OBS": "—", "original_": "homologação de acordo", "original__1": null, "original__2": null, "lat": -23.564812, "lon": -46.633928, "formatted": "Rua Pandia Calogeras 122, Liberdade District, São Paulo - Southeast, 01525-020, Brazil", "VALID": 1, "x": -46.63389859, "y": -23.56482202 }, "geometry": { "type": "Point", "coordinates": [ -46.63389859232813, -23.564822017998104 ] } },
{ "type": "Feature", "properties": { "original_DEFENSORIA RESPONSÁVEL": "1ª Defensoria", "original_USUÁRIO/A": "OCUPANTES \"CUSTOS VULNERABILIS\"", "original_Nº PROCESSO": "1010432-57.2020.8.26.0100", "original_DATA DISTRIBUIÇÃO": "4/11/2022", "original_DOL": null, "original_CUSTUS E/OU DEFESA": "sim", "original_ENDEREÇO": "Rua General Júlio Marcondes Salgado, 323 – Santa Cecília – São Paulo – CEP 01201-020", "original_OBS": "DUPLICADO no bloco", "original_": "juntada de alegação final", "original__1": null, "original__2": null, "lat": -23.534393805509577, "lon": -46.6518335451713, "formatted": "Rua General Júlio Marcondes Salgado 323, Campos Elísios, Santa Cecília, São Paulo - SP, 01201-020, Brazil", "VALID": 1, "x": -46.65194665, "y": -23.53444616 }, "geometry": { "type": "Point", "coordinates": [ -46.651946651601548, -23.534446157628718 ] } },
{ "type": "Feature", "properties": { "original_DEFENSORIA RESPONSÁVEL": "2ª Defensoria ", "original_USUÁRIO/A": "OCUPANTES \"CUSTOS VULNERABILIS\"", "original_Nº PROCESSO": "1023384-68.2020.8.26.0100", "original_DATA DISTRIBUIÇÃO": "9/22/2021", "original_DOL": null, "original_CUSTUS E/OU DEFESA": "sim", "original_ENDEREÇO": "Avenida Rebouças, 2603 – São Paulo – CEP 05401-350", "original_OBS": "—", "original_": "sentença procedenteparcialmente reformada em segundo grau", "original__1": null, "original__2": null, "lat": -23.5680929, "lon": -46.6848368, "formatted": "Avenida Rebouças 2603, Jardim Europa, São Paulo - SP, 05401-350, Brazil", "VALID": 1, "x": -46.68478186, "y": -23.56818274 }, "geometry": { "type": "Point", "coordinates": [ -46.684781862591002, -23.568182738821744 ] } },
{ "type": "Feature", "properties": { "original_DEFENSORIA RESPONSÁVEL": "3ª Defensoria", "original_USUÁRIO/A": "OCUPANTES \"CUSTOS VULNERABILIS\"", "original_Nº PROCESSO": "1000229-85.2017.8.26.0635", "original_DATA DISTRIBUIÇÃO": "16/11/21", "original_DOL": null, "original_CUSTUS E/OU DEFESA": "sim", "original_ENDEREÇO": "Rua Monsenhor Andrade, 987 – Brás – São Paulo – CEP 03009-100", "original_OBS": "Área Norte do Pátio do Pari", "original_": "sentença procedente mantida em segundo grau. Ultima movimentação foi juntada de contrarrazoes ao recurso especial", "original__1": null, "original__2": null, "lat": -23.536621, "lon": -46.622228, "formatted": "Rua Monsenhor Andrade 987, Brás, São Paulo - SP, 03009-100, Brazil", "VALID": 1, "x": -46.6224387, "y": -23.53676965 }, "geometry": { "type": "Point", "coordinates": [ -46.622438701121489, -23.536769654165472 ] } },
{ "type": "Feature", "properties": { "original_DEFENSORIA RESPONSÁVEL": "5ª Defensoria ", "original_USUÁRIO/A": "OCUPANTES \"CUSTOS VULNERABILIS\"", "original_Nº PROCESSO": "1091381-34.2021.8.26.0100", "original_DATA DISTRIBUIÇÃO": "9/30/2021", "original_DOL": null, "original_CUSTUS E/OU DEFESA": "sim", "original_ENDEREÇO": "Rua Vigário Albernaz, 335 – São Paulo", "original_OBS": "Também nº 343", "original_": "juntada de recurso de agravo em recurso especial", "original__1": null, "original__2": null, "lat": -23.604809, "lon": -46.624286, "formatted": "Rua Vigário Albernaz 335, Vila Gumercindo, São Paulo - SP, 04134-040, Brazil", "VALID": 1, "x": -46.62404691, "y": -23.60475134 }, "geometry": { "type": "Point", "coordinates": [ -46.624046907923763, -23.604751336616907 ] } },
{ "type": "Feature", "properties": { "original_DEFENSORIA RESPONSÁVEL": "7ª Defensoria", "original_USUÁRIO/A": "OCUPANTES \"CUSTOS VULNERABILIS\"", "original_Nº PROCESSO": "1101571-90.2020.8.26.0100", "original_DATA DISTRIBUIÇÃO": "10/8/2021", "original_DOL": null, "original_CUSTUS E/OU DEFESA": "sim", "original_ENDEREÇO": "Rua Mello Barreto, 135 – Brás – São Paulo – CEP 03041-040", "original_OBS": "—", "original_": "sentença de extinção de processo09/01/2023\t\tArquivado Definitivamente", "original__1": null, "original__2": null, "lat": -23.546813, "lon": -46.620791, "formatted": "Rua Melo Barreto 135, Brás, São Paulo - Southeast, 03041-040, Brazil", "VALID": 1, "x": -46.62073348, "y": -23.54675806 }, "geometry": { "type": "Point", "coordinates": [ -46.620733477301187, -23.546758062591024 ] } },
{ "type": "Feature", "properties": { "original_DEFENSORIA RESPONSÁVEL": "8ª Defensoria", "original_USUÁRIO/A": "OCUPANTES \"CUSTOS VULNERABILIS\"", "original_Nº PROCESSO": "1132328-33.2021.8.26.0100", "original_DATA DISTRIBUIÇÃO": "1/14/2022", "original_DOL": null, "original_CUSTUS E/OU DEFESA": "sim", "original_ENDEREÇO": "Avenida Brasil, 2125 – São Paulo – CEP 01431-001", "original_OBS": "—", "original_": "sentença procedente 29/08/2022\t\tArquivado Definitivamente", "original__1": null, "original__2": null, "lat": -23.565713, "lon": -46.6766991, "formatted": "Avenida Brasil 2125, Jardins, São Paulo - SP, 01431-001, Brazil", "VALID": 1, "x": -46.67663443, "y": -23.56579279 }, "geometry": { "type": "Point", "coordinates": [ -46.676634427163847, -23.565792791161488 ] } },
{ "type": "Feature", "properties": { "original_DEFENSORIA RESPONSÁVEL": "9ª Defensoria (Fabiana)", "original_USUÁRIO/A": "OCUPANTES \"CUSTOS VULNERABILIS\"", "original_Nº PROCESSO": "1075762-64.2021.8.26.0100", "original_DATA DISTRIBUIÇÃO": "10/28/2021", "original_DOL": null, "original_CUSTUS E/OU DEFESA": "sim", "original_ENDEREÇO": "Rua Antônio Magalhães, 56 – Vila Paiva – São Paulo – CEP 02075-060", "original_OBS": "Conj. 71", "original_": "11/03/2025\t\tArquivado Provisoriamente", "original__1": null, "original__2": null, "lat": -23.5031886, "lon": -46.6026694, "formatted": "Rua Antônio Magalhães 56, Vila Isolina Mazzei, São Paulo - SP, 02075-060, Brazil", "VALID": 1, "x": -46.60275584, "y": -23.50315124 }, "geometry": { "type": "Point", "coordinates": [ -46.602755841997812, -23.503151239475525 ] } },
{ "type": "Feature", "properties": { "original_DEFENSORIA RESPONSÁVEL": "1ª Defensoria", "original_USUÁRIO/A": "OCUPANTES \"CUSTOS VULNERABILIS\"", "original_Nº PROCESSO": "1040460-71.2021.8.26.0100", "original_DATA DISTRIBUIÇÃO": "4/11/2022", "original_DOL": null, "original_CUSTUS E/OU DEFESA": "sim", "original_ENDEREÇO": "Rua Doutor Almeida Lima, 399 – Brás – São Paulo – CEP 03046-010", "original_OBS": "Também nº 407; DUPLICADO no bloco", "original_": "sentença improcedete 02/06/2022\t\tArquivado Definitivamente", "original__1": null, "original__2": null, "lat": -23.545895, "lon": -46.614426, "formatted": "Rua Doutor Almeida Lima 399, Brás, São Paulo - Southeast, 03103-010, Brazil", "VALID": 1, "x": -46.61437599, "y": -23.54589829 }, "geometry": { "type": "Point", "coordinates": [ -46.614375985223916, -23.545898287793975 ] } },
{ "type": "Feature", "properties": { "original_DEFENSORIA RESPONSÁVEL": "3ª Defensoria", "original_USUÁRIO/A": "OCUPANTES \"CUSTOS VULNERABILIS\"", "original_Nº PROCESSO": "1090998-27.2019.8.26.0100", "original_DATA DISTRIBUIÇÃO": "10/28/2021", "original_DOL": null, "original_CUSTUS E/OU DEFESA": "sim", "original_ENDEREÇO": "Rua da Mooca, 1096 – Mooca – São Paulo – CEP 03103-001", "original_OBS": "Também nº 1098, 1102, 1106 e 1108", "original_": "juntada de cumprimento de oficio", "original__1": null, "original__2": null, "lat": -23.554237886153846, "lon": -46.614569659230767, "formatted": "Rua da Mooca 1096, São Paulo - SP, 03104-010, Brazil", "VALID": 1, "x": -46.61456966, "y": -23.55423789 }, "geometry": { "type": "Point", "coordinates": [ -46.614569659230767, -23.554237886153846 ] } },
{ "type": "Feature", "properties": { "original_DEFENSORIA RESPONSÁVEL": "4ª Defensoria ", "original_USUÁRIO/A": "OCUPANTES \"CUSTOS VULNERABILIS\"", "original_Nº PROCESSO": "1041403-88.2021.8.26.0100", "original_DATA DISTRIBUIÇÃO": "16/11/21", "original_DOL": null, "original_CUSTUS E/OU DEFESA": "sim", "original_ENDEREÇO": "Rua José Getúlio, 240 – Aclimação – São Paulo – CEP 01509-000", "original_OBS": "Também nº 242 e 242A", "original_": "sentença procedente parcialmente reformada em segundo grau. 02/09/2025\t\tArquivado Provisoriamente", "original__1": null, "original__2": null, "lat": -23.5678556, "lon": -46.6353102, "formatted": "Rua José Getúlio 240, Liberdade, São Paulo - SP, 01525-001, Brazil", "VALID": 1, "x": -46.63534536, "y": -23.56793398 }, "geometry": { "type": "Point", "coordinates": [ -46.635345362846572, -23.567933983845471 ] } },
{ "type": "Feature", "properties": { "original_DEFENSORIA RESPONSÁVEL": "5ª Defensoria ", "original_USUÁRIO/A": "OCUPANTES \"CUSTOS PLEBIS\"", "original_Nº PROCESSO": "1109722-50.2017.8.26.0100", "original_DATA DISTRIBUIÇÃO": "1/12/2022", "original_DOL": null, "original_CUSTUS E/OU DEFESA": "sim", "original_ENDEREÇO": "Rua Barão de Jaguara, 20 – Mooca – São Paulo – CEP 03105-120", "original_OBS": "DUPLICADO no bloco", "original_": "28/11/2025\t\tProcesso encaminhado para o Arquivo", "original__1": null, "original__2": null, "lat": -23.552989, "lon": -46.617053, "formatted": "Rua Barão de Jaguara 20, Brás, São Paulo - SP, 03105-120, Brazil", "VALID": 1, "x": -46.61710724, "y": -23.55314431 }, "geometry": { "type": "Point", "coordinates": [ -46.617107236176381, -23.553144312686911 ] } },
{ "type": "Feature", "properties": { "original_DEFENSORIA RESPONSÁVEL": "6ª Defensoria", "original_USUÁRIO/A": "OCUPANTES \"CUSTOS VULNERABILIS", "original_Nº PROCESSO": "1018191-38.2021.8.26.0100", "original_DATA DISTRIBUIÇÃO": "19/11/21", "original_DOL": null, "original_CUSTUS E/OU DEFESA": "sim", "original_ENDEREÇO": "Avenida Dom Pedro I, 637 – Ipiranga – São Paulo", "original_OBS": "—", "original_": "12/09/2024\t\tArquivado Definitivamente", "original__1": null, "original__2": null, "lat": -23.57092285, "lon": -46.610878337499997, "formatted": "Avenida Dom Pedro I 637, Vila Monumento, Ipiranga, São Paulo - SP, 01552-001, Brazil", "VALID": 1, "x": -46.61072328, "y": -23.57091758 }, "geometry": { "type": "Point", "coordinates": [ -46.61072327925644, -23.570917575910077 ] } },
{ "type": "Feature", "properties": { "original_DEFENSORIA RESPONSÁVEL": "7ª Defensoria", "original_USUÁRIO/A": "OCUPANTES \"CUSTOS VULNERABILIS\"", "original_Nº PROCESSO": "1091270-55.2018.8.26.0100", "original_DATA DISTRIBUIÇÃO": "23/11/21", "original_DOL": null, "original_CUSTUS E/OU DEFESA": "sim", "original_ENDEREÇO": "Avenida Liberdade, 86 – São Paulo", "original_OBS": "Capital do Estado", "original_": "23/02/2026\t\tConclusos para Despacho", "original__1": null, "original__2": null, "lat": -23.3313069, "lon": -46.7260112, "formatted": "Avenida Liberdade 86, Região Central, Franco da Rocha - SP, 07850-325, Brazil", "VALID": 1, "x": -46.63529692, "y": -23.55364817 }, "geometry": { "type": "Point", "coordinates": [ -46.63529691633326, -23.553648171872737 ] } },
{ "type": "Feature", "properties": { "original_DEFENSORIA RESPONSÁVEL": "8ª Defensoria", "original_USUÁRIO/A": "OCUPANTES \"CUSTOS VULNERABILIS\"", "original_Nº PROCESSO": "1033329-55.2015.8.26.0100", "original_DATA DISTRIBUIÇÃO": "24/11/21", "original_DOL": null, "original_CUSTUS E/OU DEFESA": "sim", "original_ENDEREÇO": "Rua da Cantareira, 1189 – Santa Ifigênia – São Paulo", "original_OBS": "Também nº 1193; antigo nº 59", "original_": "expedição de mandado de imissão na possse", "original__1": null, "original__2": null, "lat": -23.533998, "lon": -46.627039, "formatted": "R Da Cantareira 1189, Bom Retiro, São Paulo - Southeast, 01103-201, Brazil", "VALID": 1, "x": -46.62701995, "y": -23.5339958 }, "geometry": { "type": "Point", "coordinates": [ -46.627019953458117, -23.533995802322089 ] } },
{ "type": "Feature", "properties": { "original_DEFENSORIA RESPONSÁVEL": "9ª Defensoria (Fabiana)", "original_USUÁRIO/A": "OCUPANTES \"CUSTOS PLEBIS\"", "original_Nº PROCESSO": "1115886-89.2021.8.26.0100", "original_DATA DISTRIBUIÇÃO": "12/7/2021", "original_DOL": null, "original_CUSTUS E/OU DEFESA": "sim", "original_ENDEREÇO": "Rua Presidente Almeida Couto, 113 – Mooca – São Paulo – CEP 03108-020", "original_OBS": "—", "original_": "07/03/2025\t\tArquivado Definitivamente", "original__1": null, "original__2": null, "lat": -23.56535, "lon": -46.60884, "formatted": "Rua Presidente Almeida Couto 113, Cambuci, São Paulo - Southeast, 03108-020, Brazil", "VALID": 1, "x": -46.60897626, "y": -23.56519983 }, "geometry": { "type": "Point", "coordinates": [ -46.608976256030438, -23.565199825342802 ] } },
{ "type": "Feature", "properties": { "original_DEFENSORIA RESPONSÁVEL": "1ª Defensoria", "original_USUÁRIO/A": "OCUPANTES \"CUSTOS VULNERABILIS\"", "original_Nº PROCESSO": "1104275-42.2021.8.26.0100", "original_DATA DISTRIBUIÇÃO": "1/27/2022", "original_DOL": null, "original_CUSTUS E/OU DEFESA": "sim", "original_ENDEREÇO": "Rua Dona Sara, 7 – Jardim Vila Formosa – São Paulo – CEP 03470-150", "original_OBS": "—", "original_": "12/05/2025\t\tArquivado Definitivamente", "original__1": null, "original__2": null, "lat": -23.5660781, "lon": -46.5199317, "formatted": "Rua Dona Sara 7, Aricanduva, São Paulo - SP, 03471-005, Brazil", "VALID": 0, "x": -46.5199317, "y": -23.5660781 }, "geometry": { "type": "Point", "coordinates": [ -46.5199317, -23.5660781 ] } },
{ "type": "Feature", "properties": { "original_DEFENSORIA RESPONSÁVEL": "3ª Defensoria", "original_USUÁRIO/A": "OCUPANTES \"CUSTOS VULNERABILIS\"", "original_Nº PROCESSO": "1131080-32.2021.8.26.0100", "original_DATA DISTRIBUIÇÃO": "1/7/2022", "original_DOL": null, "original_CUSTUS E/OU DEFESA": "sim", "original_ENDEREÇO": "Rua da Consolação, 2563 – Cerqueira César – São Paulo – CEP 01416-001", "original_OBS": "Também nº 2567", "original_": "conciliação infrutífira", "original__1": null, "original__2": null, "lat": -23.5563528, "lon": -46.663554, "formatted": "Dali Café, Rua da Consolação 2563, Cerqueira César, São Paulo - SP, 01416-001, Brazil", "VALID": 1, "x": -46.6635475, "y": -23.55636011 }, "geometry": { "type": "Point", "coordinates": [ -46.663547500533035, -23.556360111900336 ] } },
{ "type": "Feature", "properties": { "original_DEFENSORIA RESPONSÁVEL": "4ª Defensoria ", "original_USUÁRIO/A": "OCUPANTES \"CUSTOS PLEBIS\"", "original_Nº PROCESSO": "1109722-50.2017.8.26.0100", "original_DATA DISTRIBUIÇÃO": "1/12/2022", "original_DOL": null, "original_CUSTUS E/OU DEFESA": "sim", "original_ENDEREÇO": "Rua Barão de Jaguara, 20 – Mooca – São Paulo – CEP 03105-120", "original_OBS": "DUPLICADO no bloco", "original_": "28/11/2025\t\tProcesso encaminhado para o Arquivo", "original__1": null, "original__2": null, "lat": -23.552989, "lon": -46.617053, "formatted": "Rua Barão de Jaguara 20, Brás, São Paulo - SP, 03105-120, Brazil", "VALID": 1, "x": -46.61710724, "y": -23.55314431 }, "geometry": { "type": "Point", "coordinates": [ -46.617107236176381, -23.553144312686911 ] } },
{ "type": "Feature", "properties": { "original_DEFENSORIA RESPONSÁVEL": "5ª Defensoria ", "original_USUÁRIO/A": "OCUPANTES \"CUSTOS PLEBIS\"", "original_Nº PROCESSO": "1109722-50.2017.8.26.0100", "original_DATA DISTRIBUIÇÃO": "1/12/2022", "original_DOL": null, "original_CUSTUS E/OU DEFESA": "sim", "original_ENDEREÇO": "—", "original_OBS": "DUPLICADO (linha textual isolada)", "original_": null, "original__1": null, "original__2": null, "lat": null, "lon": null, "formatted": null, "x": null, "y": null }, "geometry": null },
{ "type": "Feature", "properties": { "original_DEFENSORIA RESPONSÁVEL": "6ª Defensoria", "original_USUÁRIO/A": "OCUPANTES \"CUSTOS VULNERABILIS\"", "original_Nº PROCESSO": "1084406-93.2021.8.26.0100", "original_DATA DISTRIBUIÇÃO": "1/12/2022", "original_DOL": null, "original_CUSTUS E/OU DEFESA": "sim", "original_ENDEREÇO": "Rua Apeninos, 939 – Vila Mariana – São Paulo", "original_OBS": "Apto 9", "original_": "sentença homologando acordo 10/05/2023\t\tArquivado Definitivamente", "original__1": null, "original__2": null, "lat": -23.5757689, "lon": -46.6393905, "formatted": "Rua Apeninos 939, Paraíso, Vila Mariana, São Paulo - SP, 04104-080, Brazil", "VALID": 1, "x": -46.63933322, "y": -23.57577256 }, "geometry": { "type": "Point", "coordinates": [ -46.639333223447345, -23.57577255595017 ] } },
{ "type": "Feature", "properties": { "original_DEFENSORIA RESPONSÁVEL": "7ª Defensoria", "original_USUÁRIO/A": "OCUPANTES \"CUSTOS PLEBIS\"", "original_Nº PROCESSO": "1076629-57.2021.8.26.0100", "original_DATA DISTRIBUIÇÃO": "1/13/2022", "original_DOL": null, "original_CUSTUS E/OU DEFESA": "sim", "original_ENDEREÇO": "Rua Pandiá Calógeras, 168 – Aclimação – São Paulo – CEP 01525-020", "original_OBS": "—", "original_": "Juntada de mandado de lavantamento", "original__1": null, "original__2": null, "lat": -23.564519, "lon": -46.633512, "formatted": "Rua Pandia Calogeras 168, Liberdade District, São Paulo - Southeast, 01525-020, Brazil", "VALID": 1, "x": -46.63343238, "y": -23.5646173 }, "geometry": { "type": "Point", "coordinates": [ -46.633432381529659, -23.564617304437871 ] } },
{ "type": "Feature", "properties": { "original_DEFENSORIA RESPONSÁVEL": "8ª Defensoria", "original_USUÁRIO/A": "OCUPANTES \"CUSTOS VULNERABILIS\"", "original_Nº PROCESSO": "1028686-25.2013.8.26.0100", "original_DATA DISTRIBUIÇÃO": "1/13/2022", "original_DOL": null, "original_CUSTUS E/OU DEFESA": "sim", "original_ENDEREÇO": "Avenida Celso Garcia, 2014 – Belém – São Paulo", "original_OBS": "Também nº 2090, 2092 e 2098", "original_": "Juntada de mandado de citação", "original__1": null, "original__2": null, "lat": -23.537171335294321, "lon": -46.592818406624062, "formatted": "Avenida Celso Garcia 2014, Belém, São Paulo - SP, 03014-000, Brazil", "VALID": 1, "x": -46.59289704, "y": -23.53723182 }, "geometry": { "type": "Point", "coordinates": [ -46.59289703973247, -23.537231822300789 ] } },
{ "type": "Feature", "properties": { "original_DEFENSORIA RESPONSÁVEL": "9ª Defensoria (Fabiana)", "original_USUÁRIO/A": "OCUPANTES \"CUSTOS VULNERABILIS\"", "original_Nº PROCESSO": "1036275-87.2021.8.26.0100", "original_DATA DISTRIBUIÇÃO": "1/21/2022", "original_DOL": null, "original_CUSTUS E/OU DEFESA": "sim", "original_ENDEREÇO": "Rua Frederico Steidel, 207 – Santa Cecília – São Paulo", "original_OBS": "Também nº 211", "original_": "Após iniciado o cumprimento de sentença 29/08/2024", "original__1": null, "original__2": null, "lat": -23.5396014, "lon": -46.6476347, "formatted": "Rua Doutor Frederico Steidel 207, Campos Elísios, Santa Cecília, São Paulo - SP, 01225-030, Brazil", "VALID": 1, "x": -46.64765761, "y": -23.53969518 }, "geometry": { "type": "Point", "coordinates": [ -46.647657608086881, -23.539695176583159 ] } },
{ "type": "Feature", "properties": { "original_DEFENSORIA RESPONSÁVEL": "2ª Defensoria ", "original_USUÁRIO/A": "OCUPANTES \"CUSTOS VULNERABILIS\"", "original_Nº PROCESSO": "1130155-36.2021.8.26.0100", "original_DATA DISTRIBUIÇÃO": "1/31/2022", "original_DOL": null, "original_CUSTUS E/OU DEFESA": "sim", "original_ENDEREÇO": "Avenida do Estado, 5263 – Mooca – São Paulo", "original_OBS": "—", "original_": "sentença procedente", "original__1": null, "original__2": null, "lat": -23.557129367289722, "lon": -46.618795633644858, "formatted": "Avenida do Estado 5263, Cambuci, São Paulo - SP, 03105-003, Brazil", "VALID": 1, "x": -46.61896392, "y": -23.55704122 }, "geometry": { "type": "Point", "coordinates": [ -46.618963917812657, -23.55704121843992 ] } },
{ "type": "Feature", "properties": { "original_DEFENSORIA RESPONSÁVEL": "3ª Defensoria", "original_USUÁRIO/A": "Demanda Coletiva", "original_Nº PROCESSO": "0539194-44.2000.8.26.0100", "original_DATA DISTRIBUIÇÃO": "1/28/2022", "original_DOL": null, "original_CUSTUS E/OU DEFESA": "sim", "original_ENDEREÇO": "—", "original_OBS": "FAZENDA BELA VISTA", "original_": "ANDAMENTO - remetido os autos de MG para SP", "original__1": null, "original__2": null, "lat": null, "lon": null, "formatted": null, "x": null, "y": null }, "geometry": null },
{ "type": "Feature", "properties": { "original_DEFENSORIA RESPONSÁVEL": "4ª Defensoria ", "original_USUÁRIO/A": "OCUPANTES \"CUSTOS VULNERABILIS\"", "original_Nº PROCESSO": "1132392-43.2021.8.26.0100", "original_DATA DISTRIBUIÇÃO": "2/1/2022", "original_DOL": null, "original_CUSTUS E/OU DEFESA": "sim", "original_ENDEREÇO": "Avenida Prestes Maia, 913 – Luz – São Paulo – CEP 01021-001", "original_OBS": "—", "original_": "ANDAMENTO", "original__1": null, "original__2": null, "lat": -19.793678, "lon": -45.68086, "formatted": "Luz, Minas Gerais, Brazil", "VALID": 1, "x": -46.63385952, "y": -23.5366401 }, "geometry": { "type": "Point", "coordinates": [ -46.633859522686187, -23.536640095125485 ] } },
{ "type": "Feature", "properties": { "original_DEFENSORIA RESPONSÁVEL": "5ª Defensoria ", "original_USUÁRIO/A": "OCUPANTES \"CUSTOS VULNERABILIS\"", "original_Nº PROCESSO": "1111914-14.2021.8.26.0100", "original_DATA DISTRIBUIÇÃO": "2/9/2022", "original_DOL": null, "original_CUSTUS E/OU DEFESA": "sim", "original_ENDEREÇO": "Rua Manoel de Paiva, 32 – Vila Mariana – São Paulo – CEP 04106-020", "original_OBS": "Também nº 38", "original_": "Desarquivamento sem abertura 18/12/2025", "original__1": null, "original__2": null, "lat": -23.6540513, "lon": -46.535504, "formatted": "Rua Padre Manoel de Paiva 32, Utinga, Santo Andre - Southeast, CEP 04106-020, Brazil", "VALID": 1, "x": -46.63668019, "y": -23.58225311 }, "geometry": { "type": "Point", "coordinates": [ -46.636680186727304, -23.582253110178407 ] } },
{ "type": "Feature", "properties": { "original_DEFENSORIA RESPONSÁVEL": "6ª Defensoria", "original_USUÁRIO/A": "Alessandra da Silva Ferreira Honório e outros", "original_Nº PROCESSO": "1009115-53.2022.8.26.0100", "original_DATA DISTRIBUIÇÃO": "2/15/2022", "original_DOL": null, "original_CUSTUS E/OU DEFESA": "sim", "original_ENDEREÇO": "Rua Uruguaiana, 109 – Brás – São Paulo – CEP 03050-040", "original_OBS": "DUPLICADO no bloco", "original_": "ANDAMENTO", "original__1": null, "original__2": null, "lat": -23.544595951655058, "lon": -46.614163963955512, "formatted": "Rua Uruguaiana 109, Brás, São Paulo - SP, 03050-040, Brazil", "VALID": 1, "x": -46.61417768, "y": -23.54459701 }, "geometry": { "type": "Point", "coordinates": [ -46.614177676589293, -23.544597006473037 ] } },
{ "type": "Feature", "properties": { "original_DEFENSORIA RESPONSÁVEL": "7ª Defensoria", "original_USUÁRIO/A": "OCUPANTES \"CUSTOS VULNERABILIS\"", "original_Nº PROCESSO": "1010432-57.2020.8.26.0100", "original_DATA DISTRIBUIÇÃO": "14/03/2022", "original_DOL": null, "original_CUSTUS E/OU DEFESA": "sim", "original_ENDEREÇO": "Rua General Júlio Marcondes Salgado, 323 – Santa Cecília – São Paulo – CEP 01201-020", "original_OBS": "DUPLICADO no bloco", "original_": "ANDAMENTO", "original__1": null, "original__2": null, "lat": -23.534393805509577, "lon": -46.6518335451713, "formatted": "Rua General Júlio Marcondes Salgado 323, Campos Elísios, Santa Cecília, São Paulo - SP, 01201-020, Brazil", "VALID": 1, "x": -46.65194665, "y": -23.53444616 }, "geometry": { "type": "Point", "coordinates": [ -46.651946651601548, -23.534446157628718 ] } },
{ "type": "Feature", "properties": { "original_DEFENSORIA RESPONSÁVEL": "8ª Defensoria", "original_USUÁRIO/A": "OCUPANTES \"CUSTOS VULNERABILIS\"", "original_Nº PROCESSO": "1040460-71.2021.8.26.0100", "original_DATA DISTRIBUIÇÃO": "3/17/2022", "original_DOL": null, "original_CUSTUS E/OU DEFESA": "sim", "original_ENDEREÇO": "Rua Doutor Almeida Lima, 399 – Brás – São Paulo – CEP 03046-010", "original_OBS": "Também nº 407; DUPLICADO no bloco", "original_": "sentença improcedente - 02/06/2022\t\tArquivado Definitivamente", "original__1": null, "original__2": null, "lat": -23.545895, "lon": -46.614426, "formatted": "Rua Doutor Almeida Lima 399, Brás, São Paulo - Southeast, 03103-010, Brazil", "VALID": 1, "x": -46.61437599, "y": -23.54589829 }, "geometry": { "type": "Point", "coordinates": [ -46.614375985223916, -23.545898287793975 ] } },
{ "type": "Feature", "properties": { "original_DEFENSORIA RESPONSÁVEL": "9ª Defensoria (Fabiana)", "original_USUÁRIO/A": "OCUPANTES \"CUSTOS VULNERABILIS\"", "original_Nº PROCESSO": "1024436-31.2022.8.26.0100", "original_DATA DISTRIBUIÇÃO": "4/20/2022", "original_DOL": null, "original_CUSTUS E/OU DEFESA": "sim", "original_ENDEREÇO": "Avenida Dr. Arnaldo, 140 – Jardim Paulista – São Paulo – CEP 01246-000", "original_OBS": "Também nº 148", "original_": "11/05/2023\t\tArquivado Definitivamente", "original__1": null, "original__2": null, "lat": -23.5557653, "lon": -46.6662503, "formatted": "Avenida Doutor Arnaldo 140, Pacaembu, São Paulo - SP, 01246-000, Brazil", "VALID": 1, "x": -46.66621943, "y": -23.55570599 }, "geometry": { "type": "Point", "coordinates": [ -46.666219427531907, -23.555705992363929 ] } },
{ "type": "Feature", "properties": { "original_DEFENSORIA RESPONSÁVEL": "1ª Defensoria", "original_USUÁRIO/A": "OCUPANTES \"CUSTOS VULNERABILIS\"", "original_Nº PROCESSO": "1056189-06.2022.8.26.0100", "original_DATA DISTRIBUIÇÃO": "6/9/2022", "original_DOL": null, "original_CUSTUS E/OU DEFESA": "sim", "original_ENDEREÇO": "Avenida Santos Dumont, 544 – Luz – São Paulo – CEP 01101-000", "original_OBS": "—", "original_": "sentença procedente 11/11/2024\t\tArquivado Provisoriamente", "original__1": null, "original__2": null, "lat": -19.793678, "lon": -45.68086, "formatted": "Luz, Minas Gerais, Brazil", "VALID": 1, "x": -46.63024899, "y": -23.52396269 }, "geometry": { "type": "Point", "coordinates": [ -46.630248986189677, -23.52396269154438 ] } },
{ "type": "Feature", "properties": { "original_DEFENSORIA RESPONSÁVEL": "2ª Defensoria ", "original_USUÁRIO/A": "OCUPANTES \"CUSTOS VULNERABILIS\"", "original_Nº PROCESSO": "1061105-83.2022.8.26.0100", "original_DATA DISTRIBUIÇÃO": "9/26/2022", "original_DOL": null, "original_CUSTUS E/OU DEFESA": "sim", "original_ENDEREÇO": "Rua Álvaro Neto, 328 – São Paulo", "original_OBS": "—", "original_": "ANDAMENTO", "original__1": null, "original__2": null, "lat": -23.5832268, "lon": -46.6281665, "formatted": "Rua Álvaro Neto 328, Jardim da Glória, São Paulo - SP, 04112-070, Brazil", "VALID": 1, "x": -46.62834361, "y": -23.58324061 }, "geometry": { "type": "Point", "coordinates": [ -46.62834361047485, -23.583240611367302 ] } },
{ "type": "Feature", "properties": { "original_DEFENSORIA RESPONSÁVEL": "3ª Defensoria", "original_USUÁRIO/A": "OCUPANTES \"CUSTOS VULNERABILIS\" ", "original_Nº PROCESSO": "1104713-34.2022.8.26.0100", "original_DATA DISTRIBUIÇÃO": "10/10/2022", "original_DOL": null, "original_CUSTUS E/OU DEFESA": "sim", "original_ENDEREÇO": "Rua Maria, 177 – Bela Vista – São Paulo", "original_OBS": "Também nº 181 e 185", "original_": "18/11/2025\t\tArquivado Definitivamente", "original__1": null, "original__2": null, "lat": -23.551957, "lon": -46.639398, "formatted": "Rua Maria Paula 177, República, São Paulo - Southeast, 01319-000, Brazil", "VALID": 1, "x": -46.64349104, "y": -23.55685029 }, "geometry": { "type": "Point", "coordinates": [ -46.643491039322413, -23.55685028619272 ] } },
{ "type": "Feature", "properties": { "original_DEFENSORIA RESPONSÁVEL": "4ª Defensoria ", "original_USUÁRIO/A": "OCUPANTES \"CUSTOS VULNERABILIS\"", "original_Nº PROCESSO": "1005545-30.2020.8.26.0100", "original_DATA DISTRIBUIÇÃO": "4/29/2022", "original_DOL": null, "original_CUSTUS E/OU DEFESA": "sim", "original_ENDEREÇO": "Rua Victor Ayrosa, 31 – Santa Ifigênia – São Paulo", "original_OBS": "Também nº 41 e 43", "original_": "ANDAMENTO", "original__1": null, "original__2": null, "lat": -23.5285043, "lon": -46.6263548, "formatted": "Rua Victor Airosa 31, Vila Sá Barbosa, São Paulo - SP, 01107-020, Brazil", "VALID": 1, "x": -46.62648419, "y": -23.52846773 }, "geometry": { "type": "Point", "coordinates": [ -46.626484191005957, -23.52846773297658 ] } },
{ "type": "Feature", "properties": { "original_DEFENSORIA RESPONSÁVEL": "5ª Defensoria ", "original_USUÁRIO/A": "OCUPANTES \"CUSTOS VULNERABILIS\"", "original_Nº PROCESSO": "1026815-76.2021.8.26.0100", "original_DATA DISTRIBUIÇÃO": "5/9/2022", "original_DOL": null, "original_CUSTUS E/OU DEFESA": "sim", "original_ENDEREÇO": "Avenida Nove de Julho, 4493 – Bela Vista – São Paulo – CEP 01407-100", "original_OBS": "—", "original_": "ANDAMENTO", "original__1": null, "original__2": null, "lat": -23.575799, "lon": -46.669185, "formatted": "Av Nove De Julho 4493, Jardim Paulista, São Paulo - SP, 01407-100, Brazil", "VALID": 1, "x": -46.669224, "y": -23.57574944 }, "geometry": { "type": "Point", "coordinates": [ -46.669223996801811, -23.575749441564376 ] } },
{ "type": "Feature", "properties": { "original_DEFENSORIA RESPONSÁVEL": "6ª Defensoria", "original_USUÁRIO/A": "OCUPANTES \"CUSTOS VULNERABILIS\"", "original_Nº PROCESSO": "1135640-17.2021.8.26.0100", "original_DATA DISTRIBUIÇÃO": "5/10/2022", "original_DOL": null, "original_CUSTUS E/OU DEFESA": "sim", "original_ENDEREÇO": "Rua Ana Neri, 820 – São Paulo", "original_OBS": "Esquina c/ Rua Silveira da Mota nº 679 e 687", "original_": "sentença parcialmente procedente", "original__1": null, "original__2": null, "lat": -23.561251723118364, "lon": -46.616549363549709, "formatted": "Rua Dona Ana Neri 820, Cambuci, São Paulo - SP, 01522-000, Brazil", "VALID": 1, "x": -46.61671672, "y": -23.56118429 }, "geometry": { "type": "Point", "coordinates": [ -46.616716724824109, -23.561184291148582 ] } },
{ "type": "Feature", "properties": { "original_DEFENSORIA RESPONSÁVEL": "7ª Defensoria", "original_USUÁRIO/A": "OCUPANTES \"CUSTOS VULNERABILIS\"", "original_Nº PROCESSO": "1047690-33.2022.8.26.0100", "original_DATA DISTRIBUIÇÃO": "5/17/2022", "original_DOL": null, "original_CUSTUS E/OU DEFESA": "sim", "original_ENDEREÇO": "Rua Dr. Frederico Steidel, 239 – Santa Cecília – São Paulo – CEP 01032-902", "original_OBS": "—", "original_": "27/11/2024\t\tArquivado Definitivamente", "original__1": null, "original__2": null, "lat": -23.5393227, "lon": -46.6476833, "formatted": "Rua Doutor Frederico Steidel 239, Campos Elísios, Santa Cecília, São Paulo - SP, 01225-030, Brazil", "VALID": 1, "x": -46.6476833, "y": -23.5393227 }, "geometry": { "type": "Point", "coordinates": [ -46.6476833, -23.5393227 ] } },
{ "type": "Feature", "properties": { "original_DEFENSORIA RESPONSÁVEL": "8ª Defensoria", "original_USUÁRIO/A": "OCUPANTES \"CUSTOS VULNERABILIS\"", "original_Nº PROCESSO": "1080162-24.2021.8.26.0100", "original_DATA DISTRIBUIÇÃO": "4/6/2022", "original_DOL": null, "original_CUSTUS E/OU DEFESA": "sim", "original_ENDEREÇO": "Rua Cristiano Viana, 145 – Jardim América – São Paulo", "original_OBS": "—", "original_": "sentença homologatoria de acordo", "original__1": null, "original__2": null, "lat": -23.5612688, "lon": -46.6758044, "formatted": "Rua Cristiano Viana 145, Jardim Paulista, São Paulo - SP, 05411-000, Brazil", "VALID": 1, "x": -46.67590514, "y": -23.56137685 }, "geometry": { "type": "Point", "coordinates": [ -46.675905141737985, -23.561376853638333 ] } },
{ "type": "Feature", "properties": { "original_DEFENSORIA RESPONSÁVEL": "1ª Defensoria", "original_USUÁRIO/A": "OCUPANTES \"CUSTOS VULNERABILIS\"", "original_Nº PROCESSO": "1110203-71.2021.8.26.0100", "original_DATA DISTRIBUIÇÃO": "6/7/2022", "original_DOL": null, "original_CUSTUS E/OU DEFESA": "sim", "original_ENDEREÇO": "Rua Santo Antônio, 686 – Bela Vista – São Paulo", "original_OBS": "Também nº 688", "original_": "ANDAMENTO", "original__1": null, "original__2": null, "lat": -23.5516562, "lon": -46.6450068, "formatted": "Rua Santo Antônio 686, Vila Buarque, São Paulo - SP, 01314-000, Brazil", "VALID": 1, "x": -46.64497268, "y": -23.55160339 }, "geometry": { "type": "Point", "coordinates": [ -46.644972677798421, -23.551603391830895 ] } },
{ "type": "Feature", "properties": { "original_DEFENSORIA RESPONSÁVEL": "2ª Defensoria ", "original_USUÁRIO/A": "OCUPANTES \"CUSTOS VULNERABILIS\"", "original_Nº PROCESSO": "1041342-96.2022.8.26.0100", "original_DATA DISTRIBUIÇÃO": "6/9/2022", "original_DOL": null, "original_CUSTUS E/OU DEFESA": "sim", "original_ENDEREÇO": "Rua Condessa de São Joaquim, 321 – Bela Vista – São Paulo – CEP 01320-030", "original_OBS": "Também nº 323", "original_": "18/03/2024\t\tArquivado Definitivamente", "original__1": null, "original__2": null, "lat": -23.557619570639005, "lon": -46.640228440186377, "formatted": "Rua Condessa de São Joaquim 321, Bixiga, São Paulo - SP, 01320-000, Brazil", "VALID": 1, "x": -46.64025281, "y": -23.55765776 }, "geometry": { "type": "Point", "coordinates": [ -46.640252813187502, -23.557657755007437 ] } },
{ "type": "Feature", "properties": { "original_DEFENSORIA RESPONSÁVEL": "3ª Defensoria", "original_USUÁRIO/A": "OCUPANTES \"CUSTOS VULNERABILIS\"", "original_Nº PROCESSO": "1125374-68.2021.8.26.0100", "original_DATA DISTRIBUIÇÃO": "7/4/2022", "original_DOL": null, "original_CUSTUS E/OU DEFESA": "sim", "original_ENDEREÇO": "Rua Joaquim Távora, 58 – Vila Mariana – São Paulo", "original_OBS": "9º subdistrito", "original_": "ANDAMENTO", "original__1": null, "original__2": null, "lat": -23.58275821435716, "lon": -46.633792723384154, "formatted": "Rua Joaquim Távora 58, Vila Mariana, São Paulo - SP, 04015-011, Brazil", "VALID": 1, "x": -46.63383984, "y": -23.58261441 }, "geometry": { "type": "Point", "coordinates": [ -46.633839844519663, -23.582614413650518 ] } },
{ "type": "Feature", "properties": { "original_DEFENSORIA RESPONSÁVEL": "4ª Defensoria ", "original_USUÁRIO/A": "OCUPANTES \"CUSTOS VULNERABILIS\"", "original_Nº PROCESSO": "1007916-93.2022.8.26.0100", "original_DATA DISTRIBUIÇÃO": "3/8/2022", "original_DOL": null, "original_CUSTUS E/OU DEFESA": "sim", "original_ENDEREÇO": "Rua Conselheiro Crispiniano, 85 – República – São Paulo", "original_OBS": "—", "original_": "ANDAMENTO", "original__1": null, "original__2": null, "lat": -23.5462503, "lon": -46.6400313, "formatted": "Rua Conselheiro Crispiniano 85, República, São Paulo - SP, 01037-001, Brazil", "VALID": 1, "x": -46.64010279, "y": -23.54623649 }, "geometry": { "type": "Point", "coordinates": [ -46.640102794136638, -23.546236488632701 ] } },
{ "type": "Feature", "properties": { "original_DEFENSORIA RESPONSÁVEL": "5ª Defensoria ", "original_USUÁRIO/A": "OCUPANTES \"CUSTOS VULNERABILIS\"", "original_Nº PROCESSO": "1030444-24.2022.8.26.0100", "original_DATA DISTRIBUIÇÃO": "8/22/2022", "original_DOL": null, "original_CUSTUS E/OU DEFESA": "sim", "original_ENDEREÇO": "Rua Asdrúbal do Nascimento, 404 – Centro – São Paulo", "original_OBS": "Também nº 410", "original_": "19/08/2024\t\tArquivado Definitivamente", "original__1": null, "original__2": null, "lat": -23.552841, "lon": -46.637409, "formatted": "Rua Asdrubal do Nascimento 404, República, São Paulo - SP, 01317-000, Brazil", "VALID": 1, "x": -46.63758449, "y": -23.55302705 }, "geometry": { "type": "Point", "coordinates": [ -46.637584485608116, -23.553027047241933 ] } },
{ "type": "Feature", "properties": { "original_DEFENSORIA RESPONSÁVEL": "6ª Defensoria", "original_USUÁRIO/A": "OCUPANTES \"CUSTOS VULNERABILIS\"", "original_Nº PROCESSO": "1002272-72.2022.8.26.0100", "original_DATA DISTRIBUIÇÃO": "9/9/2022", "original_DOL": null, "original_CUSTUS E/OU DEFESA": "sim", "original_ENDEREÇO": "Rua Pietro Abba, 147 – Vila Jaraguá – São Paulo", "original_OBS": "—", "original_": "ANDAMENTO", "original__1": null, "original__2": null, "lat": -23.48243, "lon": -46.762952, "formatted": "Rua Pietro Abba 147, São Domingos, São Paulo - SP, 05160-030, Brazil", "VALID": 1, "x": -46.76314861, "y": -23.4823057 }, "geometry": { "type": "Point", "coordinates": [ -46.763148608875753, -23.482305697694262 ] } },
{ "type": "Feature", "properties": { "original_DEFENSORIA RESPONSÁVEL": "7ª Defensoria", "original_USUÁRIO/A": "OCUPANTES \"CUSTOS VULNERABILIS\"", "original_Nº PROCESSO": "1037243-83.2022.8.26.0100", "original_DATA DISTRIBUIÇÃO": "11/30/2022", "original_DOL": null, "original_CUSTUS E/OU DEFESA": "sim", "original_ENDEREÇO": "Rua Gomes Cardim, 475 – São Paulo", "original_OBS": "—", "original_": "ANDAMENTO", "original__1": null, "original__2": null, "lat": -23.5452527, "lon": -46.6119735, "formatted": "Rua Gomes Cardim 475, Brás, São Paulo - SP, 03050-040, Brazil", "VALID": 1, "x": -46.61210024, "y": -23.54537213 }, "geometry": { "type": "Point", "coordinates": [ -46.612100239605851, -23.545372127705519 ] } },
{ "type": "Feature", "properties": { "original_DEFENSORIA RESPONSÁVEL": "8ª Defensoria", "original_USUÁRIO/A": "OCUPANTES \"CUSTOS VULNERABILIS\" ", "original_Nº PROCESSO": "0062597-69.2018.8.26.0100", "original_DATA DISTRIBUIÇÃO": "12/2/2022", "original_DOL": null, "original_CUSTUS E/OU DEFESA": "não", "original_ENDEREÇO": "Avenida São João, 1901 – Consolação – São Paulo", "original_OBS": "Também Rua Apa nº 92; Praça Olavo Bilac nº 64; Rua Helvétia nº 696", "original_": "cumprimento de sentença", "original__1": null, "original__2": null, "lat": -23.536631859808136, "lon": -46.650830293581848, "formatted": "Avenida São João 1901, Campos Elísios, São Paulo - SP, 01211-101, Brazil", "VALID": 1, "x": -46.65083029, "y": -23.53663186 }, "geometry": { "type": "Point", "coordinates": [ -46.650830293581848, -23.536631859808136 ] } },
{ "type": "Feature", "properties": { "original_DEFENSORIA RESPONSÁVEL": "9ª Defensoria (Fabiana)", "original_USUÁRIO/A": "OCUPANTES \"CUSTOS VULNERABILIS\" ", "original_Nº PROCESSO": "0618172-89.1987.8.26.0100", "original_DATA DISTRIBUIÇÃO": "12/2/2022", "original_DOL": null, "original_CUSTUS E/OU DEFESA": "sim", "original_ENDEREÇO": "Rua Roberto Simonsen, 25 – Centro – São Paulo", "original_OBS": "—", "original_": "ANDAMENTO", "original__1": null, "original__2": null, "lat": -23.5495881, "lon": -46.6321016, "formatted": "Rua Roberto Simonsen 25, Glicério, São Paulo - SP, 01017-020, Brazil", "VALID": 1, "x": -46.63215938, "y": -23.5495607 }, "geometry": { "type": "Point", "coordinates": [ -46.632159383745247, -23.549560698550394 ] } },
{ "type": "Feature", "properties": { "original_DEFENSORIA RESPONSÁVEL": "1ª Defensoria", "original_USUÁRIO/A": "OCUPANTES \"CUSTOS VULNERABILIS\" ", "original_Nº PROCESSO": "1131703-62.2022.8.26.0100", "original_DATA DISTRIBUIÇÃO": "1/9/2023", "original_DOL": null, "original_CUSTUS E/OU DEFESA": "sim", "original_ENDEREÇO": "Rua Direita, 235 – Sé – São Paulo – CEP 01002-001", "original_OBS": "Também nº 238", "original_": "ANDAMENTO", "original__1": null, "original__2": null, "lat": -23.547932, "lon": -46.635823, "formatted": "Rua Direita 235, Se, São Paulo - Southeast, 01002-001, Brazil", "VALID": 1, "x": -46.63584704, "y": -23.54818042 }, "geometry": { "type": "Point", "coordinates": [ -46.635847040595401, -23.548180419485799 ] } },
{ "type": "Feature", "properties": { "original_DEFENSORIA RESPONSÁVEL": "2ª Defensoria ", "original_USUÁRIO/A": "OCUPANTES \"CUSTOS VULNERABILIS\" ", "original_Nº PROCESSO": "1091844-39.2022.8.26.0100", "original_DATA DISTRIBUIÇÃO": "9/26/2022", "original_DOL": null, "original_CUSTUS E/OU DEFESA": "sim", "original_ENDEREÇO": "Rua Vinte e Um de Abril, 287 – Brás – São Paulo – CEP 03047-000", "original_OBS": "Também nº 291", "original_": "ANDAMENTO", "original__1": null, "original__2": null, "lat": -23.544783, "lon": -46.611979, "formatted": "Rua Vinte E Um De Abril 287, Brás, São Paulo - Southeast, 03047-000, Brazil", "VALID": 1, "x": -46.61197619, "y": -23.54464517 }, "geometry": { "type": "Point", "coordinates": [ -46.611976187152038, -23.544645170450174 ] } },
{ "type": "Feature", "properties": { "original_DEFENSORIA RESPONSÁVEL": "3ª Defensoria", "original_USUÁRIO/A": "OCUPANTES \"CUSTOS VULNERABILIS\" ", "original_Nº PROCESSO": "1125486-37.2021.8.26.0100", "original_DATA DISTRIBUIÇÃO": "9/28/2022", "original_DOL": null, "original_CUSTUS E/OU DEFESA": "sim", "original_ENDEREÇO": "Rua Gaspar Lourenço – Vila Mariana – São Paulo", "original_OBS": "Constituída com Rua Joaquim Távora; lote nº 15 da quadra A", "original_": "ANDAMENTO", "original__1": null, "original__2": null, "lat": -23.5823783, "lon": -46.6337715, "formatted": "Rua Gaspar Lourenço, Jardim da Glória, Vila Mariana, São Paulo - SP, 04107-022, Brazil", "VALID": 0, "x": -46.6337715, "y": -23.5823783 }, "geometry": { "type": "Point", "coordinates": [ -46.6337715, -23.5823783 ] } },
{ "type": "Feature", "properties": { "original_DEFENSORIA RESPONSÁVEL": "4ª Defensoria ", "original_USUÁRIO/A": "OCUPANTES \"CUSTOS VULNERABILIS\"", "original_Nº PROCESSO": "1090998-27.2019.8.26.0100", "original_DATA DISTRIBUIÇÃO": "8/25/2022", "original_DOL": null, "original_CUSTUS E/OU DEFESA": "sim", "original_ENDEREÇO": "Rua da Mooca, 1096 – Mooca – São Paulo – CEP 03103-001", "original_OBS": "Também nº 1098, 1102, 1106 e 1108", "original_": "ANDAMENTO", "original__1": null, "original__2": null, "lat": -23.554237886153846, "lon": -46.614569659230767, "formatted": "Rua da Mooca 1096, São Paulo - SP, 03104-010, Brazil", "VALID": 1, "x": -46.61456966, "y": -23.55423789 }, "geometry": { "type": "Point", "coordinates": [ -46.614569659230767, -23.554237886153846 ] } },
{ "type": "Feature", "properties": { "original_DEFENSORIA RESPONSÁVEL": "5ª Defensoria ", "original_USUÁRIO/A": "OCUPANTES \"CUSTOS VULNERABILIS\"", "original_Nº PROCESSO": "1120296-59.2022.8.26.0100", "original_DATA DISTRIBUIÇÃO": "2/27/2023", "original_DOL": null, "original_CUSTUS E/OU DEFESA": "sim", "original_ENDEREÇO": "Avenida São João, 407 – Centro Histórico – São Paulo", "original_OBS": "DUPLICADO no bloco", "original_": "ANDAMENTO", "original__1": null, "original__2": null, "lat": -23.543643, "lon": -46.6382887, "formatted": "Plaza, Avenida São João 407, República, São Paulo - SP, 01035-000, Brazil", "VALID": 1, "x": -46.63844697, "y": -23.54354684 }, "geometry": { "type": "Point", "coordinates": [ -46.638446967253046, -23.543546837618401 ] } },
{ "type": "Feature", "properties": { "original_DEFENSORIA RESPONSÁVEL": "7ª Defensoria", "original_USUÁRIO/A": "OCUPANTES \"CUSTOS VULNERABILIS\"", "original_Nº PROCESSO": "0039379-41.2020.8.26.0100", "original_DATA DISTRIBUIÇÃO": "3/1/2023", "original_DOL": null, "original_CUSTUS E/OU DEFESA": "sim", "original_ENDEREÇO": "Rua General Couto de Magalhães, 396 – Santa Ifigênia – São Paulo", "original_OBS": "Também nº 400", "original_": "cumprimento de sentença arquivado", "original__1": null, "original__2": null, "lat": -23.5360351, "lon": -46.6368795, "formatted": "Rua General Couto de Magalhães 396, Santa Ifigênia, São Paulo - SP, 01212-030, Brazil", "VALID": 1, "x": -46.63686366, "y": -23.53600707 }, "geometry": { "type": "Point", "coordinates": [ -46.636863657549263, -23.536007071048704 ] } },
{ "type": "Feature", "properties": { "original_DEFENSORIA RESPONSÁVEL": "9ª Defensoria (Fabiana)", "original_USUÁRIO/A": "OCUPANTES \"CUSTOS VULNERABILIS\"", "original_Nº PROCESSO": "1122248-10.2021.8.26.0100", "original_DATA DISTRIBUIÇÃO": "12/2/2022", "original_DOL": null, "original_CUSTUS E/OU DEFESA": "sim", "original_ENDEREÇO": "Rua Conselheiro Nébias, 1029 – Santa Cecília – São Paulo", "original_OBS": "—", "original_": "10/07/2025\t\tArquivado Provisoriamente", "original__1": null, "original__2": null, "lat": -23.53445393427949, "lon": -46.646451185677527, "formatted": "Rua Conselheiro Nébias 1029, Campos Elísios, Santa Cecília, São Paulo - SP, 01203-001, Brazil", "VALID": 1, "x": -46.64655111, "y": -23.53451405 }, "geometry": { "type": "Point", "coordinates": [ -46.646551114982145, -23.534514054348936 ] } },
{ "type": "Feature", "properties": { "original_DEFENSORIA RESPONSÁVEL": "1ª Defensoria", "original_USUÁRIO/A": "OCUPANTES \"CUSTOS VULNERABILIS\"", "original_Nº PROCESSO": "1127670-29.2022.8.26.0100", "original_DATA DISTRIBUIÇÃO": "12/14/2022", "original_DOL": null, "original_CUSTUS E/OU DEFESA": "sim", "original_ENDEREÇO": "Rua Oscar Horta, 175 – Mooca – São Paulo – CEP 03105-110", "original_OBS": "—", "original_": "19/03/2024\t\tArquivado Definitivamente", "original__1": null, "original__2": null, "lat": -23.5553338, "lon": -46.6189849, "formatted": "Rua Oscar Horta 175, Cambuci, São Paulo - SP, 03105-020, Brazil", "VALID": 1, "x": -46.61889174, "y": -23.55532679 }, "geometry": { "type": "Point", "coordinates": [ -46.618891742692817, -23.555326788159675 ] } },
{ "type": "Feature", "properties": { "original_DEFENSORIA RESPONSÁVEL": "2ª Defensoria ", "original_USUÁRIO/A": "OCUPANTES \"CUSTOS VULNERABILIS\"", "original_Nº PROCESSO": "1126653-55.2022.8.26.0100", "original_DATA DISTRIBUIÇÃO": "2/2/2023", "original_DOL": null, "original_CUSTUS E/OU DEFESA": "sim", "original_ENDEREÇO": "Rua Jorge Velho, 70 – Bom Retiro – São Paulo – CEP 01124-040", "original_OBS": "15º subdistrito", "original_": "ANDAMENTO", "original__1": null, "original__2": null, "lat": -23.526762, "lon": -46.631698, "formatted": "Rua Jorge Velho 70, Bom Retiro, São Paulo - Southeast, 01124-040, Brazil", "VALID": 1, "x": -46.63174553, "y": -23.52662835 }, "geometry": { "type": "Point", "coordinates": [ -46.631745527352194, -23.526628354710493 ] } },
{ "type": "Feature", "properties": { "original_DEFENSORIA RESPONSÁVEL": "3ª Defensoria", "original_USUÁRIO/A": "OCUPANTES \"CUSTOS VULNERABILIS\"", "original_Nº PROCESSO": "0029288-86.2020.8.26.0100", "original_DATA DISTRIBUIÇÃO": "10/27/2022", "original_DOL": null, "original_CUSTUS E/OU DEFESA": "sim", "original_ENDEREÇO": "Rua Fortaleza, 198 – Bela Vista – São Paulo – CEP 01325-010", "original_OBS": "—", "original_": "cumprimento de sentença arquivado", "original__1": null, "original__2": null, "lat": -23.559763, "lon": -46.64496, "formatted": "Rua Fortaleza 198, Liberdade District, São Paulo - Southeast, 01325-010, Brazil", "VALID": 1, "x": -46.64497422, "y": -23.5596716 }, "geometry": { "type": "Point", "coordinates": [ -46.644974217583986, -23.559671601245775 ] } },
{ "type": "Feature", "properties": { "original_DEFENSORIA RESPONSÁVEL": "4ª Defensoria ", "original_USUÁRIO/A": "OCUPANTES \"CUSTOS VULNERABILIS\"", "original_Nº PROCESSO": "0041709-11.2020.8.26.0100", "original_DATA DISTRIBUIÇÃO": "2/16/2023", "original_DOL": null, "original_CUSTUS E/OU DEFESA": "sim", "original_ENDEREÇO": "Rua Frederico Steidel, 192 – Campos Elíseos – São Paulo", "original_OBS": "Também Avenida Duque de Caxias nº 167 e 171", "original_": "processo extinto e arquivado", "original__1": null, "original__2": null, "lat": -23.5397499, "lon": -46.6474609, "formatted": "Rua Doutor Frederico Steidel 192, Campos Elísios, São Paulo - SP, 01225-030, Brazil", "VALID": 1, "x": -46.64727932, "y": -23.53976412 }, "geometry": { "type": "Point", "coordinates": [ -46.647279321141603, -23.539764117583989 ] } },
{ "type": "Feature", "properties": { "original_DEFENSORIA RESPONSÁVEL": "5ª Defensoria ", "original_USUÁRIO/A": "OCUPANTES \"CUSTOS VULNERABILIS\"", "original_Nº PROCESSO": "0053309-58.2022.8.26.0100", "original_DATA DISTRIBUIÇÃO": "2/24/2023", "original_DOL": null, "original_CUSTUS E/OU DEFESA": "sim", "original_ENDEREÇO": "Rua Muniz de Souza, 1170 – Aclimação – São Paulo", "original_OBS": "—", "original_": "cumprimento de sentença em andamento", "original__1": null, "original__2": null, "lat": -23.572755143105699, "lon": -46.629438671406454, "formatted": "Rua Muniz de Souza 1170, Aclimação, São Paulo - SP, 01534-001, Brazil", "VALID": 1, "x": -46.62956153, "y": -23.57267894 }, "geometry": { "type": "Point", "coordinates": [ -46.6295615332712, -23.572678937645282 ] } },
{ "type": "Feature", "properties": { "original_DEFENSORIA RESPONSÁVEL": "6ª Defensoria", "original_USUÁRIO/A": "OCUPANTES \"CUSTOS VULNERABILIS\"", "original_Nº PROCESSO": "1024522-65.2023.8.26.0100", "original_DATA DISTRIBUIÇÃO": "3/14/2023", "original_DOL": null, "original_CUSTUS E/OU DEFESA": "sim", "original_ENDEREÇO": null, "original_OBS": "NÃO LOCALIZEI", "original_": null, "original__1": null, "original__2": null, "lat": null, "lon": null, "formatted": null, "x": null, "y": null }, "geometry": null },
{ "type": "Feature", "properties": { "original_DEFENSORIA RESPONSÁVEL": "8ª Defensoria", "original_USUÁRIO/A": "OCUPANTES \"CUSTOS VULNERABILIS\"", "original_Nº PROCESSO": "1125984-02.2022.8.26.0100", "original_DATA DISTRIBUIÇÃO": "4/18/2023", "original_DOL": null, "original_CUSTUS E/OU DEFESA": "sim", "original_ENDEREÇO": "Rua Ouvidor Portugal, 876 – Vila Monumento – São Paulo – CEP 01551-000", "original_OBS": "Ipiranga", "original_": "sentença procedente", "original__1": null, "original__2": null, "lat": -23.574852308356721, "lon": -46.611542763635526, "formatted": "Rua Ouvidor Portugal 876, Vila Monumento, São Paulo - SP, 01551-000, Brazil", "VALID": 1, "x": -46.61172069, "y": -23.57492624 }, "geometry": { "type": "Point", "coordinates": [ -46.611720686543748, -23.57492623979347 ] } },
{ "type": "Feature", "properties": { "original_DEFENSORIA RESPONSÁVEL": "9ª Defensoria (Fabiana)", "original_USUÁRIO/A": "OCUPANTES \"CUSTOS VULNERABILIS\"", "original_Nº PROCESSO": "1019463-33.2022.8.26.0100", "original_DATA DISTRIBUIÇÃO": "4/18/2023", "original_DOL": null, "original_CUSTUS E/OU DEFESA": "sim", "original_ENDEREÇO": "Rua Humaitá, 381 – Bela Vista – São Paulo", "original_OBS": "Também nº 389", "original_": "ANDAMENTO", "original__1": null, "original__2": null, "lat": -23.5580187, "lon": -46.6420021, "formatted": "Rua Humaitá 381, Bixiga, São Paulo - SP, 01318-001, Brazil", "VALID": 1, "x": -46.64201104, "y": -23.55803739 }, "geometry": { "type": "Point", "coordinates": [ -46.64201103676708, -23.558037385967527 ] } },
{ "type": "Feature", "properties": { "original_DEFENSORIA RESPONSÁVEL": "1ª Defensoria", "original_USUÁRIO/A": "OCUPANTES \"CUSTOS VULNERABILIS\"", "original_Nº PROCESSO": "1046210-83.2023.8.26.0100", "original_DATA DISTRIBUIÇÃO": "5/2/2023", "original_DOL": null, "original_CUSTUS E/OU DEFESA": "sim", "original_ENDEREÇO": "Praça do Patriarca, 84 – Sé – São Paulo – CEP 01002-010", "original_OBS": "Também nº 96", "original_": "ANDAMENTO", "original__1": null, "original__2": null, "lat": -23.548459, "lon": -46.634583, "formatted": "Praca Do Patriarca 84, Se, São Paulo - Southeast, 01002-010, Brazil", "VALID": 1, "x": -46.63636601, "y": -23.54728902 }, "geometry": { "type": "Point", "coordinates": [ -46.636366010825483, -23.547289024357212 ] } },
{ "type": "Feature", "properties": { "original_DEFENSORIA RESPONSÁVEL": "2ª Defensoria ", "original_USUÁRIO/A": "OCUPANTES \"CUSTOS VULNERABILIS\"", "original_Nº PROCESSO": "1120296-59.2022.8.26.0100", "original_DATA DISTRIBUIÇÃO": "3/2/2023", "original_DOL": null, "original_CUSTUS E/OU DEFESA": "sim", "original_ENDEREÇO": "Avenida São João, 407 – Centro Histórico – São Paulo", "original_OBS": "DUPLICADO no bloco", "original_": "ANDAMENTO", "original__1": null, "original__2": null, "lat": -23.543643, "lon": -46.6382887, "formatted": "Plaza, Avenida São João 407, República, São Paulo - SP, 01035-000, Brazil", "VALID": 1, "x": -46.63844697, "y": -23.54354684 }, "geometry": { "type": "Point", "coordinates": [ -46.638446967253046, -23.543546837618401 ] } },
{ "type": "Feature", "properties": { "original_DEFENSORIA RESPONSÁVEL": "3ª Defensoria", "original_USUÁRIO/A": "OCUPANTES \"CUSTOS VULNERABILIS\"", "original_Nº PROCESSO": "0205886-70.2012.8.26.0100", "original_DATA DISTRIBUIÇÃO": "5/4/2023", "original_DOL": null, "original_CUSTUS E/OU DEFESA": "sim", "original_ENDEREÇO": "Rua José Bonifácio, 135 – Centro – São Paulo", "original_OBS": "Condomínio Attilio Matarazzo; também nº 137", "original_": "cumprimento de sentença em andamento", "original__1": null, "original__2": null, "lat": -23.5490427, "lon": -46.6356244, "formatted": "Rua José Bonifácio 135, Glicério, São Paulo - SP, 01003-001, Brazil", "VALID": 1, "x": -46.6355042, "y": -23.54904671 }, "geometry": { "type": "Point", "coordinates": [ -46.635504197023003, -23.5490467067659 ] } },
{ "type": "Feature", "properties": { "original_DEFENSORIA RESPONSÁVEL": "4ª Defensoria ", "original_USUÁRIO/A": "OCUPANTES \"CUSTOS VULNERABILIS\"", "original_Nº PROCESSO": "1063340-33.2016.8.26.0100", "original_DATA DISTRIBUIÇÃO": "5/10/2023", "original_DOL": null, "original_CUSTUS E/OU DEFESA": "sim", "original_ENDEREÇO": "Rua Peixoto Gomide, 1830 – São Paulo", "original_OBS": "Edifício Peixoto Gomide", "original_": "ANDAMENTO", "original__1": null, "original__2": null, "lat": -23.5673244, "lon": -46.6639228, "formatted": "Rua Peixoto Gomide 1830, Jardins, São Paulo - SP, 01409-002, Brazil", "VALID": 1, "x": -46.6639228, "y": -23.5673244 }, "geometry": { "type": "Point", "coordinates": [ -46.6639228, -23.5673244 ] } },
{ "type": "Feature", "properties": { "original_DEFENSORIA RESPONSÁVEL": "5ª Defensoria ", "original_USUÁRIO/A": "OCUPANTES \"CUSTOS VULNERABILIS\"", "original_Nº PROCESSO": "0086855-46.2018.8.26.0100", "original_DATA DISTRIBUIÇÃO": "5/11/2023", "original_DOL": null, "original_CUSTUS E/OU DEFESA": "sim", "original_ENDEREÇO": "Rua Conselheiro Nébias, 304 – São Paulo", "original_OBS": "Também nº 310, 314, 318 e 322", "original_": "cumprimento de sentença em andamento", "original__1": null, "original__2": null, "lat": -23.539825721362803, "lon": -46.64235035327571, "formatted": "Rua Conselheiro Nébias 304, Campos Elísios, São Paulo - SP, 01203-001, Brazil", "VALID": 1, "x": -46.64225042, "y": -23.53967217 }, "geometry": { "type": "Point", "coordinates": [ -46.642250423971085, -23.539672171455706 ] } },
{ "type": "Feature", "properties": { "original_DEFENSORIA RESPONSÁVEL": "6ª Defensoria", "original_USUÁRIO/A": "OCUPANTES \"CUSTOS VULNERABILIS\"", "original_Nº PROCESSO": "1050404-29.2023.8.26.0100", "original_DATA DISTRIBUIÇÃO": "17/05/2023", "original_DOL": null, "original_CUSTUS E/OU DEFESA": "sim", "original_ENDEREÇO": "Rua José Bonifácio, 166 – Centro – São Paulo", "original_OBS": "—", "original_": "cumprimento de sentença em andamento", "original__1": null, "original__2": null, "lat": -23.5489194, "lon": -46.6360509, "formatted": "Rua José Bonifácio 166, Glicério, São Paulo - SP, 01003-000, Brazil", "VALID": 1, "x": -46.63604088, "y": -23.54887933 }, "geometry": { "type": "Point", "coordinates": [ -46.636040883085251, -23.548879332340999 ] } },
{ "type": "Feature", "properties": { "original_DEFENSORIA RESPONSÁVEL": "8ª Defensoria", "original_USUÁRIO/A": "OCUPANTES \"CUSTOS VULNERABILIS\"", "original_Nº PROCESSO": "1058180-80.2023.8.26.0100", "original_DATA DISTRIBUIÇÃO": "17/05/23", "original_DOL": null, "original_CUSTUS E/OU DEFESA": "sim", "original_ENDEREÇO": "Rua do Bosque, 776 – Barra Funda – São Paulo – CEP 01136-000", "original_OBS": "—", "original_": "ANDAMENTO", "original__1": null, "original__2": null, "lat": -23.5253641, "lon": -46.6563039, "formatted": "Rua do Bosque 776, Campos Elísios, São Paulo - SP, 01136-000, Brazil", "VALID": 1, "x": -46.65607561, "y": -23.52532754 }, "geometry": { "type": "Point", "coordinates": [ -46.656075606222785, -23.52532754049831 ] } },
{ "type": "Feature", "properties": { "original_DEFENSORIA RESPONSÁVEL": "1ª Defensoria", "original_USUÁRIO/A": "OCUPANTES \"CUSTOS VULNERABILIS\"", "original_Nº PROCESSO": "1061830-38.2023.8.26.0100 ", "original_DATA DISTRIBUIÇÃO": "22-05-23", "original_DOL": null, "original_CUSTUS E/OU DEFESA": "sim", "original_ENDEREÇO": "Rua Quintino Bocaiuva, 289 – Centro – São Paulo", "original_OBS": "Também nº 291", "original_": "ANDAMENTO", "original__1": null, "original__2": null, "lat": -23.551312, "lon": -46.635562, "formatted": "Rua Quintino Bocaiuva 289, Se, São Paulo - Southeast, 01004-010, Brazil", "VALID": 1, "x": -46.63529958, "y": -23.55116495 }, "geometry": { "type": "Point", "coordinates": [ -46.635299584021205, -23.551164949559869 ] } },
{ "type": "Feature", "properties": { "original_DEFENSORIA RESPONSÁVEL": "2ª Defensoria ", "original_USUÁRIO/A": "OCUPANTES \"CUSTOS VULNERABILIS\"", "original_Nº PROCESSO": "1075239-81.2023.8.26.0100", "original_DATA DISTRIBUIÇÃO": "7/7/2023", "original_DOL": null, "original_CUSTUS E/OU DEFESA": "sim", "original_ENDEREÇO": "Rua Paulinho Guimarães, 229 – Ponte Pequena – São Paulo – CEP 01109-020", "original_OBS": "Também nº 253 e 279", "original_": "ANDAMENTO", "original__1": null, "original__2": null, "lat": -30.150649, "lon": -52.043239, "formatted": "Rua Ulisses Guimaraes 229, Minas do Leão - South, 96755-000, Brazil", "VALID": 1, "x": -46.62646543, "y": -23.52430513 }, "geometry": { "type": "Point", "coordinates": [ -46.626465426839232, -23.524305125874236 ] } },
{ "type": "Feature", "properties": { "original_DEFENSORIA RESPONSÁVEL": "3ª Defensoria", "original_USUÁRIO/A": "OCUPANTES \"CUSTOS VULNERABILIS\"", "original_Nº PROCESSO": "1014271-85.2023.8.26.0100", "original_DATA DISTRIBUIÇÃO": "5/26/2023", "original_DOL": null, "original_CUSTUS E/OU DEFESA": "sim", "original_ENDEREÇO": "Rua Vinte e Quatro de Maio, 262 – São Paulo", "original_OBS": "—", "original_": "sentença procedente e processo arquivado sem prosseguimento", "original__1": null, "original__2": null, "lat": -23.5432847, "lon": -46.6407355, "formatted": "Rua Vinte e Quatro de Maio 262, República, São Paulo - SP, 01041-000, Brazil", "VALID": 1, "x": -46.64072348, "y": -23.54319455 }, "geometry": { "type": "Point", "coordinates": [ -46.640723479702295, -23.54319454776725 ] } },
{ "type": "Feature", "properties": { "original_DEFENSORIA RESPONSÁVEL": "4ª Defensoria ", "original_USUÁRIO/A": "OCUPANTES \"CUSTOS VULNERABILIS\"", "original_Nº PROCESSO": "1137871-17.2021.8.26.0100", "original_DATA DISTRIBUIÇÃO": "31/07/2023", "original_DOL": null, "original_CUSTUS E/OU DEFESA": "sim", "original_ENDEREÇO": "Rua Almirante Pestana, 71 – Cambuci – São Paulo – CEP 01552-060", "original_OBS": "Também nº 73 e 93", "original_": "01/04/2025\t\tArquivado Definitivamente", "original__1": null, "original__2": null, "lat": -23.567712, "lon": -46.610508, "formatted": "Rua Almirante Pestana 71, Cambuci, São Paulo - Southeast, 01552-060, Brazil", "VALID": 1, "x": -46.64516608, "y": -23.55715065 }, "geometry": { "type": "Point", "coordinates": [ -46.645166083407538, -23.557150649439961 ] } },
{ "type": "Feature", "properties": { "original_DEFENSORIA RESPONSÁVEL": "5ª Defensoria ", "original_USUÁRIO/A": "OCUPANTES \"CUSTOS VULNERABILIS\"", "original_Nº PROCESSO": "1065308-54.2023.8.26.0100", "original_DATA DISTRIBUIÇÃO": "2/6/2023", "original_DOL": null, "original_CUSTUS E/OU DEFESA": "sim", "original_ENDEREÇO": "Praça Almeida Júnior, 86 – Liberdade – São Paulo", "original_OBS": "Também Rua Conselheiro Furtado nº 524 e 532", "original_": "AI em andamento", "original__1": null, "original__2": null, "lat": -23.5573114, "lon": -46.6332633, "formatted": "Praça Almeida Júnior 86, Liberdade, São Paulo - SP, 01510-010, Brazil", "VALID": 1, "x": -46.63318102, "y": -23.55712997 }, "geometry": { "type": "Point", "coordinates": [ -46.633181024197292, -23.55712997130686 ] } },
{ "type": "Feature", "properties": { "original_DEFENSORIA RESPONSÁVEL": "8ª Defensoria", "original_USUÁRIO/A": "OCUPANTES \"CUSTOS VULNERABILIS\"", "original_Nº PROCESSO": "1032331-43.2022.8.26.0100", "original_DATA DISTRIBUIÇÃO": "14/08/2023", "original_DOL": null, "original_CUSTUS E/OU DEFESA": "não", "original_ENDEREÇO": "Rua Conselheiro Ramalho, 569 – Bela Vista – São Paulo – CEP 01325-001", "original_OBS": "—", "original_": "ANDAMENTO", "original__1": null, "original__2": null, "lat": -23.55685492369296, "lon": -46.64449988804342, "formatted": "Rua Conselheiro Ramalho 569, Bixiga, São Paulo - SP, 01328-000, Brazil", "VALID": 1, "x": -46.64423476, "y": -23.55680532 }, "geometry": { "type": "Point", "coordinates": [ -46.644234761168697, -23.556805319309944 ] } },
{ "type": "Feature", "properties": { "original_DEFENSORIA RESPONSÁVEL": "1ª Defensoria", "original_USUÁRIO/A": "OCUPANTES \"CUSTOS VULNERABILIS\"", "original_Nº PROCESSO": "1100917-35.2022.8.26.0100 ", "original_DATA DISTRIBUIÇÃO": "26/06/23", "original_DOL": null, "original_CUSTUS E/OU DEFESA": "sim ", "original_ENDEREÇO": "Rua Rego Freitas, 369 – Centro – São Paulo", "original_OBS": "Também nº 371, 377 e 389", "original_": "ANDAMENTO", "original__1": null, "original__2": null, "lat": -23.5451033, "lon": -46.646541, "formatted": "Rua Rego Freitas 369, Vila Buarque, São Paulo - SP, 01220-010, Brazil", "VALID": 1, "x": -46.64651192, "y": -23.5451033 }, "geometry": { "type": "Point", "coordinates": [ -46.646511921568582, -23.5451033 ] } },
{ "type": "Feature", "properties": { "original_DEFENSORIA RESPONSÁVEL": "2ª Defensoria ", "original_USUÁRIO/A": "OCUPANTES \"CUSTOS VULNERABILIS\"", "original_Nº PROCESSO": "1081039-90.2023.8.26.0100", "original_DATA DISTRIBUIÇÃO": "26/06/23", "original_DOL": null, "original_CUSTUS E/OU DEFESA": "sim ", "original_ENDEREÇO": "Rua José Bonifácio, 110 – Centro – São Paulo", "original_OBS": "—", "original_": "ANDAMENTO", "original__1": null, "original__2": null, "lat": -23.548943, "lon": -46.6355, "formatted": "Rua José Bonifácio 110, Glicério, São Paulo - SP, 01003-000, Brazil", "VALID": 1, "x": -46.63562221, "y": -23.54889292 }, "geometry": { "type": "Point", "coordinates": [ -46.635622206359955, -23.548892915426251 ] } },
{ "type": "Feature", "properties": { "original_DEFENSORIA RESPONSÁVEL": "3ª Defensoria", "original_USUÁRIO/A": "OCUPANTES \"CUSTOS VULNERABILIS\"", "original_Nº PROCESSO": "1034603-10.2022.8.26.0100", "original_DATA DISTRIBUIÇÃO": "20/10/2023", "original_DOL": null, "original_CUSTUS E/OU DEFESA": "sim ", "original_ENDEREÇO": "Rua Canindé, 553 – São Paulo", "original_OBS": "Também nº 559", "original_": "ANDAMENTO", "original__1": null, "original__2": null, "lat": -23.5296948, "lon": -46.6229847, "formatted": "Rua Canindé 553, Canindé, São Paulo - SP, 03033-000, Brazil", "VALID": 1, "x": -46.62303428, "y": -23.52962835 }, "geometry": { "type": "Point", "coordinates": [ -46.623034276445225, -23.529628346467049 ] } },
{ "type": "Feature", "properties": { "original_DEFENSORIA RESPONSÁVEL": "6ª Defensoria", "original_USUÁRIO/A": "OCUPANTES \"CUSTOS VULNERABILIS\"", "original_Nº PROCESSO": "1048658-78.2013.8.26.0100", "original_DATA DISTRIBUIÇÃO": "1/8/2023", "original_DOL": null, "original_CUSTUS E/OU DEFESA": "não ", "original_ENDEREÇO": null, "original_OBS": "Município de Desterro/PB; Campina Grande/PB; Teresina/PI (fora de São Paulo)", "original_": "ANDAMENTO", "original__1": null, "original__2": null, "lat": null, "lon": null, "formatted": null, "x": null, "y": null }, "geometry": null },
{ "type": "Feature", "properties": { "original_DEFENSORIA RESPONSÁVEL": "8ª Defensoria", "original_USUÁRIO/A": "OCUPANTES \"CUSTOS VULNERABILIS\"", "original_Nº PROCESSO": "1133795-23.2016.8.26.0100", "original_DATA DISTRIBUIÇÃO": "16/08/2023", "original_DOL": null, "original_CUSTUS E/OU DEFESA": "sim ", "original_ENDEREÇO": "Rua São Domingos, 19 – São Paulo – CEP 01326-000", "original_OBS": "—", "original_": "ANDAMENTO", "original__1": null, "original__2": null, "lat": -23.552653, "lon": -46.642374, "formatted": "Rua Sao Domingos 19, República, São Paulo - Southeast, 01326-000, Brazil", "VALID": 1, "x": -46.64232782, "y": -23.55277573 }, "geometry": { "type": "Point", "coordinates": [ -46.642327816608926, -23.552775728085557 ] } },
{ "type": "Feature", "properties": { "original_DEFENSORIA RESPONSÁVEL": "1ª Defensoria", "original_USUÁRIO/A": "OCUPANTES \"CUSTOS VULNERABILIS\"", "original_Nº PROCESSO": "1107901-98.2023.8.26.0100", "original_DATA DISTRIBUIÇÃO": "4/10/2023", "original_DOL": null, "original_CUSTUS E/OU DEFESA": "sim ", "original_ENDEREÇO": "Avenida Álvaro Ramos, 1828 – Água Rasa – São Paulo – CEP 03330-000", "original_OBS": "Fundos", "original_": "ANDAMENTO", "original__1": null, "original__2": null, "lat": -23.551568179048214, "lon": -46.579760499121029, "formatted": "Avenida Álvaro Ramos 1828, Belém, São Paulo - SP, 03330-002, Brazil", "VALID": 1, "x": -46.58010944, "y": -23.55145058 }, "geometry": { "type": "Point", "coordinates": [ -46.580109440298081, -23.551450582450556 ] } },
{ "type": "Feature", "properties": { "original_DEFENSORIA RESPONSÁVEL": "3ª Defensoria", "original_USUÁRIO/A": "OCUPANTES \"CUSTOS VULNERABILIS\"", "original_Nº PROCESSO": "1122250-09.2023.8.26.0100", "original_DATA DISTRIBUIÇÃO": "23/10/2023", "original_DOL": null, "original_CUSTUS E/OU DEFESA": "sim ", "original_ENDEREÇO": "Avenida São João, 587 – Centro – São Paulo", "original_OBS": "Intervalo até nº 601", "original_": "07/01/2026\t\tArquivado Definitivamente", "original__1": null, "original__2": null, "lat": -23.542811, "lon": -46.6397499, "formatted": "Avenida São João 587, República, São Paulo - SP, 01035-000, Brazil", "VALID": 1, "x": -46.63982803, "y": -23.54271083 }, "geometry": { "type": "Point", "coordinates": [ -46.639828031935053, -23.542710830852503 ] } },
{ "type": "Feature", "properties": { "original_DEFENSORIA RESPONSÁVEL": "4ª Defensoria ", "original_USUÁRIO/A": "OCUPANTES \"CUSTOS VULNERABILIS\"", "original_Nº PROCESSO": "1129077-36.2023.8.26.0100", "original_DATA DISTRIBUIÇÃO": "25/10/2023", "original_DOL": null, "original_CUSTUS E/OU DEFESA": "sim ", "original_ENDEREÇO": "Rua Serra do Jaire, 1386 – Quarta Parada – São Paulo", "original_OBS": "—", "original_": "ANDAMENTO", "original__1": null, "original__2": null, "lat": -23.553233, "lon": -46.580391, "formatted": "Rua Serra De Jaire 1386, Agua Rasa, São Paulo - Southeast, 03175-001, Brazil", "VALID": 1, "x": -46.580567, "y": -23.55332315 }, "geometry": { "type": "Point", "coordinates": [ -46.580567002924063, -23.553323147839151 ] } },
{ "type": "Feature", "properties": { "original_DEFENSORIA RESPONSÁVEL": "5ª Defensoria ", "original_USUÁRIO/A": "OCUPANTES \"CUSTOS VULNERABILIS\"", "original_Nº PROCESSO": "1124119-75.2021.8.26.0100", "original_DATA DISTRIBUIÇÃO": "11/12/2023", "original_DOL": null, "original_CUSTUS E/OU DEFESA": "sim ", "original_ENDEREÇO": "Rua Javaés, 316 – Bom Retiro – São Paulo – CEP 01130-010", "original_OBS": "—", "original_": "ANDAMENTO", "original__1": null, "original__2": null, "lat": -23.52215885, "lon": -46.645800674999997, "formatted": "Rua Javaés 316, Bairro da Luz, São Paulo - SP, 01130-010, Brazil", "VALID": 1, "x": -46.64564918, "y": -23.52208138 }, "geometry": { "type": "Point", "coordinates": [ -46.645649177722106, -23.522081379801076 ] } },
{ "type": "Feature", "properties": { "original_DEFENSORIA RESPONSÁVEL": "7ª Defensoria", "original_USUÁRIO/A": "OCUPANTES \"CUSTOS VULNERABILIS\"", "original_Nº PROCESSO": "1018359-54.2023.8.26.0008", "original_DATA DISTRIBUIÇÃO": "13/11/2023", "original_DOL": null, "original_CUSTUS E/OU DEFESA": "sim ", "original_ENDEREÇO": "Rua Doutor Siqueira Cardoso – Mooca – São Paulo", "original_OBS": "Sem número informado; CEP 03163-020", "original_": "ANDAMENTO", "original__1": null, "original__2": null, "lat": -23.680109, "lon": -46.515446, "formatted": "Rua Doutor Siqueira, Santo Andre - Southeast, 09175-380, Brazil", "VALID": 0, "x": -46.515446, "y": -23.680109 }, "geometry": { "type": "Point", "coordinates": [ -46.515446, -23.680109 ] } },
{ "type": "Feature", "properties": { "original_DEFENSORIA RESPONSÁVEL": "8ª Defensoria", "original_USUÁRIO/A": "OCUPANTES \"CUSTOS VULNERABILIS\"", "original_Nº PROCESSO": "1046380-26.2021.8.26.0100", "original_DATA DISTRIBUIÇÃO": "13/11/2023", "original_DOL": null, "original_CUSTUS E/OU DEFESA": "sim ", "original_ENDEREÇO": "Rua Professor Camilo Bergenson, 42 – Vila Deodoro – São Paulo – CEP 01544-080", "original_OBS": "—", "original_": "ANDAMENTO", "original__1": null, "original__2": null, "lat": -23.687162, "lon": -46.615772, "formatted": "Rua Marechal Deodoro 42, Cidade Ademar, Diadema - Southeast, 09912-020, Brazil", "VALID": 1, "x": -46.62093324, "y": -23.57769661 }, "geometry": { "type": "Point", "coordinates": [ -46.620933236808263, -23.577696608922011 ] } },
{ "type": "Feature", "properties": { "original_DEFENSORIA RESPONSÁVEL": "9ª Defensoria (Fabiana)", "original_USUÁRIO/A": "OCUPANTES \"CUSTOS VULNERABILIS\"", "original_Nº PROCESSO": "1107997-16.2023.8.26.0100", "original_DATA DISTRIBUIÇÃO": "16/11/2023", "original_DOL": null, "original_CUSTUS E/OU DEFESA": "sim ", "original_ENDEREÇO": "Rua do Hipódromo, 872 – Brás – São Paulo – CEP 03164-140", "original_OBS": "—", "original_": "04/02/2026\t\tArquivado Provisoriamente", "original__1": null, "original__2": null, "lat": -23.5469807, "lon": -46.607714, "formatted": "Rua do Hipódromo 872, Mooca, São Paulo - SP, 03164-140, Brazil", "VALID": 0, "x": -46.607714, "y": -23.5469807 }, "geometry": { "type": "Point", "coordinates": [ -46.607714, -23.5469807 ] } },
{ "type": "Feature", "properties": { "original_DEFENSORIA RESPONSÁVEL": "3ª Defensoria", "original_USUÁRIO/A": "OCUPANTES \"CUSTOS VULNERABILIS\"", "original_Nº PROCESSO": "1084696-40.2023.8.26.0100 ", "original_DATA DISTRIBUIÇÃO": "11/28/2023", "original_DOL": null, "original_CUSTUS E/OU DEFESA": "sim ", "original_ENDEREÇO": "Rua Conselheiro Furtado, 719 – Liberdade – São Paulo – CEP 01511-000", "original_OBS": "—", "original_": "ANDAMENTO", "original__1": null, "original__2": null, "lat": -23.559328752131535, "lon": -46.632883456028544, "formatted": "Rua Conselheiro Furtado 719, Liberdade, São Paulo - SP, 01511-000, Brazil", "VALID": 1, "x": -46.6326514, "y": -23.55932031 }, "geometry": { "type": "Point", "coordinates": [ -46.632651396072198, -23.559320313587666 ] } },
{ "type": "Feature", "properties": { "original_DEFENSORIA RESPONSÁVEL": "4ª Defensoria ", "original_USUÁRIO/A": "OCUPANTES \"CUSTOS VULNERABILIS\"", "original_Nº PROCESSO": "1103356-82.2023.8.26.0100", "original_DATA DISTRIBUIÇÃO": "11/28/2023", "original_DOL": null, "original_CUSTUS E/OU DEFESA": "sim ", "original_ENDEREÇO": "Rua José Paulino, 864 – Bom Retiro – São Paulo – CEP 01120-000", "original_OBS": "Também nº 868", "original_": "ANDAMENTO", "original__1": null, "original__2": null, "lat": -23.526848909090909, "lon": -46.641215281818184, "formatted": "Rua José Paulino 864, Bairro da Luz, São Paulo - SP, 01120-000, Brazil", "VALID": 1, "x": -46.64109908, "y": -23.52687387 }, "geometry": { "type": "Point", "coordinates": [ -46.641099076519801, -23.52687387171056 ] } },
{ "type": "Feature", "properties": { "original_DEFENSORIA RESPONSÁVEL": "5ª Defensoria ", "original_USUÁRIO/A": "OCUPANTES \"CUSTOS VULNERABILIS\"", "original_Nº PROCESSO": "1149528-82.2023.8.26.0100", "original_DATA DISTRIBUIÇÃO": "18/12/2023", "original_DOL": null, "original_CUSTUS E/OU DEFESA": "sim ", "original_ENDEREÇO": "Rua Coronel Bento Pires, 230 – Mooca – São Paulo – CEP 03102-020", "original_OBS": "—", "original_": "06/12/2024\t\tArquivado Provisoriamente", "original__1": null, "original__2": null, "lat": -23.552833, "lon": -46.622943, "formatted": "Rua Coronel Bento Pires 230, Brás, São Paulo - Southeast, 03102-020, Brazil", "VALID": 1, "x": -46.62285084, "y": -23.55289911 }, "geometry": { "type": "Point", "coordinates": [ -46.622850844384295, -23.552899111637352 ] } },
{ "type": "Feature", "properties": { "original_DEFENSORIA RESPONSÁVEL": "7ª Defensoria", "original_USUÁRIO/A": "OCUPANTES \"CUSTOS VULNERABILIS\"", "original_Nº PROCESSO": "1177248-24.2023.8.26.0100", "original_DATA DISTRIBUIÇÃO": "18/01/2024", "original_DOL": null, "original_CUSTUS E/OU DEFESA": "sim ", "original_ENDEREÇO": "Avenida Mutinga – São Paulo", "original_OBS": "Sem número", "original_": "processo extinto e arquivado", "original__1": null, "original__2": null, "lat": -23.4885956, "lon": -46.7489752, "formatted": "Avenida Mutinga, São Domingos, São Paulo - SP, 05135-000, Brazil", "VALID": 0, "x": -46.7489752, "y": -23.4885956 }, "geometry": { "type": "Point", "coordinates": [ -46.7489752, -23.4885956 ] } },
{ "type": "Feature", "properties": { "original_DEFENSORIA RESPONSÁVEL": "8ª Defensoria", "original_USUÁRIO/A": "OCUPANTES \"CUSTOS VULNERABILIS\"", "original_Nº PROCESSO": "1027587-68.2023.8.26.0100", "original_DATA DISTRIBUIÇÃO": "22/01/2024", "original_DOL": null, "original_CUSTUS E/OU DEFESA": "sim ", "original_ENDEREÇO": "Rua Vergueiro, 432 – Liberdade – São Paulo – CEP 01504-000", "original_OBS": "—", "original_": "andamento no segundo grau", "original__1": null, "original__2": null, "lat": -23.565816781818182, "lon": -46.639666118181822, "formatted": "Rua Vergueiro 432, Liberdade, São Paulo - SP, 01504-001, Brazil", "VALID": 1, "x": -46.63971886, "y": -23.56574927 }, "geometry": { "type": "Point", "coordinates": [ -46.639718859080986, -23.565749273467244 ] } },
{ "type": "Feature", "properties": { "original_DEFENSORIA RESPONSÁVEL": "9ª Defensoria (Fabiana)", "original_USUÁRIO/A": "OCUPANTES \"CUSTOS VULNERABILIS\"", "original_Nº PROCESSO": "1090044-39.2023.8.26.0100", "original_DATA DISTRIBUIÇÃO": "1/2/2024", "original_DOL": null, "original_CUSTUS E/OU DEFESA": "sim ", "original_ENDEREÇO": "Rua Dom Duarte Leopoldo, 945 – Cambuci – São Paulo – CEP 01542-000", "original_OBS": "—", "original_": "25/10/2025\t\tArquivado Definitivamente", "original__1": null, "original__2": null, "lat": -23.572806, "lon": -46.61918, "formatted": "Rua Dom Duarte Leopoldo 945, Cambuci, São Paulo - Southeast, 01542-000, Brazil", "VALID": 1, "x": -46.61895041, "y": -23.57277276 }, "geometry": { "type": "Point", "coordinates": [ -46.618950412633787, -23.572772762098644 ] } },
{ "type": "Feature", "properties": { "original_DEFENSORIA RESPONSÁVEL": "1ª Defensoria", "original_USUÁRIO/A": "OCUPANTES \"CUSTOS VULNERABILIS\"", "original_Nº PROCESSO": "1139569-87.2023.8.26.0100", "original_DATA DISTRIBUIÇÃO": "6/2/2024", "original_DOL": null, "original_CUSTUS E/OU DEFESA": "sim ", "original_ENDEREÇO": "Avenida Álvaro Ramos, 1390 – Água Rasa – São Paulo – CEP 03330-000", "original_OBS": "—", "original_": "ANDAMENTO", "original__1": null, "original__2": null, "lat": -23.548283663284074, "lon": -46.582246864477632, "formatted": "Avenida Álvaro Ramos 1390, Belém, São Paulo - SP, 03330-002, Brazil", "VALID": 1, "x": -46.58235618, "y": -23.54827075 }, "geometry": { "type": "Point", "coordinates": [ -46.582356183536113, -23.548270751584255 ] } },
{ "type": "Feature", "properties": { "original_DEFENSORIA RESPONSÁVEL": "2ª Defensoria ", "original_USUÁRIO/A": "OCUPANTES \"CUSTOS VULNERABILIS\"", "original_Nº PROCESSO": "1129873-27.2023.8.26.0100", "original_DATA DISTRIBUIÇÃO": "7/2/2024", "original_DOL": null, "original_CUSTUS E/OU DEFESA": "sim ", "original_ENDEREÇO": "Rua Visconde de Parnaíba, 2545 – Belém – São Paulo – CEP 03045-002", "original_OBS": "Também nº 2549", "original_": "ANDAMENTO", "original__1": null, "original__2": null, "lat": -23.54320492331216, "lon": -46.6028085323982, "formatted": "Rua Visconde de Parnaíba 2545, Belém, São Paulo - SP, 03045-002, Brazil", "VALID": 1, "x": -46.60287765, "y": -23.54320192 }, "geometry": { "type": "Point", "coordinates": [ -46.602877649109978, -23.543201918237738 ] } },
{ "type": "Feature", "properties": { "original_DEFENSORIA RESPONSÁVEL": "3ª Defensoria", "original_USUÁRIO/A": "OCUPANTES \"CUSTOS VULNERABILIS\"", "original_Nº PROCESSO": "1156150-80.2023.8.26.0100", "original_DATA DISTRIBUIÇÃO": "2/19/2024", "original_DOL": null, "original_CUSTUS E/OU DEFESA": "sim ", "original_ENDEREÇO": "Rua Alagoas, 1061 – São Paulo", "original_OBS": "Também nº 1071, 1075 e 1103; inclui Rua Itatiara nº 260", "original_": "processo em andamnto no 2 grau", "original__1": null, "original__2": null, "lat": -23.5442316, "lon": -46.6639063, "formatted": "Rua Alagoas 1061, Consolação, São Paulo - SP, 01242-000, Brazil", "VALID": 1, "x": -46.6639063, "y": -23.5442316 }, "geometry": { "type": "Point", "coordinates": [ -46.6639063, -23.5442316 ] } },
{ "type": "Feature", "properties": { "original_DEFENSORIA RESPONSÁVEL": "4ª Defensoria ", "original_USUÁRIO/A": "OCUPANTES \"CUSTOS VULNERABILIS\"", "original_Nº PROCESSO": "1087381-20.2023.8.26.0100", "original_DATA DISTRIBUIÇÃO": "2/20/2024", "original_DOL": null, "original_CUSTUS E/OU DEFESA": "sim ", "original_ENDEREÇO": "Rua Tenente Azevedo, 74 – Cambuci – São Paulo – CEP 01528-020", "original_OBS": "—", "original_": "ANDAMENTO", "original__1": null, "original__2": null, "lat": -23.56536, "lon": -46.628422, "formatted": "Rua Tenente Azevedo 74, Cambuci, São Paulo - Southeast, 01528-020, Brazil", "VALID": 1, "x": -46.62846036, "y": -23.56541182 }, "geometry": { "type": "Point", "coordinates": [ -46.628460359184885, -23.565411818548 ] } },
{ "type": "Feature", "properties": { "original_DEFENSORIA RESPONSÁVEL": "7ª Defensoria", "original_USUÁRIO/A": "OCUPANTES \"CUSTOS VULNERABILIS\"", "original_Nº PROCESSO": "1109461-12.2022.8.26.0100", "original_DATA DISTRIBUIÇÃO": "7/3/2024", "original_DOL": null, "original_CUSTUS E/OU DEFESA": "sim ", "original_ENDEREÇO": "Rua da Figueira, 705 – Brás – São Paulo – CEP 03003-000", "original_OBS": "—", "original_": "3/11/2025", "original__1": null, "original__2": "Arquivado Definitivamente", "lat": -23.551067, "lon": -46.624978, "formatted": "Rua da Figueira 705, Glicério, São Paulo - SP, 03101-000, Brazil", "VALID": 1, "x": -46.62486781, "y": -23.55099087 }, "geometry": { "type": "Point", "coordinates": [ -46.624867813937747, -23.550990871447897 ] } },
{ "type": "Feature", "properties": { "original_DEFENSORIA RESPONSÁVEL": "8ª Defensoria", "original_USUÁRIO/A": "OCUPANTES \"CUSTOS VULNERABILIS\"", "original_Nº PROCESSO": "1008769-34.2024.8.26.0100", "original_DATA DISTRIBUIÇÃO": "18/03/2024", "original_DOL": null, "original_CUSTUS E/OU DEFESA": "sim ", "original_ENDEREÇO": "Rua Benjamin de Oliveira, 151 – Brás – São Paulo – CEP 03006-000", "original_OBS": "Também nº 153", "original_": "22/05/2025\t\tArquivado Definitivamente", "original__1": null, "original__2": null, "lat": -24.012194, "lon": -46.281888, "formatted": "Rua Benjamin Francisco de Oliveira 151, Guaruja - SP, 11421-000, Brazil", "VALID": 1, "x": -46.62551006, "y": -23.54122817 }, "geometry": { "type": "Point", "coordinates": [ -46.625510061865704, -23.54122816689507 ] } },
{ "type": "Feature", "properties": { "original_DEFENSORIA RESPONSÁVEL": "9ª Defensoria (Fabiana)", "original_USUÁRIO/A": "OCUPANTES \"CUSTOS VULNERABILIS\"", "original_Nº PROCESSO": "1029198-27.2021.8.26.0100", "original_DATA DISTRIBUIÇÃO": "22/03/2024", "original_DOL": null, "original_CUSTUS E/OU DEFESA": "sim ", "original_ENDEREÇO": "Rua Mituto Mizumoto, 255 – Liberdade – São Paulo – CEP 01513-040", "original_OBS": "Conjuntos 51, 52 e 53", "original_": "ANDAMENTO", "original__1": null, "original__2": null, "lat": -23.558723, "lon": -46.631871, "formatted": "Rua Mituto Mizumoto 255, Liberdade District, São Paulo - Southeast, 01513-040, Brazil", "VALID": 1, "x": -46.63185809, "y": -23.55898037 }, "geometry": { "type": "Point", "coordinates": [ -46.631858088300177, -23.558980373216421 ] } },
{ "type": "Feature", "properties": { "original_DEFENSORIA RESPONSÁVEL": "1ª Defensoria", "original_USUÁRIO/A": "OCUPANTES \"CUSTOS VULNERABILIS\"", "original_Nº PROCESSO": "1056752-29.2024.8.26.0100", "original_DATA DISTRIBUIÇÃO": "4/25/2024", "original_DOL": null, "original_CUSTUS E/OU DEFESA": "sim ", "original_ENDEREÇO": "Rua Heitor de Morais, 523 – São Paulo", "original_OBS": "—", "original_": "10/03/2025\t\tArquivado Definitivamente", "original__1": null, "original__2": null, "lat": -23.5447728, "lon": -46.6693343, "formatted": "Rua Heitor de Morais 523, Perdizes, São Paulo - SP, 01237-000, Brazil", "VALID": 1, "x": -46.66925769, "y": -23.54469619 }, "geometry": { "type": "Point", "coordinates": [ -46.66925769058107, -23.544696190581067 ] } },
{ "type": "Feature", "properties": { "original_DEFENSORIA RESPONSÁVEL": "2ª Defensoria ", "original_USUÁRIO/A": "OCUPANTES \"CUSTOS VULNERABILIS\"", "original_Nº PROCESSO": "1043543-90.2024.8.26.0100", "original_DATA DISTRIBUIÇÃO": "5/6/2024", "original_DOL": null, "original_CUSTUS E/OU DEFESA": "sim ", "original_ENDEREÇO": "Rua José Bonifácio, 367 – Centro – São Paulo – CEP 01005-020", "original_OBS": "Esquina com Rua do Ouvidor nº 24 e Rua São Francisco nº 74", "original_": "ANDAMENTO", "original__1": null, "original__2": null, "lat": -23.5488822, "lon": -46.6378241, "formatted": "Rua José Bonifácio 367, Glicério, São Paulo - SP, 01003-001, Brazil", "VALID": 1, "x": -46.6378241, "y": -23.5488822 }, "geometry": { "type": "Point", "coordinates": [ -46.6378241, -23.5488822 ] } },
{ "type": "Feature", "properties": { "original_DEFENSORIA RESPONSÁVEL": "4ª Defensoria ", "original_USUÁRIO/A": "OCUPANTES \"CUSTOS VULNERABILIS\"", "original_Nº PROCESSO": "1140112-61.2021.8.26.0100", "original_DATA DISTRIBUIÇÃO": "5/7/2024", "original_DOL": null, "original_CUSTUS E/OU DEFESA": "sim ", "original_ENDEREÇO": "Rua Maestro Cardim, 1028 – São Paulo – CEP 01323-001", "original_OBS": "—", "original_": "07/02/2025\t\tBaixa Definitiva", "original__1": null, "original__2": null, "lat": -23.56999312364027, "lon": -46.64207950636716, "formatted": "Rua Maestro Cardim 1028, Morro dos Ingleses, São Paulo - SP, 01323-001, Brazil", "VALID": 1, "x": -46.6422663, "y": -23.57002153 }, "geometry": { "type": "Point", "coordinates": [ -46.642266295624552, -23.570021529379879 ] } },
{ "type": "Feature", "properties": { "original_DEFENSORIA RESPONSÁVEL": "5ª Defensoria ", "original_USUÁRIO/A": "OCUPANTES \"CUSTOS VULNERABILIS\"", "original_Nº PROCESSO": "1098311-97.2023.8.26.0100", "original_DATA DISTRIBUIÇÃO": "5/24/2024", "original_DOL": null, "original_CUSTUS E/OU DEFESA": "sim ", "original_ENDEREÇO": "Rua Major Basílio, 436 – São Paulo", "original_OBS": "—", "original_": "ANDAMENTO", "original__1": null, "original__2": null, "lat": -23.558034240384615, "lon": -46.582058496153849, "formatted": "Rua Major Basílio 436, Água Rasa, São Paulo - SP, 03181-010, Brazil", "VALID": 1, "x": -46.58208174, "y": -23.55814872 }, "geometry": { "type": "Point", "coordinates": [ -46.582081737213521, -23.558148724123019 ] } },
{ "type": "Feature", "properties": { "original_DEFENSORIA RESPONSÁVEL": "6ª Defensoria", "original_USUÁRIO/A": "OCUPANTES \"CUSTOS VULNERABILIS\"", "original_Nº PROCESSO": "1024264-21.2024.8.26.0100", "original_DATA DISTRIBUIÇÃO": "6/3/2024", "original_DOL": null, "original_CUSTUS E/OU DEFESA": "sim ", "original_ENDEREÇO": "Rua Coronel Moraes, 500 – Pari – São Paulo", "original_OBS": "—", "original_": "ANDAMENTO", "original__1": null, "original__2": null, "lat": -23.630025, "lon": -46.62026, "formatted": "Rua Coronel Silverio Antonio De Moraes 263, Cursino, São Paulo - Southeast, 04157-000, Brazil", "VALID": 0, "x": -46.62026, "y": -23.630025 }, "geometry": { "type": "Point", "coordinates": [ -46.62026, -23.630025 ] } },
{ "type": "Feature", "properties": { "original_DEFENSORIA RESPONSÁVEL": "7ª Defensoria", "original_USUÁRIO/A": "OCUPANTES \"CUSTOS VULNERABILIS\"", "original_Nº PROCESSO": "1084440-63.2024.8.26.0100", "original_DATA DISTRIBUIÇÃO": "6/14/2024", "original_DOL": null, "original_CUSTUS E/OU DEFESA": "sim ", "original_ENDEREÇO": "Rua Capitão Salomão, 55 – Centro – São Paulo – CEP 01034-020", "original_OBS": "—", "original_": "ANDAMENTO", "original__1": null, "original__2": null, "lat": -23.5430574, "lon": -46.6368899, "formatted": "Rua Capitão Salomão 55, República, São Paulo - SP, 01034-020, Brazil", "VALID": 1, "x": -46.63701211, "y": -23.54302635 }, "geometry": { "type": "Point", "coordinates": [ -46.637012106359947, -23.543026347564275 ] } },
{ "type": "Feature", "properties": { "original_DEFENSORIA RESPONSÁVEL": "9ª Defensoria (Fabiana)", "original_USUÁRIO/A": "OCUPANTES \"CUSTOS VULNERABILIS\"", "original_Nº PROCESSO": "1064856-10.2024.8.26.0100", "original_DATA DISTRIBUIÇÃO": "7/10/2024", "original_DOL": null, "original_CUSTUS E/OU DEFESA": "sim ", "original_ENDEREÇO": "Rua do Paraíso, 805 – Aclimação – São Paulo – CEP 04103-000", "original_OBS": "—", "original_": "14/07/2025\t\tBaixa Definitiva", "original__1": null, "original__2": null, "lat": -23.5750056, "lon": -46.6356472, "formatted": "Rua do Paraíso 805, Paraíso, São Paulo - SP, 01532-050, Brazil", "VALID": 1, "x": -46.63560502, "y": -23.57490575 }, "geometry": { "type": "Point", "coordinates": [ -46.635605021780592, -23.574905749521385 ] } },
{ "type": "Feature", "properties": { "original_DEFENSORIA RESPONSÁVEL": "1ª Defensoria", "original_USUÁRIO/A": "OCUPANTES \"CUSTOS VULNERABILIS\"", "original_Nº PROCESSO": "1027194-12.2024.8.26.0100", "original_DATA DISTRIBUIÇÃO": "7/10/2024", "original_DOL": null, "original_CUSTUS E/OU DEFESA": "sim ", "original_ENDEREÇO": "Largo da Misericórdia, 23 – Centro – São Paulo – CEP 01012-020", "original_OBS": "—", "original_": "ANDAMENTO", "original__1": null, "original__2": null, "lat": -23.5484111, "lon": -46.634596, "formatted": "Largo da Misericórdia 23, Glicério, São Paulo - SP, 01012-020, Brazil", "VALID": 1, "x": -46.63463306, "y": -23.54839307 }, "geometry": { "type": "Point", "coordinates": [ -46.634633062584584, -23.548393069553452 ] } },
{ "type": "Feature", "properties": { "original_DEFENSORIA RESPONSÁVEL": "2ª Defensoria ", "original_USUÁRIO/A": "OCUPANTES \"CUSTOS VULNERABILIS\"", "original_Nº PROCESSO": "1080826-50.2024.8.26.0100", "original_DATA DISTRIBUIÇÃO": "7/18/2024", "original_DOL": null, "original_CUSTUS E/OU DEFESA": "sim ", "original_ENDEREÇO": "Rua Vergueiro, 7223 – São Paulo – CEP 04273-200", "original_OBS": "Também nº 7227 e 7235", "original_": "ANDAMENTO", "original__1": null, "original__2": null, "lat": -23.608986537413003, "lon": -46.612819329509072, "formatted": "Rua Vergueiro 7223, Vila Firmiano Pinto, São Paulo - SP, 04272-100, Brazil", "VALID": 1, "x": -46.61288473, "y": -23.60881144 }, "geometry": { "type": "Point", "coordinates": [ -46.612884728224046, -23.608811437627761 ] } },
{ "type": "Feature", "properties": { "original_DEFENSORIA RESPONSÁVEL": "3ª Defensoria", "original_USUÁRIO/A": "OCUPANTES \"CUSTOS VULNERABILIS\"", "original_Nº PROCESSO": "1149752-20.2023.8.26.0100", "original_DATA DISTRIBUIÇÃO": "8/13/2024", "original_DOL": null, "original_CUSTUS E/OU DEFESA": "sim ", "original_ENDEREÇO": "Rua Bento de Freitas, 249 – República – São Paulo – CEP 01220-000", "original_OBS": "—", "original_": "ANDAMENTO", "original__1": null, "original__2": null, "lat": -23.544184, "lon": -46.645658, "formatted": "Rua Bento Freitas 249, Santa Cecilia, São Paulo - Southeast, 01220-000, Brazil", "VALID": 1, "x": -46.64539761, "y": -23.5441982 }, "geometry": { "type": "Point", "coordinates": [ -46.645397614053607, -23.544198202869801 ] } },
{ "type": "Feature", "properties": { "original_DEFENSORIA RESPONSÁVEL": "5ª Defensoria ", "original_USUÁRIO/A": "OCUPANTES \"CUSTOS VULNERABILIS\"", "original_Nº PROCESSO": "1176974-60.2023.8.26.0100", "original_DATA DISTRIBUIÇÃO": "8/30/2024", "original_DOL": null, "original_CUSTUS E/OU DEFESA": "sim ", "original_ENDEREÇO": "Rua Bueno de Andrade, 71 – Aclimação – São Paulo – CEP 01526-000", "original_OBS": "—", "original_": "ANDAMENTO", "original__1": null, "original__2": null, "lat": -23.560730221650243, "lon": -46.631496500086932, "formatted": "Rua Bueno de Andrade 71, Liberdade, São Paulo - SP, 01526-000, Brazil", "VALID": 1, "x": -46.6311948, "y": -23.56069536 }, "geometry": { "type": "Point", "coordinates": [ -46.631194796701131, -23.560695360060723 ] } },
{ "type": "Feature", "properties": { "original_DEFENSORIA RESPONSÁVEL": "7ª Defensoria", "original_USUÁRIO/A": "OCUPANTES \"CUSTOS VULNERABILIS\"", "original_Nº PROCESSO": "0012379-81.2011.8.26.0100", "original_DATA DISTRIBUIÇÃO": "10/3/2024", "original_DOL": null, "original_CUSTUS E/OU DEFESA": "sim ", "original_ENDEREÇO": "Avenida Onze de Junho, 1392 – São Paulo", "original_OBS": "—", "original_": "andamento segundo grau", "original__1": null, "original__2": null, "lat": -23.601353208694228, "lon": -46.650417154250761, "formatted": "Avenida Onze de Junho 1392, Mirandópolis, São Paulo - SP, 04041-052, Brazil", "VALID": 1, "x": -46.65044255, "y": -23.60122022 }, "geometry": { "type": "Point", "coordinates": [ -46.650442547260404, -23.601220218186079 ] } },
{ "type": "Feature", "properties": { "original_DEFENSORIA RESPONSÁVEL": "8ª Defensoria", "original_USUÁRIO/A": "OCUPANTES \"CUSTOS VULNERABILIS\"", "original_Nº PROCESSO": "1096178-48.2024.8.26.0100", "original_DATA DISTRIBUIÇÃO": "9/17/2024", "original_DOL": null, "original_CUSTUS E/OU DEFESA": "sim ", "original_ENDEREÇO": "Rua dos Estudantes, 343 – Liberdade – São Paulo – CEP 01513-010", "original_OBS": "—", "original_": "ANDAMENTO", "original__1": null, "original__2": null, "lat": -23.555367098972553, "lon": -46.631855957595221, "formatted": "Rua dos Estudantes 343, Glicério, São Paulo - SP, 01505-001, Brazil", "VALID": 1, "x": -46.631865, "y": -23.55526596 }, "geometry": { "type": "Point", "coordinates": [ -46.631864995785094, -23.555265957323961 ] } },
{ "type": "Feature", "properties": { "original_DEFENSORIA RESPONSÁVEL": "9ª Defensoria (Fabiana)", "original_USUÁRIO/A": "OCUPANTES \"CUSTOS VULNERABILIS\"", "original_Nº PROCESSO": "1109952-48.2024.8.26.0100 ", "original_DATA DISTRIBUIÇÃO": "10/15/2024", "original_DOL": null, "original_CUSTUS E/OU DEFESA": "sim ", "original_ENDEREÇO": "Rua Taquari, 576 – Mooca – São Paulo", "original_OBS": "—", "original_": "19/03/2026\t\tArquivado Provisoriamente", "original__1": null, "original__2": null, "lat": -23.5512252, "lon": -46.5975332, "formatted": "Rua Taquari 576, Mooca, São Paulo - SP, 03166-000, Brazil", "VALID": 1, "x": -46.59747511, "y": -23.55123332 }, "geometry": { "type": "Point", "coordinates": [ -46.597475111013978, -23.551233324333712 ] } },
{ "type": "Feature", "properties": { "original_DEFENSORIA RESPONSÁVEL": "3ª Defensoria", "original_USUÁRIO/A": "OCUPANTES \"CUSTOS VULNERABILIS\"", "original_Nº PROCESSO": "2325339-14.2024.8.26.0000", "original_DATA DISTRIBUIÇÃO": "11/18/2024", "original_DOL": null, "original_CUSTUS E/OU DEFESA": "sim ", "original_ENDEREÇO": null, "original_OBS": "NÃO LOCALIZEI", "original_": null, "original__1": null, "original__2": null, "lat": null, "lon": null, "formatted": null, "x": null, "y": null }, "geometry": null },
{ "type": "Feature", "properties": { "original_DEFENSORIA RESPONSÁVEL": "4ª Defensoria ", "original_USUÁRIO/A": "OCUPANTES \"CUSTOS VULNERABILIS\"", "original_Nº PROCESSO": "1001488-02.2022.8.26.0228", "original_DATA DISTRIBUIÇÃO": "12/6/2024", "original_DOL": null, "original_CUSTUS E/OU DEFESA": "sim ", "original_ENDEREÇO": "Rua Sete de Abril, 351 – República – São Paulo – CEP 01043-000", "original_OBS": "Também nº 365", "original_": "ANDAMENTO", "original__1": null, "original__2": null, "lat": -23.5449546, "lon": -46.642041, "formatted": "Rua Sete de Abril 351, República, São Paulo - SP, 01043-000, Brazil", "VALID": 1, "x": -46.64211072, "y": -23.54500883 }, "geometry": { "type": "Point", "coordinates": [ -46.642110723179023, -23.545008829139242 ] } },
{ "type": "Feature", "properties": { "original_DEFENSORIA RESPONSÁVEL": "5ª Defensoria ", "original_USUÁRIO/A": "OCUPANTES \"CUSTOS VULNERABILIS\"", "original_Nº PROCESSO": "0061019-61.2024.8.26.0100", "original_DATA DISTRIBUIÇÃO": "1/9/2025", "original_DOL": null, "original_CUSTUS E/OU DEFESA": "sim ", "original_ENDEREÇO": "Rua Juliocenalvo, 16-A – Jardim Catarina – São Paulo – CEP 03910-050", "original_OBS": "—", "original_": "ANDAMENTO", "original__1": null, "original__2": null, "lat": -23.5506507, "lon": -46.6333824, "formatted": "São Paulo, Região Metropolitana de São Paulo, Brazil", "VALID": 1, "x": -46.51456349, "y": -23.58245547 }, "geometry": { "type": "Point", "coordinates": [ -46.514563493500681, -23.582455472802152 ] } },
{ "type": "Feature", "properties": { "original_DEFENSORIA RESPONSÁVEL": "6ª Defensoria", "original_USUÁRIO/A": "OCUPANTES \"CUSTOS VULNERABILIS\"", "original_Nº PROCESSO": "1110259-36.2023.8.26.0100\t", "original_DATA DISTRIBUIÇÃO": "1/23/2025", "original_DOL": null, "original_CUSTUS E/OU DEFESA": "sim ", "original_ENDEREÇO": "Rua Sousa Ramos, 520 – Vila Mariana – São Paulo", "original_OBS": "Comunidade Sousa Ramos", "original_": "ANDAMENTO", "original__1": null, "original__2": null, "lat": -23.5942476, "lon": -46.6318118, "formatted": "Rua Sousa Ramos 520, Vila Mariana, São Paulo - SP, 04118-130, Brazil", "VALID": 1, "x": -46.63157896, "y": -23.59333689 }, "geometry": { "type": "Point", "coordinates": [ -46.631578959013254, -23.593336894772658 ] } },
{ "type": "Feature", "properties": { "original_DEFENSORIA RESPONSÁVEL": "8ª Defensoria", "original_USUÁRIO/A": "OCUPANTES \"CUSTOS VULNERABILIS\"", "original_Nº PROCESSO": "1157025-50.2023.8.26.0100", "original_DATA DISTRIBUIÇÃO": "2/20/2025", "original_DOL": null, "original_CUSTUS E/OU DEFESA": "sim ", "original_ENDEREÇO": "Rua Vidal de Negreiros, 200 – Pari – São Paulo – CEP 03033-040", "original_OBS": "Também nº 204; esquina com Rua Madeira", "original_": "ANDAMENTO", "original__1": null, "original__2": null, "lat": -23.5293318, "lon": -46.6237115, "formatted": "Rua Vidal de Negreiros 200, Canindé, São Paulo - SP, 03033-050, Brazil", "VALID": 1, "x": -46.62368267, "y": -23.52932336 }, "geometry": { "type": "Point", "coordinates": [ -46.623682668308454, -23.529323361456136 ] } },
{ "type": "Feature", "properties": { "original_DEFENSORIA RESPONSÁVEL": "9ª Defensoria (Fabiana)", "original_USUÁRIO/A": "OCUPANTES \"CUSTOS VULNERABILIS\"", "original_Nº PROCESSO": "1194632-63.2024.8.26.0100", "original_DATA DISTRIBUIÇÃO": "3/11/2025", "original_DOL": null, "original_CUSTUS E/OU DEFESA": "sim ", "original_ENDEREÇO": "Rua Barretos, 598 – São Paulo – CEP 03184-080", "original_OBS": "—", "original_": "ANDAMENTO", "original__1": null, "original__2": null, "lat": -23.566526476194152, "lon": -46.58563152231028, "formatted": "Rua Barretos 598, São Paulo - SP, 03184-080, Brazil", "VALID": 1, "x": -44.02853653, "y": -20.0100653 }, "geometry": { "type": "Point", "coordinates": [ -44.028536532013504, -20.010065297490172 ] } },
{ "type": "Feature", "properties": { "original_DEFENSORIA RESPONSÁVEL": "2ª Defensoria ", "original_USUÁRIO/A": "OCUPANTES \"CUSTOS VULNERABILIS\"", "original_Nº PROCESSO": "0071389-22.2012.8.26.0100", "original_DATA DISTRIBUIÇÃO": "4/4/2025", "original_DOL": null, "original_CUSTUS E/OU DEFESA": "sim ", "original_ENDEREÇO": "Avenida São João, 288 – Centro – São Paulo", "original_OBS": "—", "original_": "ANDAMENTO", "original__1": null, "original__2": null, "lat": -23.5439659, "lon": -46.6371573, "formatted": "Avenida São João 288, República, São Paulo - SP, 01036-000, Brazil", "VALID": 1, "x": -46.63715329, "y": -23.5438497 }, "geometry": { "type": "Point", "coordinates": [ -46.6371532932341, -23.543849703788904 ] } },
{ "type": "Feature", "properties": { "original_DEFENSORIA RESPONSÁVEL": "3ª Defensoria", "original_USUÁRIO/A": "OCUPANTES \"CUSTOS VULNERABILIS\"", "original_Nº PROCESSO": "1038434-61.2025.8.26.0100", "original_DATA DISTRIBUIÇÃO": "4/4/2025", "original_DOL": null, "original_CUSTUS E/OU DEFESA": "sim ", "original_ENDEREÇO": "Rua Comandante Che Guevara, 84 – Distrito Industrial do Jatoba - Belo Horizonte - 30668-840", "original_OBS": "—", "original_": "ANDAMENTO", "original__1": null, "original__2": null, "lat": null, "lon": null, "formatted": null, "VALID": 1, "x": -44.02769558, "y": -20.01041292 }, "geometry": { "type": "Point", "coordinates": [ -44.027695577400422, -20.010412918858641 ] } },
{ "type": "Feature", "properties": { "original_DEFENSORIA RESPONSÁVEL": "4ª Defensoria ", "original_USUÁRIO/A": "OCUPANTES \"CUSTOS VULNERABILIS\"", "original_Nº PROCESSO": "1040754-84.2025.8.26.0100", "original_DATA DISTRIBUIÇÃO": "5/24/2025", "original_DOL": null, "original_CUSTUS E/OU DEFESA": "sim ", "original_ENDEREÇO": "Rua General Mena Barreto, 794 – Jardim Paulista – São Paulo", "original_OBS": "Também nº 808; Av. São Gabriel nº 50, 64/68, 92 e 102", "original_": "ANDAMENTO", "original__1": null, "original__2": null, "lat": -23.582706, "lon": -46.6699648, "formatted": "Rua General Mena Barreto 794, Jardins, São Paulo - SP, 04534-013, Brazil", "VALID": 1, "x": -46.6699648, "y": -23.582706 }, "geometry": { "type": "Point", "coordinates": [ -46.6699648, -23.582706 ] } },
{ "type": "Feature", "properties": { "original_DEFENSORIA RESPONSÁVEL": "6ª Defensoria", "original_USUÁRIO/A": "OCUPANTES \"CUSTOS VULNERABILIS\"", "original_Nº PROCESSO": "1164060-27.2024.8.26.0100", "original_DATA DISTRIBUIÇÃO": "5/24/2025", "original_DOL": null, "original_CUSTUS E/OU DEFESA": "sim ", "original_ENDEREÇO": "Alameda Dino Bueno, 464 – Campos Elíseos – São Paulo – CEP 01217-000", "original_OBS": "Santa Cecília", "original_": "ANDAMENTO", "original__1": null, "original__2": null, "lat": -23.53057, "lon": -46.643947, "formatted": "Alameda Dino Bueno 464, Bom Retiro, São Paulo - Southeast, 01217-000, Brazil", "VALID": 1, "x": -46.64402927, "y": -23.53073828 }, "geometry": { "type": "Point", "coordinates": [ -46.644029272259807, -23.5307382841678 ] } },
{ "type": "Feature", "properties": { "original_DEFENSORIA RESPONSÁVEL": "7ª Defensoria", "original_USUÁRIO/A": "OCUPANTES \"CUSTOS VULNERABILIS\"", "original_Nº PROCESSO": "1011417-69.2024.8.26.0008", "original_DATA DISTRIBUIÇÃO": "5/26/2025", "original_DOL": null, "original_CUSTUS E/OU DEFESA": "sim ", "original_ENDEREÇO": "Rua Guaçuí, 134 – Mooca – São Paulo – CEP 03178-180", "original_OBS": "—", "original_": "ANDAMENTO", "original__1": null, "original__2": null, "lat": -23.5528, "lon": -46.5863629, "formatted": "Rua Guaçui 134, Mooca, São Paulo - SP, 03178-180, Brazil", "VALID": 1, "x": -46.58644011, "y": -23.55284007 }, "geometry": { "type": "Point", "coordinates": [ -46.586440112993742, -23.552840072566376 ] } },
{ "type": "Feature", "properties": { "original_DEFENSORIA RESPONSÁVEL": "8ª Defensoria", "original_USUÁRIO/A": "OCUPANTES \"CUSTOS VULNERABILIS\"", "original_Nº PROCESSO": "1032086-27.2025.8.26.0100", "original_DATA DISTRIBUIÇÃO": "6/3/2025", "original_DOL": null, "original_CUSTUS E/OU DEFESA": "sim ", "original_ENDEREÇO": "Rua São Leopoldo, 118 – Belenzinho – São Paulo", "original_OBS": "—", "original_": "ANDAMENTO", "original__1": null, "original__2": null, "lat": -23.5392915, "lon": -46.6010352, "formatted": "Rua São Leopoldo 118, Belém, São Paulo - SP, 03055-000, Brazil", "VALID": 1, "x": -46.6012115, "y": -23.5393516 }, "geometry": { "type": "Point", "coordinates": [ -46.601211497699602, -23.539351601488502 ] } },
{ "type": "Feature", "properties": { "original_DEFENSORIA RESPONSÁVEL": "9ª Defensoria (Fabiana)", "original_USUÁRIO/A": "OCUPANTES \"CUSTOS VULNERABILIS\"", "original_Nº PROCESSO": "1040859-61.2025.8.26.0100", "original_DATA DISTRIBUIÇÃO": "6/6/2025", "original_DOL": null, "original_CUSTUS E/OU DEFESA": "sim ", "original_ENDEREÇO": "Rua dos Andradas, 421 – Santa Ifigênia – São Paulo – CEP 01206-000", "original_OBS": "Aptos 1, 2 e 3 – 6º andar", "original_": "ANDAMENTO", "original__1": null, "original__2": null, "lat": -23.536736772064234, "lon": -46.639242027526976, "formatted": "Rua dos Andradas 421, Santa Ifigênia, São Paulo - SP, 01210-001, Brazil", "VALID": 1, "x": -46.63930448, "y": -23.53686743 }, "geometry": { "type": "Point", "coordinates": [ -46.639304481305842, -23.536867431943698 ] } },
{ "type": "Feature", "properties": { "original_DEFENSORIA RESPONSÁVEL": "1ª Defensoria", "original_USUÁRIO/A": "OCUPANTES \"CUSTOS VULNERABILIS\"", "original_Nº PROCESSO": "1128204-02.2024.8.26.0100", "original_DATA DISTRIBUIÇÃO": "8/11/2025", "original_DOL": null, "original_CUSTUS E/OU DEFESA": "sim ", "original_ENDEREÇO": "Rua Condessa de São Joaquim, 251 – São Paulo", "original_OBS": "—", "original_": "ANDAMENTO", "original__1": null, "original__2": null, "lat": -23.558008531461365, "lon": -46.639671786704319, "formatted": "Rua Condessa de São Joaquim 251, Bixiga, São Paulo - SP, 01320-000, Brazil", "VALID": 1, "x": -46.63975095, "y": -23.55809356 }, "geometry": { "type": "Point", "coordinates": [ -46.639750954457405, -23.558093563492456 ] } },
{ "type": "Feature", "properties": { "original_DEFENSORIA RESPONSÁVEL": "2ª Defensoria ", "original_USUÁRIO/A": "OCUPANTES \"CUSTOS VULNERABILIS\"", "original_Nº PROCESSO": "1093976-64.2025.8.26.0100", "original_DATA DISTRIBUIÇÃO": "10/10/2025", "original_DOL": null, "original_CUSTUS E/OU DEFESA": "sim ", "original_ENDEREÇO": "Rua Conselheiro Ramalho, 773 – São Paulo", "original_OBS": "—", "original_": "ANDAMENTO", "original__1": null, "original__2": null, "lat": -23.558694335945841, "lon": -46.644310420083208, "formatted": "Rua Conselheiro Ramalho 773, Bixiga, São Paulo - SP, 01328-000, Brazil", "VALID": 1, "x": -46.64413351, "y": -23.55865817 }, "geometry": { "type": "Point", "coordinates": [ -46.644133514363361, -23.558658172898141 ] } },
{ "type": "Feature", "properties": { "original_DEFENSORIA RESPONSÁVEL": "3ª Defensoria", "original_USUÁRIO/A": "OCUPANTES \"CUSTOS VULNERABILIS\"", "original_Nº PROCESSO": "1038330-40.2023.8.26.0100", "original_DATA DISTRIBUIÇÃO": "10/10/2025", "original_DOL": null, "original_CUSTUS E/OU DEFESA": "sim ", "original_ENDEREÇO": "Rua Barão de Iguape, 347 – Liberdade – São Paulo – CEP 01507-000", "original_OBS": "Antigo nº 35", "original_": "ANDAMENTO", "original__1": null, "original__2": null, "lat": -23.558243600777985, "lon": -46.633560037013758, "formatted": "Rua Barão de Iguape 347, Liberdade, São Paulo - SP, 01507-000, Brazil", "VALID": 1, "x": -46.63352681, "y": -23.558183 }, "geometry": { "type": "Point", "coordinates": [ -46.63352680610506, -23.558183003238586 ] } },
{ "type": "Feature", "properties": { "original_DEFENSORIA RESPONSÁVEL": "4ª Defensoria ", "original_USUÁRIO/A": "OCUPANTES \"CUSTOS VULNERABILIS\"", "original_Nº PROCESSO": "1115814-97.2024.8.26.0100", "original_DATA DISTRIBUIÇÃO": "2/11/2026", "original_DOL": null, "original_CUSTUS E/OU DEFESA": "sim ", "original_ENDEREÇO": "Rua Toledo Barbosa, 835 – Belenzinho – São Paulo", "original_OBS": "—", "original_": "ANDAMENTO", "original__1": null, "original__2": null, "lat": -23.540643693560181, "lon": -46.583071268438871, "formatted": "Rua Toledo Barbosa 835, Belém, São Paulo - SP, 03061-000, Brazil", "VALID": 1, "x": -46.58296427, "y": -23.54054342 }, "geometry": { "type": "Point", "coordinates": [ -46.582964266502074, -23.54054342130495 ] } },
{ "type": "Feature", "properties": { "original_DEFENSORIA RESPONSÁVEL": "5ª Defensoria ", "original_USUÁRIO/A": "OCUPANTES \"CUSTOS VULNERABILIS\"", "original_Nº PROCESSO": "1079508-95.2025.8.26.0100", "original_DATA DISTRIBUIÇÃO": "11/13/2025", "original_DOL": null, "original_CUSTUS E/OU DEFESA": "sim ", "original_ENDEREÇO": "Rua Coronel Frias, 46 – Cambuci – São Paulo – CEP 01552-010", "original_OBS": "Também nº 76", "original_": "ANDAMENTO", "original__1": null, "original__2": null, "lat": -23.568373, "lon": -46.610802, "formatted": "Rua Coronel Frias 46, Cambuci, São Paulo - Southeast, 01552-010, Brazil", "VALID": 1, "x": -46.61079858, "y": -23.56839499 }, "geometry": { "type": "Point", "coordinates": [ -46.61079857917116, -23.568394991042524 ] } },
{ "type": "Feature", "properties": { "original_DEFENSORIA RESPONSÁVEL": "6ª Defensoria", "original_USUÁRIO/A": "OCUPANTES \"CUSTOS VULNERABILIS\"", "original_Nº PROCESSO": "1022149-61.2023.8.26.0100", "original_DATA DISTRIBUIÇÃO": "12/17/2025", "original_DOL": null, "original_CUSTUS E/OU DEFESA": "sim ", "original_ENDEREÇO": "Rua Muniz de Souza, 1162 – Aclimação – São Paulo – CEP 01534-001", "original_OBS": "—", "original_": "ANDAMENTO", "original__1": null, "original__2": null, "lat": -23.572710906026597, "lon": -46.629375277942785, "formatted": "Rua Muniz de Souza 1162, Aclimação, São Paulo - SP, 01534-001, Brazil", "VALID": 1, "x": -46.6294336, "y": -23.57252039 }, "geometry": { "type": "Point", "coordinates": [ -46.629433598448202, -23.572520392375559 ] } }
]
}
