{
"type": "FeatureCollection",
"name": "enderecos_fundiarias_fazenda_geocode_v1_edit",
"features": [
{ "type": "Feature", "properties": { "original_ID": 2, "original_PROCESSO": "2107631-37.2021.8.26.0000", "original_AUTOR/RÉU": "CTEEP – COMPANHIA DE TRANSMISSÃO DEENERGIA ELÉTRICA PAULISTA x ocupntes da área", "original_ASSISTIDO(OS)": "Demais ocupantes - Linha de Transmissão denominada LT 345kV Xavantes", "original_ENDEREÇOS DAS OCUPAÇÕES": "inha de Transmissãodenominada LT 345kV Xavantes – Milton Fornasaro, mais precisamente entre as torres11 e 13", "original_ENDEREÇO FORMATADO": null, "original_ENDEREÇO OSM": null, "original_OBS": "Linha de Transmissão LT 345kV Xavantes–Milton Fornasaro, entre as torres 11 e 13", "original_NATUREZA DO IMÓVEL/ PÚBLICO OU PRIVADO": "Público", "lat": null, "lon": null, "formatted": null, "name": null, "housenumber": null, "street": null, "postcode": null, "district": null, "suburb": null, "city": null, "county_code": null, "county": null, "state": null, "state_code": null, "country": null, "country_code": null, "confidence": null, "confidence_city_level": null, "confidence_building_level": null, "confidence_street_level": null, "attribution": null, "attribution_license": null, "attribution_url": null, "VALID": 0 }, "geometry": null },
{ "type": "Feature", "properties": { "original_ID": 3, "original_PROCESSO": "1002445-36.2021.8.26.0002", "original_AUTOR/RÉU": "Cteep - Companhia de Transmissão de Energia Elétrica Paulista  x ocupantes da área ", "original_ASSISTIDO(OS)": "Ocupantes - Rua Tenente Odilon Raposo, s/n, Jardim Novo Jau", "original_ENDEREÇOS DAS OCUPAÇÕES": "Rua Tenente OdilonRaposo S/N - Jardim Belcito/Novo Jau(torres 39 e 40 da LT Interlagos – Embu-Guaçu e 145-146 da LT Ibiúna –Interlagos),", "original_ENDEREÇO FORMATADO": "Rua Tenente Odilon Raposo – Jardim Belcito / Novo Jaú – São Paulo", "original_ENDEREÇO OSM": "Rua Tenente Odilon Raposo, São Paulo, SP, Brasil", "original_OBS": "S/N; torres 39 e 40 da LT Interlagos–Embu-Guaçu e 145–146 da LT Ibiúna–Interlagos", "original_NATUREZA DO IMÓVEL/ PÚBLICO OU PRIVADO": "Público", "lat": -23.7648276, "lon": -46.6817106, "formatted": "Rua Tenente Odilon Raposo, Grajaú, São Paulo - SP, 04855-000, Brasil", "name": "Rua Tenente Odilon Raposo", "housenumber": null, "street": "Rua Tenente Odilon Raposo", "postcode": "04855-000", "district": null, "suburb": "Grajaú", "city": "São Paulo", "county_code": null, "county": "Região Metropolitana de São Paulo", "state": "São Paulo", "state_code": "SP", "country": "Brasil", "country_code": "br", "confidence": 1.0, "confidence_city_level": 1.0, "confidence_building_level": null, "confidence_street_level": 1.0, "attribution": "© OpenStreetMap contributors", "attribution_license": "Open Database License", "attribution_url": "https://www.openstreetmap.org/copyright", "VALID": 0 }, "geometry": { "type": "Point", "coordinates": [ -46.6817106, -23.7648276 ] } },
{ "type": "Feature", "properties": { "original_ID": 4, "original_PROCESSO": "1024923-79.2021.8.26.0053", "original_AUTOR/RÉU": "\tEcourbis Ambiental S/Ax ocupantes da área ", "original_ASSISTIDO(OS)": "Grupo de Turbadores ", "original_ENDEREÇOS DAS OCUPAÇÕES": "Central de Tratamento de Resíduos Leste – CTL, situado na Av. Sapopemba, n.º 22254,", "original_ENDEREÇO FORMATADO": "Av. Sapopemba, 22254 – São Paulo", "original_ENDEREÇO OSM": "Av. Sapopemba, 22254, São Paulo, SP, Brasil", "original_OBS": "Central de Tratamento de Resíduos Leste (CTL)", "original_NATUREZA DO IMÓVEL/ PÚBLICO OU PRIVADO": "Público", "lat": -23.6208992, "lon": -46.4229862, "formatted": "Avenida Sapopemba 22254, São Paulo - SP, 09322-200, Brasil", "name": "Avenida Sapopemba", "housenumber": 22254, "street": "Avenida Sapopemba", "postcode": "09322-200", "district": "Iguatemi", "suburb": null, "city": "São Paulo", "county_code": null, "county": "Região Metropolitana de São Paulo", "state": "São Paulo", "state_code": "SP", "country": "Brasil", "country_code": "br", "confidence": 0.75, "confidence_city_level": 1.0, "confidence_building_level": 0.75, "confidence_street_level": 1.0, "attribution": "© OpenStreetMap contributors", "attribution_license": "Open Database License", "attribution_url": "https://www.openstreetmap.org/copyright", "VALID": 1 }, "geometry": { "type": "Point", "coordinates": [ -46.432356486009702, -23.623483282517068 ] } },
{ "type": "Feature", "properties": { "original_ID": 5, "original_PROCESSO": "1035702-69.2016.8.26.0053", "original_AUTOR/RÉU": "\tMP x ocupantes da área ", "original_ASSISTIDO(OS)": "Loteamento Morumby Park", "original_ENDEREÇOS DAS OCUPAÇÕES": "loteamento “Morumby Park”, situado nas imediações dasRuas Pedro Avancine, Dr. Alberto Lyra e Ana Vieira de Carvalho,", "original_ENDEREÇO FORMATADO": null, "original_ENDEREÇO OSM": null, "original_OBS": "Loteamento Morumby Park; imediações das Ruas Pedro Avancine, Dr. Alberto Lyra e Ana Vieira de Carvalho", "original_NATUREZA DO IMÓVEL/ PÚBLICO OU PRIVADO": "Público", "lat": null, "lon": null, "formatted": null, "name": null, "housenumber": null, "street": null, "postcode": null, "district": null, "suburb": null, "city": null, "county_code": null, "county": null, "state": null, "state_code": null, "country": null, "country_code": null, "confidence": null, "confidence_city_level": null, "confidence_building_level": null, "confidence_street_level": null, "attribution": null, "attribution_license": null, "attribution_url": null, "VALID": 0 }, "geometry": null },
{ "type": "Feature", "properties": { "original_ID": 6, "original_PROCESSO": "1002851-57.2021.8.26.0002", "original_AUTOR/RÉU": "\tCteep - Companhia de Transmissão de Energia Elétrica Paulista x ocupantes da área ", "original_ASSISTIDO(OS)": "Ocupantes do Parque Residencial Cocaia", "original_ENDEREÇOS DAS OCUPAÇÕES": "Rua Pedro Escobar, 1045, bairro Parque Residencial Cocaia, São Paulo/SPtorres 48-49 da LT Interlagos – Embu-Guaçu, e entre as torres 154 e 155 daLT Embu Guaçu – Interlagos", "original_ENDEREÇO FORMATADO": "Rua Pedro Escobar, 1045 – Parque Residencial Cocaia – São Paulo", "original_ENDEREÇO OSM": "Rua Pedro Escobar, 1045, São Paulo, SP, Brasil", "original_OBS": "Torres 48–49 da LT Interlagos–Embu-Guaçu e entre as torres 154–155 da LT Embu-Guaçu–Interlagos", "original_NATUREZA DO IMÓVEL/ PÚBLICO OU PRIVADO": "Público", "lat": -23.748447, "lon": -46.664701, "formatted": "Rua Pedro Escobar 1045, Grajaú, São Paulo - SP, 04851-605, Brasil", "name": "Rua Pedro Escobar", "housenumber": 1045, "street": "Rua Pedro Escobar", "postcode": "04851-605", "district": null, "suburb": "Grajaú", "city": "São Paulo", "county_code": null, "county": "Região Metropolitana de São Paulo", "state": "São Paulo", "state_code": "SP", "country": "Brasil", "country_code": "br", "confidence": 1.0, "confidence_city_level": 1.0, "confidence_building_level": 1.0, "confidence_street_level": 1.0, "attribution": "© OpenStreetMap contributors", "attribution_license": "Open Database License", "attribution_url": "https://www.openstreetmap.org/copyright", "VALID": 1 }, "geometry": { "type": "Point", "coordinates": [ -46.6646634505843, -23.748560501642924 ] } },
{ "type": "Feature", "properties": { "original_ID": 7, "original_PROCESSO": "1063031-22.2017.8.26.0053", "original_AUTOR/RÉU": "\tCompanhia Metropolitana de Habitação de São Paulo - COHAB x ocupantes da área ", "original_ASSISTIDO(OS)": "Ocupação na Alameda Dino Bueno, 50 (ou Largo Coração de Jesus, 50)", "original_ENDEREÇOS DAS OCUPAÇÕES": "Largo Coração de Jesus, nº 50, no 11º subdistrito - Santa Cecília", "original_ENDEREÇO FORMATADO": "Largo Coração de Jesus, 50 – Santa Cecília – São Paulo", "original_ENDEREÇO OSM": "Largo Coração de Jesus, 50, São Paulo, SP, Brasil", "original_OBS": "11º subdistrito", "original_NATUREZA DO IMÓVEL/ PÚBLICO OU PRIVADO": "PRIVADO", "lat": -23.5326005, "lon": -46.6423523, "formatted": "Largo Coração de Jesus 50, Campos Elísios, São Paulo - SP, 01215-020, Brasil", "name": "Largo Coração de Jesus", "housenumber": 50, "street": "Largo Coração de Jesus", "postcode": "01215-020", "district": "Santa Cecília", "suburb": "Campos Elísios", "city": "São Paulo", "county_code": null, "county": "Região Metropolitana de São Paulo", "state": "São Paulo", "state_code": "SP", "country": "Brasil", "country_code": "br", "confidence": 1.0, "confidence_city_level": 1.0, "confidence_building_level": 1.0, "confidence_street_level": 1.0, "attribution": "© OpenStreetMap contributors", "attribution_license": "Open Database License", "attribution_url": "https://www.openstreetmap.org/copyright", "VALID": 1 }, "geometry": { "type": "Point", "coordinates": [ -46.642499510777469, -23.532679439112545 ] } },
{ "type": "Feature", "properties": { "original_ID": 8, "original_PROCESSO": "1022505-42.2019.8.26.0053", "original_AUTOR/RÉU": "MP x Caio Eduardo do Amaral Rocha e Prefeitura", "original_ASSISTIDO(OS)": "Ocupantes do imóvel da rua José Bonifácio nº 135 e 137", "original_ENDEREÇOS DAS OCUPAÇÕES": "Rua José Bonifácio, nº’s 135 e 137", "original_ENDEREÇO FORMATADO": "Rua José Bonifácio, 135 – São Paulo", "original_ENDEREÇO OSM": "Rua José Bonifácio, 135, São Paulo, SP, Brasil", "original_OBS": "Também nº 137", "original_NATUREZA DO IMÓVEL/ PÚBLICO OU PRIVADO": "PRIVADO", "lat": -23.5490427, "lon": -46.6356244, "formatted": "Rua José Bonifácio 135, Glicério, São Paulo - SP, 01003-001, Brasil", "name": null, "housenumber": 135, "street": "Rua José Bonifácio", "postcode": "01003-001", "district": null, "suburb": "Glicério", "city": "São Paulo", "county_code": null, "county": "Região Metropolitana de São Paulo", "state": "São Paulo", "state_code": "SP", "country": "Brasil", "country_code": "br", "confidence": 1.0, "confidence_city_level": 1.0, "confidence_building_level": 1.0, "confidence_street_level": 1.0, "attribution": "© OpenStreetMap contributors", "attribution_license": "Open Database License", "attribution_url": "https://www.openstreetmap.org/copyright", "VALID": 1 }, "geometry": { "type": "Point", "coordinates": [ -46.635502364398967, -23.549057207728801 ] } },
{ "type": "Feature", "properties": { "original_ID": 9, "original_PROCESSO": "1019733-34.2020.8.26.0001", "original_AUTOR/RÉU": "\tCompanhia de Desenvolvimento Habitacional e Urbano do Estado de São Paulo - CDHUx ocupantes da área ", "original_ASSISTIDO(OS)": "Ocupantes do Terreno localizado na Travessa Igarapé Primavera, 300", "original_ENDEREÇOS DAS OCUPAÇÕES": "ConjuntoHabitacional Tucuruvi “B” (Jova Rural), terreno esse localizado naTravessa Igarapé Primavera, 300 – Jova Rural, São Paulo – SP– CEP 02325-090", "original_ENDEREÇO FORMATADO": "Travessa Igarapé Primavera, 300 – Jova Rural – São Paulo – CEP 02325-090", "original_ENDEREÇO OSM": "Travessa Igarapé Primavera, 300, São Paulo, SP, Brasil", "original_OBS": "Conjunto Habitacional Tucuruvi “B”", "original_NATUREZA DO IMÓVEL/ PÚBLICO OU PRIVADO": "PRIVADO", "lat": -23.45263, "lon": -46.582411, "formatted": "Travessa Igarapé Primavera 300, Vila Nilo, São Paulo - SP, 02325-530, Brasil", "name": "Travessa Igarapé Primavera", "housenumber": 300, "street": "Travessa Igarapé Primavera", "postcode": "02325-530", "district": null, "suburb": "Vila Nilo", "city": "São Paulo", "county_code": null, "county": "Região Metropolitana de São Paulo", "state": "São Paulo", "state_code": "SP", "country": "Brasil", "country_code": "br", "confidence": 0.75, "confidence_city_level": 1.0, "confidence_building_level": 0.75, "confidence_street_level": 1.0, "attribution": "© OpenStreetMap contributors", "attribution_license": "Open Database License", "attribution_url": "https://www.openstreetmap.org/copyright", "VALID": 1 }, "geometry": { "type": "Point", "coordinates": [ -46.580752283007811, -23.451599430144633 ] } },
{ "type": "Feature", "properties": { "original_ID": 10, "original_PROCESSO": "2031362-20.2022.8.26.0000", "original_AUTOR/RÉU": " Ocupantes da área x  COMPANHIA DO METROPOLITANO DE SÃO PAULO –METRÔ", "original_ASSISTIDO(OS)": "EVENTUAIS OCUPANTES DO IMÓVEL DA RUA MARIO DE CASTRO, Nº 65/67", "original_ENDEREÇOS DAS OCUPAÇÕES": "RUA MARIO DE CASTRO, Nº 65/67", "original_ENDEREÇO FORMATADO": "Rua Mário de Castro, 65 – São Paulo", "original_ENDEREÇO OSM": "Rua Mário de Castro, 65, São Paulo, SP, Brasil", "original_OBS": "Também nº 67", "original_NATUREZA DO IMÓVEL/ PÚBLICO OU PRIVADO": "PRIVADO", "lat": -23.5184815, "lon": -46.5504399, "formatted": "Rua Mário de Castro 65, Penha, São Paulo - SP, 03701-000, Brasil", "name": "Rua Mário de Castro", "housenumber": 65, "street": "Rua Mário de Castro", "postcode": "03701-000", "district": null, "suburb": "Penha", "city": "São Paulo", "county_code": null, "county": "Região Metropolitana de São Paulo", "state": "São Paulo", "state_code": "SP", "country": "Brasil", "country_code": "br", "confidence": 1.0, "confidence_city_level": 1.0, "confidence_building_level": 1.0, "confidence_street_level": 1.0, "attribution": "© OpenStreetMap contributors", "attribution_license": "Open Database License", "attribution_url": "https://www.openstreetmap.org/copyright", "VALID": 1 }, "geometry": { "type": "Point", "coordinates": [ -46.5504399, -23.5184815 ] } },
{ "type": "Feature", "properties": { "original_ID": 11, "original_PROCESSO": "1078844-50.2021.8.26.0053", "original_AUTOR/RÉU": "\tDEPARTAMENTO DE ESTRADAS DE RODAGEM - DERx ocupantes da área ", "original_ASSISTIDO(OS)": "Invasores de Qualificação Desconhecida", "original_ENDEREÇOS DAS OCUPAÇÕES": "trechosito AVENIDA CORONEL SEZEFREDO FAGUNDES, 7250, TREMENBE, CEP02367-075", "original_ENDEREÇO FORMATADO": "Av. Coronel Sezefredo Fagundes, 7250 – Tremembé – São Paulo – CEP 02367-075", "original_ENDEREÇO OSM": "Av. Coronel Sezefredo Fagundes, 7250, São Paulo, SP, Brasil", "original_OBS": "Trecho específico", "original_NATUREZA DO IMÓVEL/ PÚBLICO OU PRIVADO": "Público", "lat": -23.4271388, "lon": -46.5909839, "formatted": "Avenida Coronel Sezefredo Fagundes 7250, Tremembé, São Paulo - SP, 02367-010, Brasil", "name": "Avenida Coronel Sezefredo Fagundes", "housenumber": 7250, "street": "Avenida Coronel Sezefredo Fagundes", "postcode": "02367-010", "district": null, "suburb": "Tremembé", "city": "São Paulo", "county_code": null, "county": "Região Metropolitana de São Paulo", "state": "São Paulo", "state_code": "SP", "country": "Brasil", "country_code": "br", "confidence": 1.0, "confidence_city_level": 1.0, "confidence_building_level": 1.0, "confidence_street_level": 1.0, "attribution": "© OpenStreetMap contributors", "attribution_license": "Open Database License", "attribution_url": "https://www.openstreetmap.org/copyright", "VALID": 1 }, "geometry": { "type": "Point", "coordinates": [ -46.591894473330797, -23.426846085236676 ] } },
{ "type": "Feature", "properties": { "original_ID": 12, "original_PROCESSO": "0009515-61.2004.8.26.0053", "original_AUTOR/RÉU": "MP x Municipio de São Paulo e ocupantes da área ", "original_ASSISTIDO(OS)": "MORADORES UNIÃO JARDIM", "original_ENDEREÇOS DAS OCUPAÇÕES": "Jardim Iporã;2. Centro (R. José Pedro de Borba);3. Jardim Silveira I;4. Jardim Silveira II;5. Jardim Recreio;6. Jardim Santa Terezinha;7. Jardim São Norberto;8. Jardim Bosque do Sol.", "original_ENDEREÇO FORMATADO": null, "original_ENDEREÇO OSM": null, "original_OBS": "Jardins: Iporã; Centro (R. José Pedro de Borba); Silveira I e II; Recreio; Santa Terezinha; São Norberto; Bosque do Sol", "original_NATUREZA DO IMÓVEL/ PÚBLICO OU PRIVADO": "Não foi possível indentificar", "lat": null, "lon": null, "formatted": null, "name": null, "housenumber": null, "street": null, "postcode": null, "district": null, "suburb": null, "city": null, "county_code": null, "county": null, "state": null, "state_code": null, "country": null, "country_code": null, "confidence": null, "confidence_city_level": null, "confidence_building_level": null, "confidence_street_level": null, "attribution": null, "attribution_license": null, "attribution_url": null, "VALID": 0 }, "geometry": null },
{ "type": "Feature", "properties": { "original_ID": 13, "original_PROCESSO": "1079570-24.2021.8.26.0053", "original_AUTOR/RÉU": "\tDEPARTAMENTO DE ESTRADAS DE RODAGEM - DERx ocupantes da área ", "original_ASSISTIDO(OS)": "OCUPANTES NÃO IDENTIFICADOS DE IMÓVEIS LOCALIZADOS NA RUA D", "original_ENDEREÇOS DAS OCUPAÇÕES": "Rua D, 88 – Parada de Taipas, São Paulo/SP - CEP\n02859-170; Rua D, 90 – Parada de Taipas, São Paulo/SP - CEP 02859-170 e Rua D, 92 – Parada de Taipas, São Paulo/SP - CEP\n02859-170", "original_ENDEREÇO FORMATADO": "Rua D, 88 – Parada de Taipas – São Paulo – CEP 02859-170", "original_ENDEREÇO OSM": "Rua D, 88, São Paulo, SP, Brasil", "original_OBS": "Também nº 90 e 92", "original_NATUREZA DO IMÓVEL/ PÚBLICO OU PRIVADO": "Público", "lat": -23.439143, "lon": -46.70517, "formatted": "Rua D 88, Brasilândia, São Paulo - SP, 02857-000, Brasil", "name": "Rua D", "housenumber": 88, "street": "Rua D", "postcode": "02857-000", "district": null, "suburb": "Brasilândia", "city": "São Paulo", "county_code": null, "county": "Região Metropolitana de São Paulo", "state": "São Paulo", "state_code": "SP", "country": "Brasil", "country_code": "br", "confidence": 1.0, "confidence_city_level": 1.0, "confidence_building_level": 1.0, "confidence_street_level": 1.0, "attribution": "© OpenStreetMap contributors", "attribution_license": "Open Database License", "attribution_url": "https://www.openstreetmap.org/copyright", "VALID": 1 }, "geometry": { "type": "Point", "coordinates": [ -46.705768230463832, -23.438630109117309 ] } },
{ "type": "Feature", "properties": { "original_ID": 14, "original_PROCESSO": "1007073-75.2022.8.26.0053", "original_AUTOR/RÉU": "\tPREFEITURA MUNICIPAL DE SÃO PAULOx ocupantes da área ", "original_ASSISTIDO(OS)": "ENY NASCIMENTO JESUS E DEMAIS MORADORES", "original_ENDEREÇOS DAS OCUPAÇÕES": "Viela/Av. Hamilton, ParqueHamilton", "original_ENDEREÇO FORMATADO": "Av. Hamilton – Parque Hamilton – São Paulo", "original_ENDEREÇO OSM": "Av. Hamilton, São Paulo, SP, Brasil", "original_OBS": "Viela", "original_NATUREZA DO IMÓVEL/ PÚBLICO OU PRIVADO": "Público", "lat": -23.6825662, "lon": -46.7451112, "formatted": "Avenida Hamilton, Jardim São Luís, São Paulo - SP, 04917-005, Brasil", "name": "Avenida Hamilton", "housenumber": null, "street": "Avenida Hamilton", "postcode": "04917-005", "district": null, "suburb": "Jardim São Luís", "city": "São Paulo", "county_code": null, "county": "Região Metropolitana de São Paulo", "state": "São Paulo", "state_code": "SP", "country": "Brasil", "country_code": "br", "confidence": 1.0, "confidence_city_level": 1.0, "confidence_building_level": null, "confidence_street_level": 1.0, "attribution": "© OpenStreetMap contributors", "attribution_license": "Open Database License", "attribution_url": "https://www.openstreetmap.org/copyright", "VALID": 0 }, "geometry": { "type": "Point", "coordinates": [ -46.7451112, -23.6825662 ] } },
{ "type": "Feature", "properties": { "original_ID": 15, "original_PROCESSO": "1049767-40.2014.8.26.0053", "original_AUTOR/RÉU": "PREFEITURA MUNICIPAL DE SÃO PAULOx Espólio de Jorge Minoru Shimizuocupantes da área ", "original_ASSISTIDO(OS)": "MORADORES DA TRAVESSA CHARLES", "original_ENDEREÇOS DAS OCUPAÇÕES": "r.Benedito Gomes, 54 Jardim Itapura CEP 04433-070", "original_ENDEREÇO FORMATADO": "Rua Benedito Gomes, 54 – Jardim Itapura – São Paulo – CEP 04433-070", "original_ENDEREÇO OSM": "Rua Benedito Gomes, 54, São Paulo, SP, Brasil", "original_OBS": "—", "original_NATUREZA DO IMÓVEL/ PÚBLICO OU PRIVADO": "Privado gravado com utilidade pública", "lat": -23.6862444, "lon": -46.6577605, "formatted": "Rua Benedito Gomes 54, Cidade Ademar, São Paulo - SP, 04431-140, Brasil", "name": "Rua Benedito Gomes", "housenumber": 54, "street": "Rua Benedito Gomes", "postcode": "04431-140", "district": null, "suburb": "Cidade Ademar", "city": "São Paulo", "county_code": null, "county": "Região Metropolitana de São Paulo", "state": "São Paulo", "state_code": "SP", "country": "Brasil", "country_code": "br", "confidence": 1.0, "confidence_city_level": 1.0, "confidence_building_level": 1.0, "confidence_street_level": 1.0, "attribution": "© OpenStreetMap contributors", "attribution_license": "Open Database License", "attribution_url": "https://www.openstreetmap.org/copyright", "VALID": 1 }, "geometry": { "type": "Point", "coordinates": [ -46.657836878925124, -23.686137298825667 ] } },
{ "type": "Feature", "properties": { "original_ID": 16, "original_PROCESSO": "1024969-34.2022.8.26.0053", "original_AUTOR/RÉU": "Ocupantes bolivianos x \tDEPARTAMENTO DE ESTRADAS DE RODAGEM - DER/ FAZENDA e MUNICIPIO DE SÃO PAULO", "original_ASSISTIDO(OS)": "Ocupação NOVA ESPERANÇA", "original_ENDEREÇOS DAS OCUPAÇÕES": "Ocupação “NOVA ESPERANÇA”, localizada na altura da Av.Cel. Sezefredo Fagundes, 6600 - Jardim Francisco Mendes (Jd Corisco), SãoPaulo - SP, CEP 02367-075", "original_ENDEREÇO FORMATADO": "Av. Coronel Sezefredo Fagundes, 6600 – Jardim Francisco Mendes – São Paulo – CEP 02367-075", "original_ENDEREÇO OSM": "Av. Coronel Sezefredo Fagundes, 6600, São Paulo, SP, Brasil", "original_OBS": "Ocupação “Nova Esperança”", "original_NATUREZA DO IMÓVEL/ PÚBLICO OU PRIVADO": "Público", "lat": -23.431865, "lon": -46.594309, "formatted": "Avenida Coronel Sezefredo Fagundes 6600, Furnas, São Paulo - SP, 02366-000, Brasil", "name": "Avenida Coronel Sezefredo Fagundes", "housenumber": 6600, "street": "Avenida Coronel Sezefredo Fagundes", "postcode": "02366-000", "district": null, "suburb": "Furnas", "city": "São Paulo", "county_code": null, "county": "Região Metropolitana de São Paulo", "state": "São Paulo", "state_code": "SP", "country": "Brasil", "country_code": "br", "confidence": 0.75, "confidence_city_level": 1.0, "confidence_building_level": 0.75, "confidence_street_level": 1.0, "attribution": "© OpenStreetMap contributors", "attribution_license": "Open Database License", "attribution_url": "https://www.openstreetmap.org/copyright", "VALID": 2 }, "geometry": { "type": "Point", "coordinates": [ -46.594309, -23.431865 ] } },
{ "type": "Feature", "properties": { "original_ID": 17, "original_PROCESSO": "1078737-06.2021.8.26.0053", "original_AUTOR/RÉU": "\tDEPARTAMENTO DE ESTRADAS DE RODAGEM - DER x ocupantes da área ", "original_ASSISTIDO(OS)": "INVASORES DESCONHECIDOS", "original_ENDEREÇOS DAS OCUPAÇÕES": "Rua D sem número, Bairro Jardim Vitória Régia/Jaraguá, São Paulo-SP", "original_ENDEREÇO FORMATADO": "Rua D – Jardim Vitória Régia / Jaraguá – São Paulo", "original_ENDEREÇO OSM": "Rua D, São Paulo, SP, Brasil", "original_OBS": "Sem número", "original_NATUREZA DO IMÓVEL/ PÚBLICO OU PRIVADO": "Público", "lat": -23.439315, "lon": -46.7070378, "formatted": "Rua D, Brasilândia, São Paulo - SP, 02857-000, Brasil", "name": "Rua D", "housenumber": null, "street": "Rua D", "postcode": "02857-000", "district": null, "suburb": "Brasilândia", "city": "São Paulo", "county_code": null, "county": "Região Metropolitana de São Paulo", "state": "São Paulo", "state_code": "SP", "country": "Brasil", "country_code": "br", "confidence": 1.0, "confidence_city_level": 1.0, "confidence_building_level": null, "confidence_street_level": 1.0, "attribution": "© OpenStreetMap contributors", "attribution_license": "Open Database License", "attribution_url": "https://www.openstreetmap.org/copyright", "VALID": 0 }, "geometry": { "type": "Point", "coordinates": [ -46.7070378, -23.439315 ] } },
{ "type": "Feature", "properties": { "original_ID": 18, "original_PROCESSO": "1500017-94.2023.8.26.0053", "original_AUTOR/RÉU": "\tFazenda Pública do Estado de São Paulo x ocupantes da área ", "original_ASSISTIDO(OS)": "CHARLES D'ORTO E DEMAIS OCUPANTES NÃO IDENTFICADOS", "original_ENDEREÇOS DAS OCUPAÇÕES": "NSTITUTO BIOLÓGICO, órgão vinculado àSECRETARIA DA AGRICULTURA E ABASTECIMENTO DO ESTADO DE SÃOPAULO, situado na AVENIDA CONSELHEIRO RODRIGUES ALVES n.º 1252, VILAMARIANA, SÃO PAULO-SP", "original_ENDEREÇO FORMATADO": "Av. Conselheiro Rodrigues Alves, 1252 – Vila Mariana – São Paulo", "original_ENDEREÇO OSM": "Av. Conselheiro Rodrigues Alves, 1252, São Paulo, SP, Brasil", "original_OBS": "Instituto Biológico", "original_NATUREZA DO IMÓVEL/ PÚBLICO OU PRIVADO": "Público", "lat": -23.5881752, "lon": -46.6494986, "formatted": "Instituto Biológico, Avenida Conselheiro Rodrigues Alves 1252, Moema, São Paulo - SP, 04014-002, Brasil", "name": "Instituto Biológico", "housenumber": 1252, "street": "Avenida Conselheiro Rodrigues Alves", "postcode": "04014-002", "district": null, "suburb": "Moema", "city": "São Paulo", "county_code": null, "county": "Região Metropolitana de São Paulo", "state": "São Paulo", "state_code": "SP", "country": "Brasil", "country_code": "br", "confidence": 1.0, "confidence_city_level": 1.0, "confidence_building_level": 1.0, "confidence_street_level": 1.0, "attribution": "© OpenStreetMap contributors", "attribution_license": "Open Database License", "attribution_url": "https://www.openstreetmap.org/copyright", "VALID": 1 }, "geometry": { "type": "Point", "coordinates": [ -46.648543965541428, -23.587100339021266 ] } },
{ "type": "Feature", "properties": { "original_ID": 19, "original_PROCESSO": "1108014-67.2014.8.26.0100", "original_AUTOR/RÉU": "\tCTEEP - COMPANHIA DE TRANSMISSÃO DE ENERGIA ELÉTRICA PAULISTAx ocupantes da área ", "original_ASSISTIDO(OS)": "RICARDO BATISTA SILVA E\nDEMAIS OCUPANTES", "original_ENDEREÇOS DAS OCUPAÇÕES": "Estrada do Barro Branco, nº 190, BairroJardim São Pedro, São Paulo – SP, Linhas deTransmissão denominadas IBIÚNA-INTERLAGOS DE 345kV entre as torres 137/138 eLT – NTERLAGOS – EMBU – GUAÇU DE 345KV entre as torres 032/033", "original_ENDEREÇO FORMATADO": "Estrada do Barro Branco, 190 – Jardim São Pedro – São Paulo", "original_ENDEREÇO OSM": "Estrada do Barro Branco, 190, São Paulo, SP, Brasil", "original_OBS": "LT Ibiúna–Interlagos (137/138) e LT Interlagos–Embu-Guaçu (032/033)", "original_NATUREZA DO IMÓVEL/ PÚBLICO OU PRIVADO": "Público", "lat": -23.768089, "lon": -46.678176, "formatted": "Estrada do Barro Branco 190, Grajaú, São Paulo - SP, 04853-070, Brasil", "name": "Estrada do Barro Branco", "housenumber": 190, "street": "Estrada do Barro Branco", "postcode": "04853-070", "district": null, "suburb": "Grajaú", "city": "São Paulo", "county_code": null, "county": "Região Metropolitana de São Paulo", "state": "São Paulo", "state_code": "SP", "country": "Brasil", "country_code": "br", "confidence": 0.75, "confidence_city_level": 1.0, "confidence_building_level": 0.75, "confidence_street_level": 1.0, "attribution": "© OpenStreetMap contributors", "attribution_license": "Open Database License", "attribution_url": "https://www.openstreetmap.org/copyright", "VALID": 2 }, "geometry": { "type": "Point", "coordinates": [ -46.678176, -23.768089 ] } },
{ "type": "Feature", "properties": { "original_ID": 20, "original_PROCESSO": "1030109-15.2023.8.26.0053", "original_AUTOR/RÉU": "PREFEITURA MUNICIPAL DE SÃO PAULO x ocupantes da área ", "original_ASSISTIDO(OS)": "EVENTUAIS POSSUIDORES e\nOCUPANTES DO IMÓVEL situado na\nAvenida São João, 104", "original_ENDEREÇOS DAS OCUPAÇÕES": "Avenida São João, 104, Centro - SP", "original_ENDEREÇO FORMATADO": "Av. São João, 104 – Centro – São Paulo", "original_ENDEREÇO OSM": "Av. São João, 104, São Paulo, SP, Brasil", "original_OBS": "—", "original_NATUREZA DO IMÓVEL/ PÚBLICO OU PRIVADO": "Público", "lat": -23.5448219, "lon": -46.6356337, "formatted": "Avenida São João 104, Glicério, São Paulo - SP, 01036-000, Brasil", "name": null, "housenumber": 104, "street": "Avenida São João", "postcode": "01036-000", "district": null, "suburb": "Glicério", "city": "São Paulo", "county_code": null, "county": "Região Metropolitana de São Paulo", "state": "São Paulo", "state_code": "SP", "country": "Brasil", "country_code": "br", "confidence": 1.0, "confidence_city_level": 1.0, "confidence_building_level": 1.0, "confidence_street_level": 1.0, "attribution": "© OpenStreetMap contributors", "attribution_license": "Open Database License", "attribution_url": "https://www.openstreetmap.org/copyright", "VALID": 1 }, "geometry": { "type": "Point", "coordinates": [ -46.635568714301215, -23.544800238100397 ] } },
{ "type": "Feature", "properties": { "original_ID": 21, "original_PROCESSO": "1047211-84.2022.8.26.0053", "original_AUTOR/RÉU": "\tDEPARTAMENTO DE ESTRADAS DE RODAGEM - DER x ocupantes da área ", "original_ASSISTIDO(OS)": "OCUPANTES NÃO IDENTIFICADOS - Avenida Coronel Sezefredo Fagundes altura n.º 7001", "original_ENDEREÇOS DAS OCUPAÇÕES": "Avenida Coronel Sezefredo Fagundes altura n.º 7001, Jardim FranciscoMendes, São Paulo-SP, CEP 02367-075", "original_ENDEREÇO FORMATADO": "Av. Coronel Sezefredo Fagundes, 7001 – Jardim Francisco Mendes – São Paulo – CEP 02367-075", "original_ENDEREÇO OSM": "Av. Coronel Sezefredo Fagundes, 7001, São Paulo, SP, Brasil", "original_OBS": "Altura indicada", "original_NATUREZA DO IMÓVEL/ PÚBLICO OU PRIVADO": "Público", "lat": -23.432428, "lon": -46.59493, "formatted": "Avenida Coronel Sezefredo Fagundes 7001, Furnas, São Paulo - SP, 02366-000, Brasil", "name": "Avenida Coronel Sezefredo Fagundes", "housenumber": 7001, "street": "Avenida Coronel Sezefredo Fagundes", "postcode": "02366-000", "district": null, "suburb": "Furnas", "city": "São Paulo", "county_code": null, "county": "Região Metropolitana de São Paulo", "state": "São Paulo", "state_code": "SP", "country": "Brasil", "country_code": "br", "confidence": 1.0, "confidence_city_level": 1.0, "confidence_building_level": 1.0, "confidence_street_level": 1.0, "attribution": "© OpenStreetMap contributors", "attribution_license": "Open Database License", "attribution_url": "https://www.openstreetmap.org/copyright", "VALID": 1 }, "geometry": { "type": "Point", "coordinates": [ -46.59377876905036, -23.42979527392168 ] } },
{ "type": "Feature", "properties": { "original_ID": 22, "original_PROCESSO": "1022102-34.2023.8.26.0053", "original_AUTOR/RÉU": "\tPREFEITURA MUNICIPAL DE SÃO PAULOx ocupantes da área ", "original_ASSISTIDO(OS)": "OCUPANTES DE ÁREA PÚBLICA da Rua  Afeganistão e Rua do Peloponeso", "original_ENDEREÇOS DAS OCUPAÇÕES": "RuaAfeganistão (N. 12, 129) e casas construídas na sua crista e localizadas na Rua doPeloponeso (nº 502, 504, 511, 511, 511-A, 511-FUNDOS, 512, 512-C, 512-E), JardimSolange, CEP 04948-000, com demarcação da localidade em PLANTA A-19.711/01,", "original_ENDEREÇO FORMATADO": "Rua Afeganistão, 12 – Jardim Solange – São Paulo – CEP 04948-000", "original_ENDEREÇO OSM": "Rua Afeganistão, 12, São Paulo, SP, Brasil", "original_OBS": "Também nº 129; casas na Rua do Peloponeso (502, 504, 511, 511-A, 511-Fundos, 512, 512-C, 512-E)", "original_NATUREZA DO IMÓVEL/ PÚBLICO OU PRIVADO": "Público", "lat": -23.702317, "lon": -46.780864, "formatted": "Rua Afeganistão 12, Jardim Ângela, São Paulo - SP, 04948-030, Brasil", "name": "Rua Afeganistão", "housenumber": 12, "street": "Rua Afeganistão", "postcode": "04948-030", "district": null, "suburb": "Jardim Ângela", "city": "São Paulo", "county_code": null, "county": "Região Metropolitana de São Paulo", "state": "São Paulo", "state_code": "SP", "country": "Brasil", "country_code": "br", "confidence": 1.0, "confidence_city_level": 1.0, "confidence_building_level": 1.0, "confidence_street_level": 1.0, "attribution": "© OpenStreetMap contributors", "attribution_license": "Open Database License", "attribution_url": "https://www.openstreetmap.org/copyright", "VALID": 1 }, "geometry": { "type": "Point", "coordinates": [ -46.780889723505773, -23.702285184084978 ] } },
{ "type": "Feature", "properties": { "original_ID": 23, "original_PROCESSO": "1017740-86.2023.8.26.0053", "original_AUTOR/RÉU": "\tPREFEITURA MUNICIPAL DE SÃO PAULO x ocupantes da área ", "original_ASSISTIDO(OS)": "EVENTUAIS POSSUIDORES E OCUPANTES DO IMÓVEL", "original_ENDEREÇOS DAS OCUPAÇÕES": "Avenida Celso Garcia,nº 804, Brás, CEP 03014-000, São Paulo/SP", "original_ENDEREÇO FORMATADO": "Av. Celso Garcia, 804 – Brás – São Paulo – CEP 03014-000", "original_ENDEREÇO OSM": "Av. Celso Garcia, 804, São Paulo, SP, Brasil", "original_OBS": "—", "original_NATUREZA DO IMÓVEL/ PÚBLICO OU PRIVADO": "Público", "lat": -23.538835187499998, "lon": -46.6046294625, "formatted": "Avenida Celso Garcia 804, Belém, São Paulo - SP, 03014-000, Brasil", "name": null, "housenumber": 804, "street": "Avenida Celso Garcia", "postcode": "03014-000", "district": null, "suburb": "Belém", "city": "São Paulo", "county_code": null, "county": "Região Metropolitana de São Paulo", "state": "São Paulo", "state_code": "SP", "country": "Brasil", "country_code": "br", "confidence": 1.0, "confidence_city_level": 1.0, "confidence_building_level": 1.0, "confidence_street_level": 1.0, "attribution": "© OpenStreetMap contributors", "attribution_license": "Open Database License", "attribution_url": "https://www.openstreetmap.org/copyright", "VALID": 1 }, "geometry": { "type": "Point", "coordinates": [ -46.604697650675604, -23.5388450568412 ] } },
{ "type": "Feature", "properties": { "original_ID": 24, "original_PROCESSO": "1078740-58.2021.8.26.0053 ", "original_AUTOR/RÉU": "\tDEPARTAMENTO DE ESTRADAS DE RODAGEM - DER x ocupantes da área ", "original_ASSISTIDO(OS)": "OCUPANTES DESCONHECIDOS - IMÓVEL DER", "original_ENDEREÇOS DAS OCUPAÇÕES": "Avenida Sezefredo Fagundes n.º 7000, Bairro Jardim Das Pedras, SãoPaulo-SP ,", "original_ENDEREÇO FORMATADO": "Av. Sezefredo Fagundes, 7000 – Jardim das Pedras – São Paulo", "original_ENDEREÇO OSM": "Av. Sezefredo Fagundes, 7000, São Paulo, SP, Brasil", "original_OBS": "—", "original_NATUREZA DO IMÓVEL/ PÚBLICO OU PRIVADO": "Público", "lat": -23.429801, "lon": -46.593541, "formatted": "Avenida Coronel Sezefredo Fagundes, 6003, Avenida Coronel Sezefredo Fagundes 7000, Furnas, São Paulo - SP, 02366-000, Brasil", "name": "Avenida Coronel Sezefredo Fagundes, 6003", "housenumber": 7000, "street": "Avenida Coronel Sezefredo Fagundes", "postcode": "02366-000", "district": null, "suburb": "Furnas", "city": "São Paulo", "county_code": null, "county": "Região Metropolitana de São Paulo", "state": "São Paulo", "state_code": "SP", "country": "Brasil", "country_code": "br", "confidence": 0.81, "confidence_city_level": 1.0, "confidence_building_level": 0.81, "confidence_street_level": 0.81, "attribution": "© OpenStreetMap contributors", "attribution_license": "Open Database License", "attribution_url": "https://www.openstreetmap.org/copyright", "VALID": 1 }, "geometry": { "type": "Point", "coordinates": [ -46.593479570671235, -23.429369648159927 ] } },
{ "type": "Feature", "properties": { "original_ID": 25, "original_PROCESSO": "1034768-67.2023.8.26.0053", "original_AUTOR/RÉU": "\tPREFEITURA MUNICIPAL DE SÃO PAULO x ocupantes da área ", "original_ASSISTIDO(OS)": "OCUPANTES DESCONHECIDOS - IMÓVEL DER (Favela do Sapé)", "original_ENDEREÇOS DAS OCUPAÇÕES": "Favela do Sapé, Avenida Waldemar Roberto com Rua Gertrudes Cunha (ladoA), altura do n.1500 e Avenida Waldemar Roberto com Rua General Syzeno Sarmento,9999 (lado B) e, Jardim Esmeralda, Distrito Rio Pequeno, CEP 05381-050", "original_ENDEREÇO FORMATADO": "Av. Waldemar Roberto, 1500 – Rio Pequeno – São Paulo – CEP 05381-050", "original_ENDEREÇO OSM": "Av. Waldemar Roberto, 1500, São Paulo, SP, Brasil", "original_OBS": "Favela do Sapé; lado A com Rua Gertrudes Cunha; lado B com Rua Gen. Syzeno Sarmento", "original_NATUREZA DO IMÓVEL/ PÚBLICO OU PRIVADO": "Público", "lat": -23.576031, "lon": -46.758522, "formatted": "Avenida Waldemar Roberto 1500, Rio Pequeno, São Paulo - SP, 05382-010, Brasil", "name": "Avenida Waldemar Roberto", "housenumber": 1500, "street": "Avenida Waldemar Roberto", "postcode": "05382-010", "district": "Rio Pequeno", "suburb": "Rio Pequeno", "city": "São Paulo", "county_code": null, "county": "Região Metropolitana de São Paulo", "state": "São Paulo", "state_code": "SP", "country": "Brasil", "country_code": "br", "confidence": 0.75, "confidence_city_level": 1.0, "confidence_building_level": 0.75, "confidence_street_level": 1.0, "attribution": "© OpenStreetMap contributors", "attribution_license": "Open Database License", "attribution_url": "https://www.openstreetmap.org/copyright", "VALID": 2 }, "geometry": { "type": "Point", "coordinates": [ -46.761569558498792, -23.571012208638408 ] } },
{ "type": "Feature", "properties": { "original_ID": 26, "original_PROCESSO": "1078734-51.2021.8.26.0053", "original_AUTOR/RÉU": "\tDEPARTAMENTO DE ESTRADAS DE RODAGEM - DER x ocupantes da área ", "original_ASSISTIDO(OS)": "Ocupantes não identificados", "original_ENDEREÇOS DAS OCUPAÇÕES": "Travessa Aurélio Linhares n.º 83, Bairro Estância Jaraguá,São Paulo-SP e na Rua Jardim do Eden n.º 49, Bairro Estância Jaraguá, São Paulo-SP", "original_ENDEREÇO FORMATADO": "Travessa Aurélio Linhares, 83 – Estância Jaraguá – São Paulo", "original_ENDEREÇO OSM": "Travessa Aurélio Linhares, 83, São Paulo, SP, Brasil", "original_OBS": "Também Rua Jardim do Éden nº 49", "original_NATUREZA DO IMÓVEL/ PÚBLICO OU PRIVADO": "Público", "lat": -23.431357, "lon": -46.708047, "formatted": "Travessa Aurelio Liniares 83, Brasilandia, São Paulo - Sudeste, 02997-020, Brasil", "name": null, "housenumber": 83, "street": "Travessa Aurelio Liniares", "postcode": "02997020", "district": "Jardim Paulista", "suburb": "Brasilandia", "city": "São Paulo", "county_code": "SP", "county": "São Paulo", "state": "Sudeste", "state_code": null, "country": "Brasil", "country_code": "br", "confidence": 0.39375, "confidence_city_level": 1.0, "confidence_building_level": 0.0, "confidence_street_level": 0.7875, "attribution": "© OpenStreetMap contributors", "attribution_license": "Open Database License", "attribution_url": "https://www.openstreetmap.org/copyright", "VALID": 1 }, "geometry": { "type": "Point", "coordinates": [ -46.708605974256486, -23.431576322723529 ] } },
{ "type": "Feature", "properties": { "original_ID": 27, "original_PROCESSO": "1120296-59.2022.8.26.0100", "original_AUTOR/RÉU": "\tCompanhia Metropolitana de Habitação de São Paulo - COHAB x ocupantes da área ", "original_ASSISTIDO(OS)": "OCUPANTES ", "original_ENDEREÇOS DAS OCUPAÇÕES": "Av. São João, 407 - Centro Histórico de São Paulo", "original_ENDEREÇO FORMATADO": "Av. São João, 407 – Centro Histórico – São Paulo", "original_ENDEREÇO OSM": "Av. São João, 407, São Paulo, SP, Brasil", "original_OBS": "—", "original_NATUREZA DO IMÓVEL/ PÚBLICO OU PRIVADO": "Privado gravado com utilidade pública", "lat": -23.543643, "lon": -46.6382887, "formatted": "Plaza, Avenida São João 407, República, São Paulo - SP, 01035-000, Brasil", "name": "Plaza", "housenumber": 407, "street": "Avenida São João", "postcode": "01035-000", "district": "República", "suburb": "República", "city": "São Paulo", "county_code": null, "county": "Região Metropolitana de São Paulo", "state": "São Paulo", "state_code": "SP", "country": "Brasil", "country_code": "br", "confidence": 1.0, "confidence_city_level": 1.0, "confidence_building_level": 1.0, "confidence_street_level": 1.0, "attribution": "© OpenStreetMap contributors", "attribution_license": "Open Database License", "attribution_url": "https://www.openstreetmap.org/copyright", "VALID": 1 }, "geometry": { "type": "Point", "coordinates": [ -46.638439431756609, -23.543589167229776 ] } },
{ "type": "Feature", "properties": { "original_ID": 28, "original_PROCESSO": "1020486-63.2019.8.26.0053", "original_AUTOR/RÉU": "\tMinistério Público do Estado de São Paulo x ocupantes da área ", "original_ASSISTIDO(OS)": "EVENTUAIS POSSUIDORES E OCUPANTES DO IMÓVEL    ", "original_ENDEREÇOS DAS OCUPAÇÕES": "Avenida Celso Garcia, nº 804, neste Municípiode São Paulo", "original_ENDEREÇO FORMATADO": "Av. Celso Garcia, 804 – São Paulo", "original_ENDEREÇO OSM": "Av. Celso Garcia, 804, São Paulo, SP, Brasil", "original_OBS": "Repetição do mesmo endereço", "original_NATUREZA DO IMÓVEL/ PÚBLICO OU PRIVADO": "PRIVADO", "lat": -23.538835187499998, "lon": -46.6046294625, "formatted": "Avenida Celso Garcia 804, Belém, São Paulo - SP, 03014-000, Brasil", "name": null, "housenumber": 804, "street": "Avenida Celso Garcia", "postcode": "03014-000", "district": null, "suburb": "Belém", "city": "São Paulo", "county_code": null, "county": "Região Metropolitana de São Paulo", "state": "São Paulo", "state_code": "SP", "country": "Brasil", "country_code": "br", "confidence": 1.0, "confidence_city_level": 1.0, "confidence_building_level": 1.0, "confidence_street_level": 1.0, "attribution": "© OpenStreetMap contributors", "attribution_license": "Open Database License", "attribution_url": "https://www.openstreetmap.org/copyright", "VALID": 1 }, "geometry": { "type": "Point", "coordinates": [ -46.604697650675604, -23.5388450568412 ] } },
{ "type": "Feature", "properties": { "original_ID": 29, "original_PROCESSO": "1017704-44.2023.8.26.0053", "original_AUTOR/RÉU": " ocupantes da área x PREFEITURA MUNICIPAL DE SÃO PAULO", "original_ASSISTIDO(OS)": "EVENTUAIS POSSUIDORES E OCUPANTES DO IMÓVEL    ", "original_ENDEREÇOS DAS OCUPAÇÕES": "Balneário Novo São José 01,designado NUI Balneário Novo São José 01 (NUI01_01), está situado no Distrito deParelheiros, Zona Sul, Área Urbana do Município de São Paulo, Estado de São Paulo", "original_ENDEREÇO FORMATADO": null, "original_ENDEREÇO OSM": null, "original_OBS": "Balneário Novo São José 01 (NUI 01_01) – Distrito de Parelheiros", "original_NATUREZA DO IMÓVEL/ PÚBLICO OU PRIVADO": "PRIVADO", "lat": null, "lon": null, "formatted": null, "name": null, "housenumber": null, "street": null, "postcode": null, "district": null, "suburb": null, "city": null, "county_code": null, "county": null, "state": null, "state_code": null, "country": null, "country_code": null, "confidence": null, "confidence_city_level": null, "confidence_building_level": null, "confidence_street_level": null, "attribution": null, "attribution_license": null, "attribution_url": null, "VALID": 0 }, "geometry": null },
{ "type": "Feature", "properties": { "original_ID": 30, "original_PROCESSO": "1032937-57.2018.8.26.0053", "original_AUTOR/RÉU": "\tPREFEITURA MUNICIPAL DE SÃO PAULO x ocupantes da área ", "original_ASSISTIDO(OS)": "Moradores da Comunidade Morro da Lua", "original_ENDEREÇOS DAS OCUPAÇÕES": "Favela confinada entre as Ruas: Clodomiro de oliveira, Clara Aurora, Aglodadas, prolongamento da Rua Alexandre Benning e Linha de transmissão da Eletropaulo", "original_ENDEREÇO FORMATADO": null, "original_ENDEREÇO OSM": null, "original_OBS": "Favela entre Ruas Clodomiro de Oliveira, Clara Aurora, Aglodadas, Alexandre Benning e LT Eletropaulo", "original_NATUREZA DO IMÓVEL/ PÚBLICO OU PRIVADO": "Público", "lat": null, "lon": null, "formatted": null, "name": null, "housenumber": null, "street": null, "postcode": null, "district": null, "suburb": null, "city": null, "county_code": null, "county": null, "state": null, "state_code": null, "country": null, "country_code": null, "confidence": null, "confidence_city_level": null, "confidence_building_level": null, "confidence_street_level": null, "attribution": null, "attribution_license": null, "attribution_url": null, "VALID": 0 }, "geometry": null },
{ "type": "Feature", "properties": { "original_ID": 31, "original_PROCESSO": "1013690-17.2023.8.26.0053", "original_AUTOR/RÉU": "\tPREFEITURA MUNICIPAL DE SÃO PAULO x ocupantes da área ", "original_ASSISTIDO(OS)": "Ocupantes da Área Pública da Planta A-19.283/00 – Antigo Leito do Rio Tietê", "original_ENDEREÇOS DAS OCUPAÇÕES": "Rua Miguel Casagrande e Av.Otaviano Alves de Lima, alt do nº 3600", "original_ENDEREÇO FORMATADO": "Av. Otaviano Alves de Lima, 3600 – São Paulo", "original_ENDEREÇO OSM": "Av. Otaviano Alves de Lima, 3600, São Paulo, SP, Brasil", "original_OBS": "Altura do nº 3600; Rua Miguel Casagrande", "original_NATUREZA DO IMÓVEL/ PÚBLICO OU PRIVADO": "Público", "lat": -23.5074013, "lon": -46.6922461, "formatted": "Posto Genérico, Avenida Otaviano Alves de Lima 3600, Freguesia do Ó, São Paulo - SP, 05101-000, Brasil", "name": "Posto Genérico", "housenumber": 3600, "street": "Avenida Otaviano Alves de Lima", "postcode": "05101-000", "district": null, "suburb": "Freguesia do Ó", "city": "São Paulo", "county_code": null, "county": "Região Metropolitana de São Paulo", "state": "São Paulo", "state_code": "SP", "country": "Brasil", "country_code": "br", "confidence": 1.0, "confidence_city_level": 1.0, "confidence_building_level": 1.0, "confidence_street_level": 1.0, "attribution": "© OpenStreetMap contributors", "attribution_license": "Open Database License", "attribution_url": "https://www.openstreetmap.org/copyright", "VALID": 1 }, "geometry": { "type": "Point", "coordinates": [ -46.692233915181468, -23.506302127829311 ] } },
{ "type": "Feature", "properties": { "original_ID": 32, "original_PROCESSO": "1500062-98.2023.8.26.0053", "original_AUTOR/RÉU": "DEPARTAMENTO DE ESTRADAS DE RODAGEM - DER x ocupantes da área ", "original_ASSISTIDO(OS)": "OCUPANTES NÃO IDENTIFICADOS", "original_ENDEREÇOS DAS OCUPAÇÕES": "terreno situado na Travessa Antônio InácioTorres n.º 27, Estância Jaraguá, São Paulo-SP, CEP n.º 02997-000", "original_ENDEREÇO FORMATADO": "Travessa Antônio Inácio Torres, 27 – Estância Jaraguá – São Paulo – CEP 02997-000", "original_ENDEREÇO OSM": "Travessa Antônio Inácio Torres, 27, São Paulo, SP, Brasil", "original_OBS": "—", "original_NATUREZA DO IMÓVEL/ PÚBLICO OU PRIVADO": "Público", "lat": -23.4321261, "lon": -46.7100464, "formatted": "Travessa Antônio Inacio Torres 27, Vila Souza, São Paulo - SP, 02986-110, Brasil", "name": "Travessa Antônio Inacio Torres", "housenumber": 27, "street": "Travessa Antônio Inacio Torres", "postcode": "02986-110", "district": "Jaraguá", "suburb": "Vila Souza", "city": "São Paulo", "county_code": null, "county": "Região Metropolitana de São Paulo", "state": "São Paulo", "state_code": "SP", "country": "Brasil", "country_code": "br", "confidence": 1.0, "confidence_city_level": 1.0, "confidence_building_level": 1.0, "confidence_street_level": 1.0, "attribution": "© OpenStreetMap contributors", "attribution_license": "Open Database License", "attribution_url": "https://www.openstreetmap.org/copyright", "VALID": 1 }, "geometry": { "type": "Point", "coordinates": [ -46.710068588291101, -23.432064655501577 ] } },
{ "type": "Feature", "properties": { "original_ID": 33, "original_PROCESSO": "1078838-43.2021.8.26.0053", "original_AUTOR/RÉU": "DEPARTAMENTO DE ESTRADAS DE RODAGEM DE SÃO PAULO – DER/SP x ocupantes da área ", "original_ASSISTIDO(OS)": "OCUPANTES DIVERSOS, INCERTOS E NÃO QUALIFICADOS", "original_ENDEREÇOS DAS OCUPAÇÕES": "RUA CORNÉLIO PROCÓPIO,1, VILA CLEMENTINO, 04053-080, SÃOPAULO", "original_ENDEREÇO FORMATADO": "Rua Cornélio Procópio, 1 – Vila Clementino – São Paulo – CEP 04053-080", "original_ENDEREÇO OSM": "Rua Cornélio Procópio, 1, São Paulo, SP, Brasil", "original_OBS": "—", "original_NATUREZA DO IMÓVEL/ PÚBLICO OU PRIVADO": "Público", "lat": -23.585533, "lon": -46.923734, "formatted": "Rua Cornelio Procopio 1, Cotia - Sudeste, 06702-620, Brasil", "name": null, "housenumber": 1, "street": "Rua Cornelio Procopio", "postcode": "06702-620", "district": "Cotia", "suburb": null, "city": "Cotia", "county_code": "SP", "county": "São Paulo", "state": "Sudeste", "state_code": null, "country": "Brasil", "country_code": "br", "confidence": 1.0, "confidence_city_level": 1.0, "confidence_building_level": 1.0, "confidence_street_level": 1.0, "attribution": "© OpenAddresses contributors", "attribution_license": "BSD-3-Clause License", "attribution_url": null, "VALID": 2 }, "geometry": { "type": "Point", "coordinates": [ -46.923734, -23.585533 ] } },
{ "type": "Feature", "properties": { "original_ID": 34, "original_PROCESSO": "1060800-12.2023.8.26.0053", "original_AUTOR/RÉU": "\tPREFEITURA MUNICIPAL DE SÃO PAULO x ocupantes da área ", "original_ASSISTIDO(OS)": "Ocupantes de Área Pública", "original_ENDEREÇOS DAS OCUPAÇÕES": "Rua Serra Redonda, junto à Rua Barbeiro de Sevilha, nº 320 (acesso pelaRua Aruru com Rua Salvador Mota), Vila Industrial, CEP 03251-183", "original_ENDEREÇO FORMATADO": "Rua Barbeiro de Sevilha, 320 – Vila Industrial – São Paulo – CEP 03251-183", "original_ENDEREÇO OSM": "Rua Barbeiro de Sevilha, 320, São Paulo, SP, Brasil", "original_OBS": "Acesso pelas Ruas Aruru e Salvador Mota", "original_NATUREZA DO IMÓVEL/ PÚBLICO OU PRIVADO": "Público", "lat": -23.6101864, "lon": -46.5410719, "formatted": "Rua Barbeiro de Sevilha 320, São Paulo - SP, 09220-730, Brasil", "name": "Rua Barbeiro de Sevilha", "housenumber": 320, "street": "Rua Barbeiro de Sevilha", "postcode": "09220-730", "district": "São Lucas", "suburb": null, "city": "São Paulo", "county_code": null, "county": "Região Metropolitana de São Paulo", "state": "São Paulo", "state_code": "SP", "country": "Brasil", "country_code": "br", "confidence": 0.75, "confidence_city_level": 1.0, "confidence_building_level": 0.75, "confidence_street_level": 1.0, "attribution": "© OpenStreetMap contributors", "attribution_license": "Open Database License", "attribution_url": "https://www.openstreetmap.org/copyright", "VALID": 1 }, "geometry": { "type": "Point", "coordinates": [ -46.53953183416526, -23.611101781396975 ] } },
{ "type": "Feature", "properties": { "original_ID": 35, "original_PROCESSO": "1013007-77.2023.8.26.0053", "original_AUTOR/RÉU": "MP x ocupantes da área ", "original_ASSISTIDO(OS)": "Moradores do Prédio situado na Alameda Nothmann, 915", "original_ENDEREÇOS DAS OCUPAÇÕES": "Alameda Nothmann, nº 915, Campos Elíseos", "original_ENDEREÇO FORMATADO": "Alameda Nothmann, 915 – Campos Elíseos – São Paulo", "original_ENDEREÇO OSM": "Alameda Nothmann, 915, São Paulo, SP, Brasil", "original_OBS": "—", "original_NATUREZA DO IMÓVEL/ PÚBLICO OU PRIVADO": "Público", "lat": -23.5347859, "lon": -46.6493291, "formatted": "Alameda Nothmann 915, Campos Elísios, São Paulo - SP, 01216-001, Brasil", "name": null, "housenumber": 915, "street": "Alameda Nothmann", "postcode": "01216-001", "district": "Santa Cecília", "suburb": "Campos Elísios", "city": "São Paulo", "county_code": null, "county": "Região Metropolitana de São Paulo", "state": "São Paulo", "state_code": "SP", "country": "Brasil", "country_code": "br", "confidence": 1.0, "confidence_city_level": 1.0, "confidence_building_level": 1.0, "confidence_street_level": 1.0, "attribution": "© OpenStreetMap contributors", "attribution_license": "Open Database License", "attribution_url": "https://www.openstreetmap.org/copyright", "VALID": 1 }, "geometry": { "type": "Point", "coordinates": [ -46.649359544004277, -23.534722092211315 ] } },
{ "type": "Feature", "properties": { "original_ID": 36, "original_PROCESSO": "1052561-58.2019.8.26.0053", "original_AUTOR/RÉU": "\tPREFEITURA MUNICIPAL DE SÃO PAULO x ocupantes da área ", "original_ASSISTIDO(OS)": "OCUPANTES", "original_ENDEREÇOS DAS OCUPAÇÕES": "Espaço Livre A e Praça de Retorno, segundo AU-0173 e CEP 04853-190 na RuaJosé Pinto Azevedo, 196 ou na Rua Magnólia Delfim da Silva nº 67", "original_ENDEREÇO FORMATADO": "Rua José Pinto Azevedo, 196 – São Paulo – CEP 04853-190", "original_ENDEREÇO OSM": "Rua José Pinto Azevedo, 196, São Paulo, SP, Brasil", "original_OBS": "Espaço Livre A e Praça de Retorno (AU‑0173); alternativa Rua Magnólia Delfim da Silva nº 67", "original_NATUREZA DO IMÓVEL/ PÚBLICO OU PRIVADO": "Público", "lat": -20.9014569, "lon": -51.3524601, "formatted": "Rua Deoclindo José de Azevedo Pinto 196, Residencial Água Viva, Andradina - SP, 16902-020, Brasil", "name": "Rua Deoclindo José de Azevedo Pinto", "housenumber": 196, "street": "Rua Deoclindo José de Azevedo Pinto", "postcode": "16902-020", "district": "Andradina", "suburb": "Residencial Água Viva", "city": "Andradina", "county_code": "SP", "county": "São Paulo", "state": "Sudeste", "state_code": "SP", "country": "Brasil", "country_code": "br", "confidence": 0.81, "confidence_city_level": 1.0, "confidence_building_level": 0.81, "confidence_street_level": 0.81, "attribution": null, "attribution_license": null, "attribution_url": null, "VALID": 1 }, "geometry": { "type": "Point", "coordinates": [ -46.743722819113501, -23.574794469408868 ] } },
{ "type": "Feature", "properties": { "original_ID": 37, "original_PROCESSO": "1003502-28.2024.8.26.0053", "original_AUTOR/RÉU": "PREFEITURA MUNICIPAL DE SÃO PAULO x ocupantes da área ", "original_ASSISTIDO(OS)": "Ocupantes de Área Pública - Rua Santo Antonio do Pinhal", "original_ENDEREÇOS DAS OCUPAÇÕES": "leito da Rua Santo Antonio do Pinhal, CEP 03630-070 e Rua Alfredo Franco", "original_ENDEREÇO FORMATADO": "Rua Santo Antônio do Pinhal – São Paulo – CEP 03630-070", "original_ENDEREÇO OSM": "Rua Santo Antônio do Pinhal, São Paulo, SP, Brasil", "original_OBS": "Também Rua Alfredo Franco", "original_NATUREZA DO IMÓVEL/ PÚBLICO OU PRIVADO": "Público", "lat": -23.532923, "lon": -46.5533242, "formatted": "Rua Santo Antônio do Pinhal, Parque São Jorge, São Paulo - SP, 03630-040, Brasil", "name": "Rua Santo Antônio do Pinhal", "housenumber": null, "street": "Rua Santo Antônio do Pinhal", "postcode": "03630-040", "district": null, "suburb": "Parque São Jorge", "city": "São Paulo", "county_code": null, "county": "Região Metropolitana de São Paulo", "state": "São Paulo", "state_code": "SP", "country": "Brasil", "country_code": "br", "confidence": 1.0, "confidence_city_level": 1.0, "confidence_building_level": null, "confidence_street_level": 1.0, "attribution": "© OpenStreetMap contributors", "attribution_license": "Open Database License", "attribution_url": "https://www.openstreetmap.org/copyright", "VALID": 0 }, "geometry": { "type": "Point", "coordinates": [ -46.5533242, -23.532923 ] } },
{ "type": "Feature", "properties": { "original_ID": 38, "original_PROCESSO": "1042695-84.2023.8.26.0053", "original_AUTOR/RÉU": "\tPREFEITURA MUNICIPAL DE SÃO PAULO x ocupantes da área ", "original_ASSISTIDO(OS)": "ocupantes do loteamento", "original_ENDEREÇOS DAS OCUPAÇÕES": "Jardim Santa Cruz do Corisco - rua Cel. SezefredoFagundes, 6000 até rua Praia Formosa, 35", "original_ENDEREÇO FORMATADO": "Rua Coronel Sezefredo Fagundes, 6000 – São Paulo", "original_ENDEREÇO OSM": "Rua Coronel Sezefredo Fagundes, 6000, São Paulo, SP, Brasil", "original_OBS": "Jardim Santa Cruz do Corisco até Rua Praia Formosa nº 35", "original_NATUREZA DO IMÓVEL/ PÚBLICO OU PRIVADO": "Público", "lat": -23.436101, "lon": -46.594175, "formatted": "Avenida Coronel Sezefredo Fagundes 6000, Tremembe, São Paulo - Sudeste, 02956-035, Brasil", "name": null, "housenumber": 6000, "street": "Avenida Coronel Sezefredo Fagundes", "postcode": "02956-035", "district": "Jardim Paulista", "suburb": "Tremembe", "city": "São Paulo", "county_code": "SP", "county": "São Paulo", "state": "Sudeste", "state_code": null, "country": "Brasil", "country_code": "br", "confidence": 0.7, "confidence_city_level": 1.0, "confidence_building_level": 0.7, "confidence_street_level": 0.7, "attribution": "© OpenAddresses contributors", "attribution_license": "BSD-3-Clause License", "attribution_url": null, "VALID": 1 }, "geometry": { "type": "Point", "coordinates": [ -46.595046722224971, -23.434898764572658 ] } },
{ "type": "Feature", "properties": { "original_ID": 39, "original_PROCESSO": "1007188-24.2023.8.26.0001", "original_AUTOR/RÉU": "\tCompanhia de Desenvolvimento Habitacional e Urbano do Estado de São Paulo - CDHU x ocupantes da área ", "original_ASSISTIDO(OS)": "ABNER COSTA SANTOS E OCUPANTES", "original_ENDEREÇOS DAS OCUPAÇÕES": "Conjunto Habitacional Tucuruvi “B”, terrenolocalizado na Rua Antonio Sergio de Matos, 1910 – Jova Rural (Jaçanã) – SãoPaulo – SP – CEP 02281-203", "original_ENDEREÇO FORMATADO": "Rua Antonio Sergio de Matos, 1910 – Jova Rural (Jaçanã) – São Paulo – CEP 02281-203", "original_ENDEREÇO OSM": "Rua Antonio Sergio de Matos, 1910, São Paulo, SP, Brasil", "original_OBS": "Conjunto Habitacional Tucuruvi “B”", "original_NATUREZA DO IMÓVEL/ PÚBLICO OU PRIVADO": "Público", "lat": -23.451543, "lon": -46.579592, "formatted": "Rua Antônio Sergio de Matos 1910, Vila Nilo, São Paulo - SP, 02325-001, Brasil", "name": "Rua Antônio Sergio de Matos", "housenumber": 1910, "street": "Rua Antônio Sergio de Matos", "postcode": "02325-001", "district": null, "suburb": "Vila Nilo", "city": "São Paulo", "county_code": null, "county": "Região Metropolitana de São Paulo", "state": "São Paulo", "state_code": "SP", "country": "Brasil", "country_code": "br", "confidence": 1.0, "confidence_city_level": 1.0, "confidence_building_level": 1.0, "confidence_street_level": 1.0, "attribution": "© OpenStreetMap contributors", "attribution_license": "Open Database License", "attribution_url": "https://www.openstreetmap.org/copyright", "VALID": 1 }, "geometry": { "type": "Point", "coordinates": [ -46.57962855445556, -23.451359720021422 ] } },
{ "type": "Feature", "properties": { "original_ID": 40, "original_PROCESSO": "1028075-43.2018.8.26.0053", "original_AUTOR/RÉU": "\tPrefeitura Municipal de São Paulo x ocupantes da área ", "original_ASSISTIDO(OS)": "Ocupantes da Área Pública Sitos No Espaço Livre 3 Planta A-17.638/01", "original_ENDEREÇOS DAS OCUPAÇÕES": "Rua Guarapiranga, cujas casas de número 20, 21-A, 21-B, 21-C", "original_ENDEREÇO FORMATADO": "Rua Guarapiranga – São Paulo", "original_ENDEREÇO OSM": "Rua Guarapiranga, São Paulo, SP, Brasil", "original_OBS": "Casas nº 20, 21‑A, 21‑B e 21‑C", "original_NATUREZA DO IMÓVEL/ PÚBLICO OU PRIVADO": "Público", "lat": -23.502958, "lon": -46.4085565, "formatted": "Rua Guarapiranga, Jardim Silva Teles, São Paulo - SP, 08160-460, Brasil", "name": "Rua Guarapiranga", "housenumber": null, "street": "Rua Guarapiranga", "postcode": "08160-460", "district": "Vila Curuçá", "suburb": "Jardim Silva Teles", "city": "São Paulo", "county_code": null, "county": "Região Metropolitana de São Paulo", "state": "São Paulo", "state_code": "SP", "country": "Brasil", "country_code": "br", "confidence": 1.0, "confidence_city_level": 1.0, "confidence_building_level": null, "confidence_street_level": 1.0, "attribution": "© OpenStreetMap contributors", "attribution_license": "Open Database License", "attribution_url": "https://www.openstreetmap.org/copyright", "VALID": 1 }, "geometry": { "type": "Point", "coordinates": [ -46.404753214783945, -23.503583357347392 ] } },
{ "type": "Feature", "properties": { "original_ID": 41, "original_PROCESSO": "1005639-13.2022.8.26.0001", "original_AUTOR/RÉU": "\tCompanhia de Desenvolvimento Habitacional e Urbano do Estado de São Paulo - CDHU x ocupantes da área ", "original_ASSISTIDO(OS)": "ocupantes do terreno localizado na Rua Antonio Sergio de Matos, 600, Jova Rural", "original_ENDEREÇOS DAS OCUPAÇÕES": "Rua Antonio Sergio de Matos, 600, Tucuruvi", "original_ENDEREÇO FORMATADO": "Rua Antonio Sergio de Matos, 600 – Tucuruvi – São Paulo", "original_ENDEREÇO OSM": "Rua Antonio Sergio de Matos, 600, São Paulo, SP, Brasil", "original_OBS": "—", "original_NATUREZA DO IMÓVEL/ PÚBLICO OU PRIVADO": "Público", "lat": -23.4521453, "lon": -46.5802783, "formatted": "Rua Antônio Sergio de Matos 600, Vila Nilo, São Paulo - SP, 02325-001, Brasil", "name": "Rua Antônio Sergio de Matos", "housenumber": 600, "street": "Rua Antônio Sergio de Matos", "postcode": "02325-001", "district": null, "suburb": "Vila Nilo", "city": "São Paulo", "county_code": null, "county": "Região Metropolitana de São Paulo", "state": "São Paulo", "state_code": "SP", "country": "Brasil", "country_code": "br", "confidence": 0.75, "confidence_city_level": 1.0, "confidence_building_level": 0.75, "confidence_street_level": 1.0, "attribution": "© OpenStreetMap contributors", "attribution_license": "Open Database License", "attribution_url": "https://www.openstreetmap.org/copyright", "VALID": 2 }, "geometry": { "type": "Point", "coordinates": [ -46.579758160559443, -23.453436383062375 ] } },
{ "type": "Feature", "properties": { "original_ID": 42, "original_PROCESSO": "1036522-10.2024.8.26.0053", "original_AUTOR/RÉU": "ocupantes do Viaduto Pacaembu Dr. DermivalGonçalves x PREFEITURA MUNICIPAL DE SÃO PAULO", "original_ASSISTIDO(OS)": "DEUSMAR DE LIMA E OUTROS - VIADUTO PACAEMBU", "original_ENDEREÇOS DAS OCUPAÇÕES": "Viaduto Pacaembu Dr. DermivalGonçalves, situado na Barra Funda, nesta Capital", "original_ENDEREÇO FORMATADO": null, "original_ENDEREÇO OSM": null, "original_OBS": "Viaduto Pacaembu Dr. Dermival Gonçalves – Barra Funda", "original_NATUREZA DO IMÓVEL/ PÚBLICO OU PRIVADO": "Público", "lat": null, "lon": null, "formatted": null, "name": null, "housenumber": null, "street": null, "postcode": null, "district": null, "suburb": null, "city": null, "county_code": null, "county": null, "state": null, "state_code": null, "country": null, "country_code": null, "confidence": null, "confidence_city_level": null, "confidence_building_level": null, "confidence_street_level": null, "attribution": null, "attribution_license": null, "attribution_url": null, "VALID": 0 }, "geometry": null },
{ "type": "Feature", "properties": { "original_ID": 43, "original_PROCESSO": "1045430-61.2021.8.26.0053", "original_AUTOR/RÉU": "Associação dos Moradores do Residencial Solar dos Araujos x PREFEITURA MUNICIPAL DE SÃO PAULO   ", "original_ASSISTIDO(OS)": "ASSOCIAÇÃO DOS MORADORES DOREDIDENCIAL SOLAR DOS ARAUJOS", "original_ENDEREÇOS DAS OCUPAÇÕES": "Av: José Estima Filho,481 – Jardim Capela – SP", "original_ENDEREÇO FORMATADO": "Av. José Estima Filho, 481 – Jardim Capela – São Paulo", "original_ENDEREÇO OSM": "Av. José Estima Filho, 481, São Paulo, SP, Brasil", "original_OBS": "—", "original_NATUREZA DO IMÓVEL/ PÚBLICO OU PRIVADO": "Público", "lat": -23.732598, "lon": -46.792846, "formatted": "Avenida José Estima Filho 481, Estrada Vitório Trentin, São Paulo - SP, 04960-020, Brasil", "name": "Avenida José Estima Filho", "housenumber": 481, "street": "Avenida José Estima Filho", "postcode": "04960-020", "district": null, "suburb": "Estrada Vitório Trentin", "city": "São Paulo", "county_code": null, "county": "Região Metropolitana de São Paulo", "state": "São Paulo", "state_code": "SP", "country": "Brasil", "country_code": "br", "confidence": 1.0, "confidence_city_level": 1.0, "confidence_building_level": 1.0, "confidence_street_level": 1.0, "attribution": "© OpenStreetMap contributors", "attribution_license": "Open Database License", "attribution_url": "https://www.openstreetmap.org/copyright", "VALID": 1 }, "geometry": { "type": "Point", "coordinates": [ -46.788426972483293, -23.725421141891527 ] } },
{ "type": "Feature", "properties": { "original_ID": 44, "original_PROCESSO": "1068873-70.2023.8.26.0053", "original_AUTOR/RÉU": "PREFEITURA MUNICIPAL DE SÃO PAULO x Movimento Coletivo de Moradia Popular", "original_ASSISTIDO(OS)": "Movimento Coletivo de Moradia Popular - Ocupantes de imóvel situado na Praça da República150/154/158", "original_ENDEREÇOS DAS OCUPAÇÕES": "Praça da República150/154/158", "original_ENDEREÇO FORMATADO": "Praça da República, 150 – São Paulo", "original_ENDEREÇO OSM": "Praça da República, 150, São Paulo, SP, Brasil", "original_OBS": "Também nº 154 e 158", "original_NATUREZA DO IMÓVEL/ PÚBLICO OU PRIVADO": "Público", "lat": -23.5441424, "lon": -46.6422342, "formatted": "Praça da República 150, República, São Paulo - SP, 01045-000, Brasil", "name": null, "housenumber": 150, "street": "Praça da República", "postcode": "01045-000", "district": "República", "suburb": "República", "city": "São Paulo", "county_code": null, "county": "Região Metropolitana de São Paulo", "state": "São Paulo", "state_code": "SP", "country": "Brasil", "country_code": "br", "confidence": 1.0, "confidence_city_level": 1.0, "confidence_building_level": 1.0, "confidence_street_level": 1.0, "attribution": "© OpenStreetMap contributors", "attribution_license": "Open Database License", "attribution_url": "https://www.openstreetmap.org/copyright", "VALID": 1 }, "geometry": { "type": "Point", "coordinates": [ -46.642231153795365, -23.544175908250931 ] } },
{ "type": "Feature", "properties": { "original_ID": 45, "original_PROCESSO": "1062781-47.2021.8.26.0053", "original_AUTOR/RÉU": "\tMaria Aparecida da Silva x PREFEITURA MUNICIPAL DE SÃO PAULO", "original_ASSISTIDO(OS)": "Ocupantes de imóvel na Rua Mário Forte, Jardim Arize ", "original_ENDEREÇOS DAS OCUPAÇÕES": "RuaMário Forte, Jardim Arize – Vila Matilde - São Paulo - SP - CEP 03573100", "original_ENDEREÇO FORMATADO": "Rua Mário Forte – Vila Matilde – São Paulo – CEP 03573-100", "original_ENDEREÇO OSM": "Rua Mário Forte, São Paulo, SP, Brasil", "original_OBS": "Jardim Arize", "original_NATUREZA DO IMÓVEL/ PÚBLICO OU PRIVADO": "Privado", "lat": -23.5611408, "lon": -46.5103995, "formatted": "Rua Mario Forte, Cidade Líder, São Paulo - SP, 03930-310, Brasil", "name": "Rua Mario Forte", "housenumber": null, "street": "Rua Mario Forte", "postcode": "03930-310", "district": null, "suburb": "Cidade Líder", "city": "São Paulo", "county_code": null, "county": "Região Metropolitana de São Paulo", "state": "São Paulo", "state_code": "SP", "country": "Brasil", "country_code": "br", "confidence": 1.0, "confidence_city_level": 1.0, "confidence_building_level": null, "confidence_street_level": 1.0, "attribution": "© OpenStreetMap contributors", "attribution_license": "Open Database License", "attribution_url": "https://www.openstreetmap.org/copyright", "VALID": 0 }, "geometry": { "type": "Point", "coordinates": [ -46.5103995, -23.5611408 ] } },
{ "type": "Feature", "properties": { "original_ID": 46, "original_PROCESSO": "1004949-58.2021.8.26.0020", "original_AUTOR/RÉU": "LG-Participações Ltda x ocupantes da área ", "original_ASSISTIDO(OS)": "Ocupantes da Av Deputado Cantídio Sampaio 4.387", "original_ENDEREÇOS DAS OCUPAÇÕES": "Av. Deputado Cantídio Sampaio, n. 4.387, Vila Brasilandia, S. Paulo-SP., CEP.02855-035", "original_ENDEREÇO FORMATADO": "Av. Deputado Cantídio Sampaio, 4387 – Vila Brasilândia – São Paulo – CEP 02855-035", "original_ENDEREÇO OSM": "Av. Deputado Cantídio Sampaio, 4387, São Paulo, SP, Brasil", "original_OBS": "—", "original_NATUREZA DO IMÓVEL/ PÚBLICO OU PRIVADO": "Privado", "lat": -23.4519701, "lon": -46.6999986, "formatted": "Avenida Deputado Cantídio Sampaio 4387, Parada de Taípas, São Paulo - SP, 02857-000, Brasil", "name": "Avenida Deputado Cantídio Sampaio", "housenumber": 4387, "street": "Avenida Deputado Cantídio Sampaio", "postcode": "02857-000", "district": "Jaraguá", "suburb": "Parada de Taípas", "city": "São Paulo", "county_code": null, "county": "Região Metropolitana de São Paulo", "state": "São Paulo", "state_code": "SP", "country": "Brasil", "country_code": "br", "confidence": 0.75, "confidence_city_level": 1.0, "confidence_building_level": 0.75, "confidence_street_level": 1.0, "attribution": "© OpenStreetMap contributors", "attribution_license": "Open Database License", "attribution_url": "https://www.openstreetmap.org/copyright", "VALID": 1 }, "geometry": { "type": "Point", "coordinates": [ -46.700144817822249, -23.45213154884539 ] } },
{ "type": "Feature", "properties": { "original_ID": 47, "original_PROCESSO": "1021002-51.2024.8.26.0007", "original_AUTOR/RÉU": "\tCteep - Companhia de Transmissão de Energia Elétrica Paulista x ocupantes da área ", "original_ASSISTIDO(OS)": "Ocupantes da Avenida Ragueb Chohfi 1835 ", "original_ENDEREÇOS DAS OCUPAÇÕES": "Avenida Ragueb Chohfi, Jardim Colonial, São Paulo/SP", "original_ENDEREÇO FORMATADO": "Avenida Ragueb Chohfi – Jardim Colonial – São Paulo", "original_ENDEREÇO OSM": "Avenida Ragueb Chohfi, São Paulo, SP, Brasil", "original_OBS": "Sem número", "original_NATUREZA DO IMÓVEL/ PÚBLICO OU PRIVADO": "Público", "lat": -23.5984177, "lon": -46.4596838, "formatted": "Avenida Ragueb Chohfi, São Mateus, São Paulo - SP, 08341-335, Brasil", "name": "Avenida Ragueb Chohfi", "housenumber": null, "street": "Avenida Ragueb Chohfi", "postcode": "08341-335", "district": "Iguatemi", "suburb": "São Mateus", "city": "São Paulo", "county_code": null, "county": "Região Metropolitana de São Paulo", "state": "São Paulo", "state_code": "SP", "country": "Brasil", "country_code": "br", "confidence": 1.0, "confidence_city_level": 1.0, "confidence_building_level": null, "confidence_street_level": 1.0, "attribution": "© OpenStreetMap contributors", "attribution_license": "Open Database License", "attribution_url": "https://www.openstreetmap.org/copyright", "VALID": 0 }, "geometry": { "type": "Point", "coordinates": [ -46.4596838, -23.5984177 ] } },
{ "type": "Feature", "properties": { "original_ID": 48, "original_PROCESSO": "1064965-39.2022.8.26.0053", "original_AUTOR/RÉU": "Fazenda Pública do Estado de São Paulo x ocupantes da área ", "original_ASSISTIDO(OS)": "Ocupantes da Rua Doutor Braulio Gomes, 81, Republica, CEP 01047-020, São Paulo - SP", "original_ENDEREÇOS DAS OCUPAÇÕES": "Rua Braulio Gomes, n.º 81, Centro, São Paulo - SP - CEP 01047-020", "original_ENDEREÇO FORMATADO": "Rua Bráulio Gomes, 81 – Centro – São Paulo – CEP 01047-020", "original_ENDEREÇO OSM": "Rua Bráulio Gomes, 81, São Paulo, SP, Brasil", "original_OBS": "—", "original_NATUREZA DO IMÓVEL/ PÚBLICO OU PRIVADO": "Público", "lat": -23.5467987, "lon": -46.641366, "formatted": "Rua Doutor Bráulio Gomes 81, República, São Paulo - SP, 01047-020, Brasil", "name": null, "housenumber": 81, "street": "Rua Doutor Bráulio Gomes", "postcode": "01047-020", "district": "República", "suburb": "República", "city": "São Paulo", "county_code": null, "county": "Região Metropolitana de São Paulo", "state": "São Paulo", "state_code": "SP", "country": "Brasil", "country_code": "br", "confidence": 0.9, "confidence_city_level": 1.0, "confidence_building_level": 0.9, "confidence_street_level": 0.9, "attribution": "© OpenStreetMap contributors", "attribution_license": "Open Database License", "attribution_url": "https://www.openstreetmap.org/copyright", "VALID": 1 }, "geometry": { "type": "Point", "coordinates": [ -46.641357925084471, -23.546777615498332 ] } },
{ "type": "Feature", "properties": { "original_ID": 49, "original_PROCESSO": "0021031-77.2024.8.26.0053", "original_AUTOR/RÉU": "Instituto Acaia x \tPREFEITURA MUNICIPAL DE SÃO PAULO", "original_ASSISTIDO(OS)": "Moradores da \"Favela da Linha”", "original_ENDEREÇOS DAS OCUPAÇÕES": "proximidades do Rio Pinheiros, na região denominada \"Favela da Linha\"", "original_ENDEREÇO FORMATADO": null, "original_ENDEREÇO OSM": null, "original_OBS": "Proximidades do Rio Pinheiros — “Favela da Linha”", "original_NATUREZA DO IMÓVEL/ PÚBLICO OU PRIVADO": "Público", "lat": null, "lon": null, "formatted": null, "name": null, "housenumber": null, "street": null, "postcode": null, "district": null, "suburb": null, "city": null, "county_code": null, "county": null, "state": null, "state_code": null, "country": null, "country_code": null, "confidence": null, "confidence_city_level": null, "confidence_building_level": null, "confidence_street_level": null, "attribution": null, "attribution_license": null, "attribution_url": null, "VALID": 0 }, "geometry": null },
{ "type": "Feature", "properties": { "original_ID": 50, "original_PROCESSO": "1033409-48.2024.8.26.0053", "original_AUTOR/RÉU": "\tPREFEITURA MUNICIPAL DE SÃO PAULO x ocupantes da área ", "original_ASSISTIDO(OS)": "Moradores Rua Bartolomeu de Bolonha nº 65", "original_ENDEREÇOS DAS OCUPAÇÕES": "Rua Bartolomeu de Bolonha nº 65, Jardim Silveira, bairro deParelheiros, CEP 04892-000, São Paulo/SP", "original_ENDEREÇO FORMATADO": "Rua Bartolomeu de Bolonha, 65 – Jardim Silveira – São Paulo – CEP 04892-000", "original_ENDEREÇO OSM": "Rua Bartolomeu de Bolonha, 65, São Paulo, SP, Brasil", "original_OBS": "Parelheiros", "original_NATUREZA DO IMÓVEL/ PÚBLICO OU PRIVADO": "Privado", "lat": -23.849339, "lon": -46.713942, "formatted": "Rua Bartolomeu de Bolonha 65, Vargem Grande, São Paulo - SP, 04895-340, Brasil", "name": "Rua Bartolomeu de Bolonha", "housenumber": 65, "street": "Rua Bartolomeu de Bolonha", "postcode": "04895-340", "district": "Jardim Silveira", "suburb": "Vargem Grande", "city": "São Paulo", "county_code": null, "county": "Região Metropolitana de São Paulo", "state": "São Paulo", "state_code": "SP", "country": "Brasil", "country_code": "br", "confidence": 1.0, "confidence_city_level": 1.0, "confidence_building_level": 1.0, "confidence_street_level": 1.0, "attribution": "© OpenStreetMap contributors", "attribution_license": "Open Database License", "attribution_url": "https://www.openstreetmap.org/copyright", "VALID": 1 }, "geometry": { "type": "Point", "coordinates": [ -46.713814059405529, -23.849350677117751 ] } },
{ "type": "Feature", "properties": { "original_ID": 51, "original_PROCESSO": "0034014-46.2003.8.26.0053", "original_AUTOR/RÉU": "MP x ocupantes da área ", "original_ASSISTIDO(OS)": "Moradores FAVELA VILA NOVA GALVÃO", "original_ENDEREÇOS DAS OCUPAÇÕES": "Rua GabrielRibeiro e a área de risco da \"FAVELA VILA NOVA GALVÃO\", criadanas margens do Córrego do Piqueri, entre as Ruas Japaranduba, Chá daÍndia e Gabriel Ribeiro, no bairro Vila Nova Galvão,", "original_ENDEREÇO FORMATADO": "Rua Gabriel Ribeiro – Vila Nova Galvão – São Paulo", "original_ENDEREÇO OSM": null, "original_OBS": "Área de risco da Favela Vila Nova Galvão (Córrego do Piqueri)", "original_NATUREZA DO IMÓVEL/ PÚBLICO OU PRIVADO": "Privado", "lat": null, "lon": null, "formatted": null, "name": null, "housenumber": null, "street": null, "postcode": null, "district": null, "suburb": null, "city": null, "county_code": null, "county": null, "state": null, "state_code": null, "country": null, "country_code": null, "confidence": null, "confidence_city_level": null, "confidence_building_level": null, "confidence_street_level": null, "attribution": null, "attribution_license": null, "attribution_url": null, "VALID": 0 }, "geometry": null },
{ "type": "Feature", "properties": { "original_ID": 52, "original_PROCESSO": "1069544-35.2019.8.26.0053", "original_AUTOR/RÉU": "PREFEITURA MUNICIPAL DE SÃO PAULO x ocupantes da área ", "original_ASSISTIDO(OS)": "Ocupantes da área da Boca da Mata", "original_ENDEREÇOS DAS OCUPAÇÕES": "rua Boca da Mata, nº 22- Lt 4, Jardim Brasil, São Paulo/SP - CEP 02.227-090", "original_ENDEREÇO FORMATADO": "Rua Boca da Mata, 22 – Jardim Brasil – São Paulo – CEP 02227-090", "original_ENDEREÇO OSM": "Rua Boca da Mata, 22, São Paulo, SP, Brasil", "original_OBS": "Lote 4", "original_NATUREZA DO IMÓVEL/ PÚBLICO OU PRIVADO": "Privado gravado com utilidade pública", "lat": -23.4732031, "lon": -46.5758209, "formatted": "Rua Boca da Mata 22, Jardim Modelo, São Paulo - SP, 02238-040, Brasil", "name": "Rua Boca da Mata", "housenumber": 22, "street": "Rua Boca da Mata", "postcode": "02238-040", "district": null, "suburb": "Jardim Modelo", "city": "São Paulo", "county_code": null, "county": "Região Metropolitana de São Paulo", "state": "São Paulo", "state_code": "SP", "country": "Brasil", "country_code": "br", "confidence": 1.0, "confidence_city_level": 1.0, "confidence_building_level": 1.0, "confidence_street_level": 1.0, "attribution": "© OpenStreetMap contributors", "attribution_license": "Open Database License", "attribution_url": "https://www.openstreetmap.org/copyright", "VALID": 1 }, "geometry": { "type": "Point", "coordinates": [ -46.57583308481852, -23.473197515291503 ] } },
{ "type": "Feature", "properties": { "original_ID": 53, "original_PROCESSO": "1084017-50.2024.8.26.0053", "original_AUTOR/RÉU": "\tPREFEITURA MUNICIPAL DE SÃO PAULO x ocupantes da área e NEO EMPREENDIMENTOS E PARTICIPAÇÕES LTDA", "original_ASSISTIDO(OS)": "OCUPANTES - Rua Santa Rosa, 267, Brás - SP", "original_ENDEREÇOS DAS OCUPAÇÕES": "Rua Santa Rosa, 267, Brás,São Paulo, SP, CEP 03.007-040", "original_ENDEREÇO FORMATADO": "Rua Santa Rosa, 267 – Brás – São Paulo – CEP 03007-040", "original_ENDEREÇO OSM": "Rua Santa Rosa, 267, São Paulo, SP, Brasil", "original_OBS": "—", "original_NATUREZA DO IMÓVEL/ PÚBLICO OU PRIVADO": "Privado", "lat": -23.540768, "lon": -46.626796, "formatted": "Rua Santa Rosa 267, Brás, São Paulo - SP, 03007-040, Brasil", "name": "Rua Santa Rosa", "housenumber": 267, "street": "Rua Santa Rosa", "postcode": "03007-040", "district": null, "suburb": "Brás", "city": "São Paulo", "county_code": null, "county": "Região Metropolitana de São Paulo", "state": "São Paulo", "state_code": "SP", "country": "Brasil", "country_code": "br", "confidence": 1.0, "confidence_city_level": 1.0, "confidence_building_level": 1.0, "confidence_street_level": 1.0, "attribution": "© OpenStreetMap contributors", "attribution_license": "Open Database License", "attribution_url": "https://www.openstreetmap.org/copyright", "VALID": 1 }, "geometry": { "type": "Point", "coordinates": [ -46.627007353226105, -23.540716027895218 ] } },
{ "type": "Feature", "properties": { "original_ID": 54, "original_PROCESSO": "0121218-89.2007.8.26.0053", "original_AUTOR/RÉU": "Fazenda Pública do Estado de São Paulo x ocupantes da área ", "original_ASSISTIDO(OS)": "OCUPANTES POSTO DE SAUDE DE VILA CLARA", "original_ENDEREÇOS DAS OCUPAÇÕES": "Rua Rolando Curti, n. 70 —Americanópolis, distrito de Cidade Ademar", "original_ENDEREÇO FORMATADO": "Rua Rolando Curti, 70 – Americanópolis – São Paulo", "original_ENDEREÇO OSM": "Rua Rolando Curti, 70, São Paulo, SP, Brasil", "original_OBS": "Distrito Cidade Ademar", "original_NATUREZA DO IMÓVEL/ PÚBLICO OU PRIVADO": "Privado gravado com utilidade pública", "lat": -23.672008, "lon": -46.638971, "formatted": "Rua Rolando Curti 70, Jabaquara, São Paulo - SP, 04414-170, Brasil", "name": "Rua Rolando Curti", "housenumber": 70, "street": "Rua Rolando Curti", "postcode": "04414-170", "district": null, "suburb": "Jabaquara", "city": "São Paulo", "county_code": null, "county": "Região Metropolitana de São Paulo", "state": "São Paulo", "state_code": "SP", "country": "Brasil", "country_code": "br", "confidence": 1.0, "confidence_city_level": 1.0, "confidence_building_level": 1.0, "confidence_street_level": 1.0, "attribution": "© OpenStreetMap contributors", "attribution_license": "Open Database License", "attribution_url": "https://www.openstreetmap.org/copyright", "VALID": 1 }, "geometry": { "type": "Point", "coordinates": [ -46.638044597232252, -23.672120606227033 ] } },
{ "type": "Feature", "properties": { "original_ID": 55, "original_PROCESSO": "1500073-30.2023.8.26.0053", "original_AUTOR/RÉU": "\tDEPARTAMENTO DE ESTRADAS DE RODAGEM - DER x ocupantes da área ", "original_ASSISTIDO(OS)": "Ocupantes nao identificados - Estância Jaraguá", "original_ENDEREÇOS DAS OCUPAÇÕES": "ravessa Antônio InácioTorres n.º 27, Estância Jaraguá, São Paulo-SP, CEP n.º 02997-000", "original_ENDEREÇO FORMATADO": "Travessa Antônio Inácio Torres, 27 – Estância Jaraguá – São Paulo – CEP 02997-000", "original_ENDEREÇO OSM": "Travessa Antônio Inácio Torres, 27, São Paulo, SP, Brasil", "original_OBS": "Repetido", "original_NATUREZA DO IMÓVEL/ PÚBLICO OU PRIVADO": "Público", "lat": -23.4321261, "lon": -46.7100464, "formatted": "Travessa Antônio Inacio Torres 27, Vila Souza, São Paulo - SP, 02986-110, Brasil", "name": "Travessa Antônio Inacio Torres", "housenumber": 27, "street": "Travessa Antônio Inacio Torres", "postcode": "02986-110", "district": "Jaraguá", "suburb": "Vila Souza", "city": "São Paulo", "county_code": null, "county": "Região Metropolitana de São Paulo", "state": "São Paulo", "state_code": "SP", "country": "Brasil", "country_code": "br", "confidence": 1.0, "confidence_city_level": 1.0, "confidence_building_level": 1.0, "confidence_street_level": 1.0, "attribution": "© OpenStreetMap contributors", "attribution_license": "Open Database License", "attribution_url": "https://www.openstreetmap.org/copyright", "VALID": 1 }, "geometry": { "type": "Point", "coordinates": [ -46.710068588291101, -23.432064655501577 ] } },
{ "type": "Feature", "properties": { "original_ID": 56, "original_PROCESSO": "1500073-59.2025.8.26.0053", "original_AUTOR/RÉU": "Ocupantes da área x PREFEITURA MUNICIPAL DE SÃO PAULO", "original_ASSISTIDO(OS)": "Anderson Esteves Calisto E oCUPANTES (Rua Nelson Cruz, 32 - Brás)", "original_ENDEREÇOS DAS OCUPAÇÕES": "Rua Nelson Cruz, 32, Brás, CEP 03015-050, São Paulo", "original_ENDEREÇO FORMATADO": "Rua Nelson Cruz, 32 – Brás – São Paulo – CEP 03015-050", "original_ENDEREÇO OSM": "Rua Nelson Cruz, 32, São Paulo, SP, Brasil", "original_OBS": "—", "original_NATUREZA DO IMÓVEL/ PÚBLICO OU PRIVADO": "Público", "lat": -23.536485, "lon": -46.591569, "formatted": "Rua Nelson Cruz 32, Belém, São Paulo - SP, 03015-030, Brasil", "name": "Rua Nelson Cruz", "housenumber": 32, "street": "Rua Nelson Cruz", "postcode": "03015-030", "district": null, "suburb": "Belém", "city": "São Paulo", "county_code": null, "county": "Região Metropolitana de São Paulo", "state": "São Paulo", "state_code": "SP", "country": "Brasil", "country_code": "br", "confidence": 1.0, "confidence_city_level": 1.0, "confidence_building_level": 1.0, "confidence_street_level": 1.0, "attribution": "© OpenStreetMap contributors", "attribution_license": "Open Database License", "attribution_url": "https://www.openstreetmap.org/copyright", "VALID": 1 }, "geometry": { "type": "Point", "coordinates": [ -46.593294473878778, -23.53409774798698 ] } },
{ "type": "Feature", "properties": { "original_ID": 57, "original_PROCESSO": "1500096-05.2025.8.26.0053", "original_AUTOR/RÉU": "Ocupantes da área x PREFEITURA MUNICIPAL DE SÃO PAULO", "original_ASSISTIDO(OS)": "Tatiane dos Santos Menezes - Ocupação Prates", "original_ENDEREÇOS DAS OCUPAÇÕES": "Rua Prates, Bom Retiro", "original_ENDEREÇO FORMATADO": "Rua Prates – Bom Retiro – São Paulo", "original_ENDEREÇO OSM": "Rua Prates, São Paulo, SP, Brasil", "original_OBS": "Sem número", "original_NATUREZA DO IMÓVEL/ PÚBLICO OU PRIVADO": "Público", "lat": -23.5273014, "lon": -46.6352341, "formatted": "Rua Prates, Bairro da Luz, São Paulo - SP, 01121-000, Brasil", "name": "Rua Prates", "housenumber": null, "street": "Rua Prates", "postcode": "01121-000", "district": null, "suburb": "Bairro da Luz", "city": "São Paulo", "county_code": null, "county": "Região Metropolitana de São Paulo", "state": "São Paulo", "state_code": "SP", "country": "Brasil", "country_code": "br", "confidence": 1.0, "confidence_city_level": 1.0, "confidence_building_level": null, "confidence_street_level": 1.0, "attribution": "© OpenStreetMap contributors", "attribution_license": "Open Database License", "attribution_url": "https://www.openstreetmap.org/copyright", "VALID": 0 }, "geometry": { "type": "Point", "coordinates": [ -46.635791933924672, -23.529035535896249 ] } },
{ "type": "Feature", "properties": { "original_ID": 58, "original_PROCESSO": "1021574-29.2025.8.26.0053", "original_AUTOR/RÉU": "Ocupantes da área x PREFEITURA MUNICIPAL DE SÃO PAULO", "original_ASSISTIDO(OS)": "THAMIRES APARECIDA SILVA (Comunidade Vargem Grande)", "original_ENDEREÇOS DAS OCUPAÇÕES": "Rua Avenida dasRosas (invasão), n° 00, Vargem Grande, CEP: 04895270, São Paulo – SP", "original_ENDEREÇO FORMATADO": "Avenida das Rosas, 0 – Vargem Grande – São Paulo – CEP 04895-270", "original_ENDEREÇO OSM": "Avenida das Rosas, São Paulo, SP, Brasil", "original_OBS": "Invasão", "original_NATUREZA DO IMÓVEL/ PÚBLICO OU PRIVADO": "Público", "lat": -23.7161003, "lon": -46.5564755, "formatted": "Avenida das Rosas, Centro, São Bernardo do Campo - SP, 09720-375, Brasil", "name": "Avenida das Rosas", "housenumber": null, "street": "Avenida das Rosas", "postcode": "09720-375", "district": "São Bernardo do Campo", "suburb": "Centro", "city": "São Bernardo do Campo", "county_code": null, "county": "Região Metropolitana de São Paulo", "state": "São Paulo", "state_code": "SP", "country": "Brasil", "country_code": "br", "confidence": 0.729, "confidence_city_level": 0.729, "confidence_building_level": null, "confidence_street_level": 0.729, "attribution": "© OpenStreetMap contributors", "attribution_license": "Open Database License", "attribution_url": "https://www.openstreetmap.org/copyright", "VALID": 1 }, "geometry": { "type": "Point", "coordinates": [ -46.5564755, -23.7161003 ] } },
{ "type": "Feature", "properties": { "original_ID": 59, "original_PROCESSO": "1074697-44.2022.8.26.0053", "original_AUTOR/RÉU": "\tPREFEITURA MUNICIPAL DE SÃO PAULO x ocupantes da área e ASSOCIAÇÃO CIVIL ESCOLA DE SAMBA E CIDADANIA CABEÇÕES DA VILAPRUDENTE", "original_ASSISTIDO(OS)": "FERNANDO DE OLIVEIRA MATEUS - Ocupação Viaduto Pacheco chaves", "original_ENDEREÇOS DAS OCUPAÇÕES": "nos baixos do Viaduto Pacheco e Chaves", "original_ENDEREÇO FORMATADO": null, "original_ENDEREÇO OSM": null, "original_OBS": "Baixios do Viaduto Pacheco e Chaves", "original_NATUREZA DO IMÓVEL/ PÚBLICO OU PRIVADO": "Público", "lat": null, "lon": null, "formatted": null, "name": null, "housenumber": null, "street": null, "postcode": null, "district": null, "suburb": null, "city": null, "county_code": null, "county": null, "state": null, "state_code": null, "country": null, "country_code": null, "confidence": null, "confidence_city_level": null, "confidence_building_level": null, "confidence_street_level": null, "attribution": null, "attribution_license": null, "attribution_url": null, "VALID": 0 }, "geometry": null },
{ "type": "Feature", "properties": { "original_ID": 60, "original_PROCESSO": "1031387-80.2025.8.26.0053", "original_AUTOR/RÉU": "Ocupantes da área x PREFEITURA MUNICIPAL DE SÃO PAULO", "original_ASSISTIDO(OS)": "OCUPANTES DO LOTEAMENTO HORIZONTE AZUL", "original_ENDEREÇOS DAS OCUPAÇÕES": "Loteamento Horizonte Azul, localizada nas imediações da RuaBonifácio Pasqualin e Estrada da Baronesa, zona sul do Municípiode São Paulo", "original_ENDEREÇO FORMATADO": null, "original_ENDEREÇO OSM": null, "original_OBS": "Loteamento Horizonte Azul; imediações da Rua Bonifácio Pasqualin e Estrada da Baronesa", "original_NATUREZA DO IMÓVEL/ PÚBLICO OU PRIVADO": "Público", "lat": null, "lon": null, "formatted": null, "name": null, "housenumber": null, "street": null, "postcode": null, "district": null, "suburb": null, "city": null, "county_code": null, "county": null, "state": null, "state_code": null, "country": null, "country_code": null, "confidence": null, "confidence_city_level": null, "confidence_building_level": null, "confidence_street_level": null, "attribution": null, "attribution_license": null, "attribution_url": null, "VALID": 0 }, "geometry": null },
{ "type": "Feature", "properties": { "original_ID": 61, "original_PROCESSO": "1014630-11.2025.8.26.0053", "original_AUTOR/RÉU": "\tPatricia Fabiana de Carvalho x PREFEITURA MUNICIPAL DE SÃO PAULO", "original_ASSISTIDO(OS)": "OCUPANTES DA ÁREA VILA NOVA PALESTINA", "original_ENDEREÇOS DAS OCUPAÇÕES": "Distrito do Jardim Ângela, Subprefeitura de M’Boi Mirim/Rua Partenon, nº 34, Embudas Artes – SP, CEP 06817-140", "original_ENDEREÇO FORMATADO": "Rua Partenon, 34 – Jardim Ângela – Embu das Artes – CEP 06817-140", "original_ENDEREÇO OSM": "Rua Partenon, 34, Embu das Artes, SP, Brasil", "original_OBS": "Subprefeitura M’Boi Mirim", "original_NATUREZA DO IMÓVEL/ PÚBLICO OU PRIVADO": "Privado gravado com utilidade pública", "lat": -23.629037, "lon": -46.813863, "formatted": "Rua Partenon 34, Embu das Artes - Sudeste, 06817-140, Brasil", "name": null, "housenumber": 34, "street": "Rua Partenon", "postcode": "06817-140", "district": "Embu", "suburb": null, "city": "Embu das Artes", "county_code": "SP", "county": "São Paulo", "state": "Sudeste", "state_code": null, "country": "Brasil", "country_code": "br", "confidence": 1.0, "confidence_city_level": 1.0, "confidence_building_level": 1.0, "confidence_street_level": 1.0, "attribution": "© OpenAddresses contributors", "attribution_license": "BSD-3-Clause License", "attribution_url": null, "VALID": 2 }, "geometry": { "type": "Point", "coordinates": [ -46.813849140772049, -23.629024873175556 ] } },
{ "type": "Feature", "properties": { "original_ID": 62, "original_PROCESSO": "1031374-81.2025.8.26.0053", "original_AUTOR/RÉU": "Ocupantes da área x PREFEITURA MUNICIPAL DE SÃO PAULO", "original_ASSISTIDO(OS)": "Moradores do Núcleo Rua Apa Colônia 02", "original_ENDEREÇOS DAS OCUPAÇÕES": "Núcleo Rua Apa – Comumente chamado deColônia 02, situado no Bairro Colônia, Distrito de Itaquera, em São Paulo/SP", "original_ENDEREÇO FORMATADO": null, "original_ENDEREÇO OSM": null, "original_OBS": "Núcleo Rua Apa (“Colônia 02”) – Distrito de Itaquera", "original_NATUREZA DO IMÓVEL/ PÚBLICO OU PRIVADO": "Público/privado adquirido por meio de acordo ", "lat": null, "lon": null, "formatted": null, "name": null, "housenumber": null, "street": null, "postcode": null, "district": null, "suburb": null, "city": null, "county_code": null, "county": null, "state": null, "state_code": null, "country": null, "country_code": null, "confidence": null, "confidence_city_level": null, "confidence_building_level": null, "confidence_street_level": null, "attribution": null, "attribution_license": null, "attribution_url": null, "VALID": 0 }, "geometry": null },
{ "type": "Feature", "properties": { "original_ID": 63, "original_PROCESSO": "1079729-59.2024.8.26.0053", "original_AUTOR/RÉU": "PREFEITURA MUNICIPAL DE SÃO PAULO x ocupantes da área ", "original_ASSISTIDO(OS)": "Ocupantes de área na Rua Cachoeira do Acará", "original_ENDEREÇOS DAS OCUPAÇÕES": "Rua Cachoeira do Acará eRua Waldemar Ortega, CEP 05868-000", "original_ENDEREÇO FORMATADO": "Rua Cachoeira do Acará – São Paulo", "original_ENDEREÇO OSM": "Rua Cachoeira do Acará, São Paulo, SP, Brasil", "original_OBS": "Também Rua Waldemar Ortega; CEP 05868-000", "original_NATUREZA DO IMÓVEL/ PÚBLICO OU PRIVADO": "Público", "lat": -23.673254, "lon": -46.786274, "formatted": "Rua Cachoeira Acara, Capao Redondo, São Paulo - Sudeste, 05868-000, Brasil", "name": null, "housenumber": null, "street": "Rua Cachoeira Acara", "postcode": "05868000", "district": "Jardim Paulista", "suburb": "Capao Redondo", "city": "São Paulo", "county_code": "SP", "county": "São Paulo", "state": "Sudeste", "state_code": null, "country": "Brasil", "country_code": "br", "confidence": 0.63, "confidence_city_level": 1.0, "confidence_building_level": null, "confidence_street_level": 0.63, "attribution": "© OpenStreetMap contributors", "attribution_license": "Open Database License", "attribution_url": "https://www.openstreetmap.org/copyright", "VALID": 0 }, "geometry": { "type": "Point", "coordinates": [ -46.786274, -23.673254 ] } },
{ "type": "Feature", "properties": { "original_ID": 64, "original_PROCESSO": "1077440-61.2021.8.26.0053", "original_AUTOR/RÉU": "\tDEPARTAMENTO DE ESTRADAS DE RODAGEM - DER x ocupantes da área ", "original_ASSISTIDO(OS)": "Ocupantes de imovel na Rua Kotinda 1575", "original_ENDEREÇOS DAS OCUPAÇÕES": "Rua Kotinda, n.º 1575, Jardim Corisco, SãoPaulo – SP", "original_ENDEREÇO FORMATADO": "Rua Kotinda, 1575 – Jardim Corisco – São Paulo", "original_ENDEREÇO OSM": "Rua Kotinda, 1575, São Paulo, SP, Brasil", "original_OBS": "—", "original_NATUREZA DO IMÓVEL/ PÚBLICO OU PRIVADO": "Público", "lat": -23.4244201, "lon": -46.5827284, "formatted": "Rua Kotinda 1575, Jardim Fontalis, São Paulo - SP, 02289-900, Brasil", "name": "Rua Kotinda", "housenumber": 1575, "street": "Rua Kotinda", "postcode": "02289-900", "district": null, "suburb": "Jardim Fontalis", "city": "São Paulo", "county_code": null, "county": "Região Metropolitana de São Paulo", "state": "São Paulo", "state_code": "SP", "country": "Brasil", "country_code": "br", "confidence": 0.75, "confidence_city_level": 1.0, "confidence_building_level": 0.75, "confidence_street_level": 1.0, "attribution": "© OpenStreetMap contributors", "attribution_license": "Open Database License", "attribution_url": "https://www.openstreetmap.org/copyright", "VALID": 1 }, "geometry": { "type": "Point", "coordinates": [ -46.582068725037736, -23.427264468239546 ] } },
{ "type": "Feature", "properties": { "original_ID": 65, "original_PROCESSO": "0400391-96.1998.8.26.0053", "original_AUTOR/RÉU": "PREFEITURA MUNICIPAL DE SÃO PAULO x ocupantes da área e ASSOCIAÇÃO MOVIMENTO DE MORADIA POPULAR CASA NOVA", "original_ASSISTIDO(OS)": "INGRID CRIS DOS SANTOS LISBOA e outros", "original_ENDEREÇOS DAS OCUPAÇÕES": "Rua PapaGregerio Magno/Rua Dorival da Silva - Santo Amaro", "original_ENDEREÇO FORMATADO": "Rua Papa Gregório Magno – Santo Amaro – São Paulo", "original_ENDEREÇO OSM": "Rua Papa Gregório Magno, São Paulo, SP, Brasil", "original_OBS": "Cruzamento com Rua Dorival da Silva", "original_NATUREZA DO IMÓVEL/ PÚBLICO OU PRIVADO": "Público", "lat": -23.6915058, "lon": -46.652427, "formatted": "Rua Papa Gregório Magno, São Paulo - SP, 04430-030, Brasil", "name": "Rua Papa Gregório Magno", "housenumber": null, "street": "Rua Papa Gregório Magno", "postcode": "04430-030", "district": "Pedreira", "suburb": null, "city": "São Paulo", "county_code": null, "county": "Região Metropolitana de São Paulo", "state": "São Paulo", "state_code": "SP", "country": "Brasil", "country_code": "br", "confidence": 1.0, "confidence_city_level": 1.0, "confidence_building_level": null, "confidence_street_level": 1.0, "attribution": "© OpenStreetMap contributors", "attribution_license": "Open Database License", "attribution_url": "https://www.openstreetmap.org/copyright", "VALID": 0 }, "geometry": { "type": "Point", "coordinates": [ -46.652427, -23.6915058 ] } },
{ "type": "Feature", "properties": { "original_ID": 66, "original_PROCESSO": "0016259-76.2021.8.26.0053", "original_AUTOR/RÉU": "MP x PREFEITURA DE SP e ocupantes da área e \tONGF - Organização não Governamental Futurong - Ação Sóciocultural\nAdvogado:  Henry Romano Cardoso ", "original_ASSISTIDO(OS)": "Richardson Luiz Gonzaga Cunha", "original_ENDEREÇOS DAS OCUPAÇÕES": "RuaAntonio Burlini, vizinha ao nº 380 (antiga Rua Quatro e Antiga Estrada do Cocaia), Jd.São Judas Tadeu, Capela do Socorro", "original_ENDEREÇO FORMATADO": "Rua Antonio Burlini – Jd. São Judas Tadeu – São Paulo", "original_ENDEREÇO OSM": "Rua Antonio Burlini, São Paulo, SP, Brasil", "original_OBS": "Vizinha ao nº 380", "original_NATUREZA DO IMÓVEL/ PÚBLICO OU PRIVADO": "Público", "lat": -23.780726, "lon": -46.7062301, "formatted": "Rua Antônio Burlini, Grajaú, São Paulo - SP, 04865-150, Brasil", "name": "Rua Antônio Burlini", "housenumber": null, "street": "Rua Antônio Burlini", "postcode": "04865-150", "district": null, "suburb": "Grajaú", "city": "São Paulo", "county_code": null, "county": "Região Metropolitana de São Paulo", "state": "São Paulo", "state_code": "SP", "country": "Brasil", "country_code": "br", "confidence": 1.0, "confidence_city_level": 1.0, "confidence_building_level": null, "confidence_street_level": 1.0, "attribution": "© OpenStreetMap contributors", "attribution_license": "Open Database License", "attribution_url": "https://www.openstreetmap.org/copyright", "VALID": 2 }, "geometry": { "type": "Point", "coordinates": [ -46.70553598608798, -23.776621529709221 ] } },
{ "type": "Feature", "properties": { "original_ID": 67, "original_PROCESSO": "0036979-69.2018.8.26.0053", "original_AUTOR/RÉU": "MP x ocupantes da área e Central Comunitaria Nucleo Nova Conquista", "original_ASSISTIDO(OS)": "Morro da Mandioca", "original_ENDEREÇOS DAS OCUPAÇÕES": "Estrada de Acesso, glebas“E” e “F”, Jardim Birizal, próximo à Represa Billings", "original_ENDEREÇO FORMATADO": "Estrada de Acesso – Jardim Birizal – São Paulo", "original_ENDEREÇO OSM": "Estrada de Acesso, São Paulo, SP, Brasil", "original_OBS": "Glebas E e F; Represa Billings", "original_NATUREZA DO IMÓVEL/ PÚBLICO OU PRIVADO": "Público", "lat": -23.845479, "lon": -46.583894, "formatted": "Estrada de Acesso ao Parque Turmalina, Riacho Grande - Sudeste, 09838-525, Brasil", "name": null, "housenumber": null, "street": "Estrada de Acesso ao Parque Turmalina", "postcode": "09838525", "district": null, "suburb": null, "city": "Riacho Grande", "county_code": "SP", "county": "São Paulo", "state": "Sudeste", "state_code": null, "country": "Brasil", "country_code": "br", "confidence": 0.729, "confidence_city_level": 1.0, "confidence_building_level": null, "confidence_street_level": 0.729, "attribution": "© OpenStreetMap contributors", "attribution_license": "Open Database License", "attribution_url": "https://www.openstreetmap.org/copyright", "VALID": 0 }, "geometry": { "type": "Point", "coordinates": [ -46.583894, -23.845479 ] } },
{ "type": "Feature", "properties": { "original_ID": 68, "original_PROCESSO": "1034498-72.2025.8.26.0053", "original_AUTOR/RÉU": "Ocupantes da área x PREFEITURA MUNICIPAL DE SÃO PAULO", "original_ASSISTIDO(OS)": "Ocupantes da Comunidade Nova Canaã Sitio da Barrocada", "original_ENDEREÇOS DAS OCUPAÇÕES": "Avenida Coronel Sezefredo Fagundes, altura do número6.259, Comunidade Nova Canaã, Sitio da Barrocada, São Paulo/SP", "original_ENDEREÇO FORMATADO": "Av. Coronel Sezefredo Fagundes, 6259 – São Paulo", "original_ENDEREÇO OSM": "Av. Coronel Sezefredo Fagundes, 6259, São Paulo, SP, Brasil", "original_OBS": "Comunidade Nova Canaã", "original_NATUREZA DO IMÓVEL/ PÚBLICO OU PRIVADO": "Público", "lat": -23.4347309, "lon": -46.595344, "formatted": "Avenida Coronel Sezefredo Fagundes 6259, Furnas, São Paulo - SP, 02366-000, Brasil", "name": "Avenida Coronel Sezefredo Fagundes", "housenumber": 6259, "street": "Avenida Coronel Sezefredo Fagundes", "postcode": "02366-000", "district": null, "suburb": "Furnas", "city": "São Paulo", "county_code": null, "county": "Região Metropolitana de São Paulo", "state": "São Paulo", "state_code": "SP", "country": "Brasil", "country_code": "br", "confidence": 0.75, "confidence_city_level": 1.0, "confidence_building_level": 0.75, "confidence_street_level": 1.0, "attribution": "© OpenStreetMap contributors", "attribution_license": "Open Database License", "attribution_url": "https://www.openstreetmap.org/copyright", "VALID": 1 }, "geometry": { "type": "Point", "coordinates": [ -46.595588041891652, -23.434093878885729 ] } },
{ "type": "Feature", "properties": { "original_ID": 69, "original_PROCESSO": "1035790-78.2014.8.26.0053", "original_AUTOR/RÉU": "\tDEPARTAMENTO DE ESTRADAS DE RODAGEM - DER x ocupantes da área ", "original_ASSISTIDO(OS)": "Ocupantes - Propriedade localizada na Estrada das Três Cruzes", "original_ENDEREÇOS DAS OCUPAÇÕES": "Estrada das Três Cruzes, nº 603, Bairro Sítio Cachoeira, SãoPaulo/SP, CEP: 02285-000", "original_ENDEREÇO FORMATADO": "Estrada das Três Cruzes, 603 – Sítio Cachoeira – São Paulo – CEP 02285-000", "original_ENDEREÇO OSM": "Estrada das Três Cruzes, 603, São Paulo, SP, Brasil", "original_OBS": "—", "original_NATUREZA DO IMÓVEL/ PÚBLICO OU PRIVADO": "Público", "lat": -23.5506507, "lon": -46.6333824, "formatted": "São Paulo, SP, Brasil", "name": null, "housenumber": null, "street": null, "postcode": null, "district": null, "suburb": null, "city": "São Paulo", "county_code": null, "county": "Região Metropolitana de São Paulo", "state": "São Paulo", "state_code": "SP", "country": "Brasil", "country_code": "br", "confidence": 0.25, "confidence_city_level": 1.0, "confidence_building_level": null, "confidence_street_level": null, "attribution": "© OpenStreetMap contributors", "attribution_license": "Open Database License", "attribution_url": "https://www.openstreetmap.org/copyright", "VALID": 1 }, "geometry": { "type": "Point", "coordinates": [ -46.6333824, -23.5506507 ] } },
{ "type": "Feature", "properties": { "original_ID": 70, "original_PROCESSO": "1047712-33.2025.8.26.0053", "original_AUTOR/RÉU": "PREFEITURA MUNICIPAL DE SÃO PAULO x ocupantes da área ", "original_ASSISTIDO(OS)": "Ocupantes da área pública – Baixos da Ponte dos Remédios", "original_ENDEREÇOS DAS OCUPAÇÕES": "Rua Major Paladino 67,35, CEP 05307-000 sob a Ponte dosRemédios", "original_ENDEREÇO FORMATADO": "Rua Major Paladino, 67 – São Paulo – CEP 05307-000", "original_ENDEREÇO OSM": "Rua Major Paladino, 67, São Paulo, SP, Brasil", "original_OBS": "Próximo à Ponte dos Remédios", "original_NATUREZA DO IMÓVEL/ PÚBLICO OU PRIVADO": "Público", "lat": -23.5211645, "lon": -46.7437108, "formatted": "Rua Major Paladino 67, Vila Leopoldina, São Paulo - SP, 05118-100, Brasil", "name": "Rua Major Paladino", "housenumber": 67, "street": "Rua Major Paladino", "postcode": "05118-100", "district": "Vila Leopoldina", "suburb": "Vila Leopoldina", "city": "São Paulo", "county_code": null, "county": "Região Metropolitana de São Paulo", "state": "São Paulo", "state_code": "SP", "country": "Brasil", "country_code": "br", "confidence": 0.75, "confidence_city_level": 1.0, "confidence_building_level": 0.75, "confidence_street_level": 1.0, "attribution": "© OpenStreetMap contributors", "attribution_license": "Open Database License", "attribution_url": "https://www.openstreetmap.org/copyright", "VALID": 1 }, "geometry": { "type": "Point", "coordinates": [ -46.738416574926127, -23.523440011987741 ] } },
{ "type": "Feature", "properties": { "original_ID": 71, "original_PROCESSO": "\n1027558-67.2020.8.26.0053", "original_AUTOR/RÉU": "\tSão Paulo Urbanismo - Spurbanismo x ocupantes da área ", "original_ASSISTIDO(OS)": "Ocupantes do LOTEAMENTO URBANIZAÇÃO FERNÃO DIAS", "original_ENDEREÇOS DAS OCUPAÇÕES": "Quadras 11 e 13 do LOTEAMENTO URBANIZAÇÃO FERNÃODIAS,", "original_ENDEREÇO FORMATADO": null, "original_ENDEREÇO OSM": null, "original_OBS": "Quadras 11 e 13 – Loteamento Urbanização Fernão Dias", "original_NATUREZA DO IMÓVEL/ PÚBLICO OU PRIVADO": "Público", "lat": null, "lon": null, "formatted": null, "name": null, "housenumber": null, "street": null, "postcode": null, "district": null, "suburb": null, "city": null, "county_code": null, "county": null, "state": null, "state_code": null, "country": null, "country_code": null, "confidence": null, "confidence_city_level": null, "confidence_building_level": null, "confidence_street_level": null, "attribution": null, "attribution_license": null, "attribution_url": null, "VALID": 0 }, "geometry": null },
{ "type": "Feature", "properties": { "original_ID": 72, "original_PROCESSO": "2260419-94.2025.8.26.0000", "original_AUTOR/RÉU": "Ocupantes da área x DEPARTAMENTO DE ESTRADA E RODAGEM DO ESTADO DE SÃO PAULO - DER", "original_ASSISTIDO(OS)": "OCUPANTES AVENIDA REI ALBERTO - LOTE 30 - REAL PARQUE", "original_ENDEREÇOS DAS OCUPAÇÕES": "Rua São Paulo Antigo nº 384/386, no bairro Real Parque", "original_ENDEREÇO FORMATADO": "Rua São Paulo Antigo, 384 – Real Parque – São Paulo", "original_ENDEREÇO OSM": "Rua São Paulo Antigo, 384, São Paulo, SP, Brasil", "original_OBS": "Também nº 386", "original_NATUREZA DO IMÓVEL/ PÚBLICO OU PRIVADO": "Público", "lat": -23.6051425, "lon": -46.7038287, "formatted": "Rua São Paulo Antigo 384, Morumbi, São Paulo - SP, 05684-000, Brasil", "name": "Rua São Paulo Antigo", "housenumber": 384, "street": "Rua São Paulo Antigo", "postcode": "05684-000", "district": null, "suburb": "Morumbi", "city": "São Paulo", "county_code": null, "county": "Região Metropolitana de São Paulo", "state": "São Paulo", "state_code": "SP", "country": "Brasil", "country_code": "br", "confidence": 1.0, "confidence_city_level": 1.0, "confidence_building_level": 1.0, "confidence_street_level": 1.0, "attribution": "© OpenStreetMap contributors", "attribution_license": "Open Database License", "attribution_url": "https://www.openstreetmap.org/copyright", "VALID": 1 }, "geometry": { "type": "Point", "coordinates": [ -46.705555040080455, -23.605071904557668 ] } },
{ "type": "Feature", "properties": { "original_ID": 73, "original_PROCESSO": "1092227-56.2025.8.26.0053", "original_AUTOR/RÉU": "Ocupantes da área x PREFEITURA MUNICIPAL DE SÃO PAULO", "original_ASSISTIDO(OS)": "Ocupantes - Morro do Bentão", "original_ENDEREÇOS DAS OCUPAÇÕES": "Morro do Bentão, localizado na altura da Estrada daColônia, nº 3200, e confrontando entre as ruas Jacob Guilger Reimberg e HenriqueReimberg, PARELHEIROS, Santo Amaro SP.cep. 04892-000", "original_ENDEREÇO FORMATADO": "Estrada da Colônia, 3200 – Parelheiros – São Paulo – CEP 04892-000", "original_ENDEREÇO OSM": "Estrada da Colônia, 3200, São Paulo, SP, Brasil", "original_OBS": "Morro do Bentão; entre Ruas Jacob e Henrique Reimberg", "original_NATUREZA DO IMÓVEL/ PÚBLICO OU PRIVADO": "Privado", "lat": -23.84915, "lon": -46.7129977, "formatted": "Estrada da Colônia 3200, Vargem Grande, São Paulo - SP, 04895-340, Brasil", "name": "Estrada da Colônia", "housenumber": 3200, "street": "Estrada da Colônia", "postcode": "04895-340", "district": "Jardim Silveira", "suburb": "Vargem Grande", "city": "São Paulo", "county_code": null, "county": "Região Metropolitana de São Paulo", "state": "São Paulo", "state_code": "SP", "country": "Brasil", "country_code": "br", "confidence": 0.75, "confidence_city_level": 1.0, "confidence_building_level": 0.75, "confidence_street_level": 1.0, "attribution": "© OpenStreetMap contributors", "attribution_license": "Open Database License", "attribution_url": "https://www.openstreetmap.org/copyright", "VALID": 1 }, "geometry": { "type": "Point", "coordinates": [ -46.721651409830699, -23.835898415936615 ] } },
{ "type": "Feature", "properties": { "original_ID": 74, "original_PROCESSO": "1036037-16.2017.8.26.0001", "original_AUTOR/RÉU": "Ocupantes da área x DERSA – DESENVOLVIMENTO RODOVIÁRIO S/A", "original_ASSISTIDO(OS)": "Ocupantes - Av. Coronel Sezefredo Fagundes n°, 6.939 - Matrícula 79.212", "original_ENDEREÇOS DAS OCUPAÇÕES": "Av. Coronel Sezefredo Fagundes n°, 6939 (de frenteao número 6940) – Jd. Francisco Mendes – CEP 02366-001 – SãoPaulo-SP", "original_ENDEREÇO FORMATADO": "Av. Coronel Sezefredo Fagundes, 6939 – São Paulo – CEP 02366-001", "original_ENDEREÇO OSM": "Av. Coronel Sezefredo Fagundes, 6939, São Paulo, SP, Brasil", "original_OBS": "De frente ao nº 6940", "original_NATUREZA DO IMÓVEL/ PÚBLICO OU PRIVADO": "Privado", "lat": -23.4079645, "lon": -46.581383, "formatted": "Avenida Coronel Sezefredo Fagundes 6939, Tremembé, São Paulo - SP, 02285-020, Brasil", "name": "Avenida Coronel Sezefredo Fagundes", "housenumber": 6939, "street": "Avenida Coronel Sezefredo Fagundes", "postcode": "02285-020", "district": null, "suburb": "Tremembé", "city": "São Paulo", "county_code": null, "county": "Região Metropolitana de São Paulo", "state": "São Paulo", "state_code": "SP", "country": "Brasil", "country_code": "br", "confidence": 0.75, "confidence_city_level": 1.0, "confidence_building_level": 0.75, "confidence_street_level": 1.0, "attribution": "© OpenStreetMap contributors", "attribution_license": "Open Database License", "attribution_url": "https://www.openstreetmap.org/copyright", "VALID": 1 }, "geometry": { "type": "Point", "coordinates": [ -46.593684385665973, -23.430158185889699 ] } },
{ "type": "Feature", "properties": { "original_ID": 75, "original_PROCESSO": "1060212-39.2022.8.26.0053", "original_AUTOR/RÉU": "FAZENDA PÚBLICA DO ESTADO DE SÃO PAULO x ocupantes da área ", "original_ASSISTIDO(OS)": "Ocupantes de área na Rua Herbert Moses - Jardim Kemel", "original_ENDEREÇOS DAS OCUPAÇÕES": "três lotes irregulares que ocupam parcialmente a área da EscolaEstadual Prof. Adalgiza Segurado da Silveira, perfazendo metragem de 638 m², quecorresponde aos números 275, 277 e 279 da Rua Herbert Moses, Jardim MonteKemel, São Paulo - SP - CEP 05635-000", "original_ENDEREÇO FORMATADO": "Rua Herbert Moses, 275 – Jardim Monte Kemel – São Paulo – CEP 05635-000", "original_ENDEREÇO OSM": "Rua Herbert Moses, 275, São Paulo, SP, Brasil", "original_OBS": "Também nº 277 e 279; área da EE Profª Adalgiza S. da Silveira", "original_NATUREZA DO IMÓVEL/ PÚBLICO OU PRIVADO": "Público", "lat": -23.600694, "lon": -46.735885, "formatted": "Rua Herbert Moses 275, Ferreira, São Paulo - SP, 05626-100, Brasil", "name": "Rua Herbert Moses", "housenumber": 275, "street": "Rua Herbert Moses", "postcode": "05626-100", "district": null, "suburb": "Ferreira", "city": "São Paulo", "county_code": null, "county": "Região Metropolitana de São Paulo", "state": "São Paulo", "state_code": "SP", "country": "Brasil", "country_code": "br", "confidence": 1.0, "confidence_city_level": 1.0, "confidence_building_level": 1.0, "confidence_street_level": 1.0, "attribution": "© OpenStreetMap contributors", "attribution_license": "Open Database License", "attribution_url": "https://www.openstreetmap.org/copyright", "VALID": 1 }, "geometry": { "type": "Point", "coordinates": [ -46.735919094087805, -23.60059261494942 ] } },
{ "type": "Feature", "properties": { "original_ID": 76, "original_PROCESSO": "1037755-64.2025.8.26.0002", "original_AUTOR/RÉU": "ISA ENERGIA BRASIL S.A. x ocupantes da área ", "original_ASSISTIDO(OS)": "ISA ENERGIA X Ocupantes - Rua Astolfo Vieira de Rezende - Interlagos", "original_ENDEREÇOS DAS OCUPAÇÕES": "Rua AstolfoVieira de Rezende, s/n, Interlagos, São Paulo/SP, CEP: 04816-040", "original_ENDEREÇO FORMATADO": "Rua Astolfo Vieira de Rezende – Interlagos – São Paulo – CEP 04816-040", "original_ENDEREÇO OSM": "Rua Astolfo Vieira de Rezende, São Paulo, SP, Brasil", "original_OBS": "S/N", "original_NATUREZA DO IMÓVEL/ PÚBLICO OU PRIVADO": "Privado gravado com utilidade pública", "lat": -23.706476, "lon": -46.685164, "formatted": "Rua Astolfo Vieira Resende, Cidade Dutra, São Paulo - Sudeste, 04816-000, Brasil", "name": null, "housenumber": null, "street": "Rua Astolfo Vieira Resende", "postcode": "04816000", "district": "Jardim Paulista", "suburb": "Cidade Dutra", "city": "São Paulo", "county_code": "SP", "county": "São Paulo", "state": "Sudeste", "state_code": null, "country": "Brasil", "country_code": "br", "confidence": 0.69428571428571428, "confidence_city_level": 1.0, "confidence_building_level": null, "confidence_street_level": 0.69428571428571428, "attribution": "© OpenStreetMap contributors", "attribution_license": "Open Database License", "attribution_url": "https://www.openstreetmap.org/copyright", "VALID": 0 }, "geometry": { "type": "Point", "coordinates": [ -46.685164, -23.706476 ] } },
{ "type": "Feature", "properties": { "original_ID": 77, "original_PROCESSO": "1500562-96.2025.8.26.0053", "original_AUTOR/RÉU": "FAZENDA PÚBLICA DO ESTADO DE SÃO PAULO x ocupantes da área ", "original_ASSISTIDO(OS)": "Ocupantes - Avenida Engenheiro Alberto de Zagottis - Jurubatuba", "original_ENDEREÇOS DAS OCUPAÇÕES": "AvenidaEngenheiro Alberto de Zagottis, 900, Jurubatuba, Santo Amaro, São Paulo – SP, 04675-085", "original_ENDEREÇO FORMATADO": "Avenida Eng. Alberto de Zagottis, 900 – Jurubatuba – São Paulo – CEP 04675-085", "original_ENDEREÇO OSM": "Avenida Engenheiro Alberto de Zagottis, 900, São Paulo, SP, Brasil", "original_OBS": "Santo Amaro", "original_NATUREZA DO IMÓVEL/ PÚBLICO OU PRIVADO": "Público", "lat": -23.666035, "lon": -46.6932304, "formatted": "Avenida Engenheiro Alberto de Zagottis 900, Campo Grande, São Paulo - SP, 04675-230, Brasil", "name": "Avenida Engenheiro Alberto de Zagottis", "housenumber": 900, "street": "Avenida Engenheiro Alberto de Zagottis", "postcode": "04675-230", "district": null, "suburb": "Campo Grande", "city": "São Paulo", "county_code": null, "county": "Região Metropolitana de São Paulo", "state": "São Paulo", "state_code": "SP", "country": "Brasil", "country_code": "br", "confidence": 1.0, "confidence_city_level": 1.0, "confidence_building_level": 1.0, "confidence_street_level": 1.0, "attribution": "© OpenStreetMap contributors", "attribution_license": "Open Database License", "attribution_url": "https://www.openstreetmap.org/copyright", "VALID": 1 }, "geometry": { "type": "Point", "coordinates": [ -46.694821850642562, -23.666877996132452 ] } },
{ "type": "Feature", "properties": { "original_ID": 78, "original_PROCESSO": "1020707-70.2024.8.26.0053", "original_AUTOR/RÉU": "PREFEITURA MUNICIPAL DE SÃO PAULO x ocupantes da área ", "original_ASSISTIDO(OS)": "Ocupantes - RUA JOSÉ DAS CANAS - Jd. Paulistano", "original_ENDEREÇOS DAS OCUPAÇÕES": "rua José das Canas, próximo à Rua Joaquim de Sousa Brito,entre os números 128 e 174, Jd. Paulistano (Zona Norte), São Paulo", "original_ENDEREÇO FORMATADO": "Rua José das Canas – São Paulo", "original_ENDEREÇO OSM": "Rua José das Canas, São Paulo, SP, Brasil", "original_OBS": "Entre os nºs 128 e 174; Jd. Paulistano (Zona Norte)", "original_NATUREZA DO IMÓVEL/ PÚBLICO OU PRIVADO": "Público", "lat": -23.668878, "lon": -46.666256, "formatted": "Rua José Pais das Neves, Cidade Ademar, São Paulo - Sudeste, 04658-260, Brasil", "name": null, "housenumber": null, "street": "Rua José Pais das Neves", "postcode": "04658260", "district": "Jardim Paulista", "suburb": "Cidade Ademar", "city": "São Paulo", "county_code": "SP", "county": "São Paulo", "state": "Sudeste", "state_code": null, "country": "Brasil", "country_code": "br", "confidence": 0.33333333333333331, "confidence_city_level": 1.0, "confidence_building_level": null, "confidence_street_level": 0.33333333333333331, "attribution": "© OpenStreetMap contributors", "attribution_license": "Open Database License", "attribution_url": "https://www.openstreetmap.org/copyright", "VALID": 2 }, "geometry": { "type": "Point", "coordinates": [ -46.706745420908305, -23.459174238032734 ] } },
{ "type": "Feature", "properties": { "original_ID": 79, "original_PROCESSO": "1004816-38.2026.8.26.0053", "original_AUTOR/RÉU": "PREFEITURA MUNICIPAL DE SÃO PAULO x ocupantes da área ", "original_ASSISTIDO(OS)": "Ocupantes de área sob o viaduto Diário Popular", "original_ENDEREÇOS DAS OCUPAÇÕES": "baixios do Viaduto Diário Popular,em frente à Praça São Vito, nº 1000, Bairro Brás,", "original_ENDEREÇO FORMATADO": "Praça São Vito, 1000 – Brás – São Paulo", "original_ENDEREÇO OSM": "Praça São Vito, 1000, São Paulo, SP, Brasil", "original_OBS": "Baixios do Viaduto Diário Popular", "original_NATUREZA DO IMÓVEL/ PÚBLICO OU PRIVADO": "Público", "lat": -23.5428834, "lon": -46.6278749, "formatted": "Praça São Vito 1000, Glicério, São Paulo - SP, 03007-000, Brasil", "name": "Praça São Vito", "housenumber": 1000, "street": "Praça São Vito", "postcode": "03007-000", "district": null, "suburb": "Glicério", "city": "São Paulo", "county_code": null, "county": "Região Metropolitana de São Paulo", "state": "São Paulo", "state_code": "SP", "country": "Brasil", "country_code": "br", "confidence": 0.5, "confidence_city_level": 1.0, "confidence_building_level": 0.0, "confidence_street_level": 1.0, "attribution": "© OpenStreetMap contributors", "attribution_license": "Open Database License", "attribution_url": "https://www.openstreetmap.org/copyright", "VALID": 1 }, "geometry": { "type": "Point", "coordinates": [ -46.628262037509195, -23.542809518795956 ] } },
{ "type": "Feature", "properties": { "original_ID": 80, "original_PROCESSO": "1129136-97.2025.8.26.0053", "original_AUTOR/RÉU": "PREFEITURA MUNICIPAL DE SÃO PAULO x LP ADMINISTRADORA DE BENSLTDA ", "original_ASSISTIDO(OS)": "Uanderson Rodrigues de Lima e outros", "original_ENDEREÇOS DAS OCUPAÇÕES": "Rua Vinte e Quatro de Maio, nº 213 e 215, República, São Paulo/SP – CEP 01041-001 e Rua Vinte e Quatro de Maio, nº 207, República, São Paulo/SP – CEP01041-001", "original_ENDEREÇO FORMATADO": "Rua Vinte e Quatro de Maio, 207 – República – São Paulo – CEP 01041-001", "original_ENDEREÇO OSM": "Rua Vinte e Quatro de Maio, 207, São Paulo, SP, Brasil", "original_OBS": "Também nº 213 e 215", "original_NATUREZA DO IMÓVEL/ PÚBLICO OU PRIVADO": "Público", "lat": -23.5436646, "lon": -46.6404391, "formatted": "Rua Vinte e Quatro de Maio 207, República, São Paulo - SP, 01041-001, Brasil", "name": null, "housenumber": 207, "street": "Rua Vinte e Quatro de Maio", "postcode": "01041-001", "district": "República", "suburb": "República", "city": "São Paulo", "county_code": null, "county": "Região Metropolitana de São Paulo", "state": "São Paulo", "state_code": "SP", "country": "Brasil", "country_code": "br", "confidence": 0.9, "confidence_city_level": 1.0, "confidence_building_level": 0.9, "confidence_street_level": 0.9, "attribution": "© OpenStreetMap contributors", "attribution_license": "Open Database License", "attribution_url": "https://www.openstreetmap.org/copyright", "VALID": 1 }, "geometry": { "type": "Point", "coordinates": [ -46.640448499063886, -23.543706981029981 ] } },
{ "type": "Feature", "properties": { "original_ID": 81, "original_PROCESSO": "1023864-95.2017.8.26.0053", "original_AUTOR/RÉU": "MP X PREFEITURA MUNICIPAL DE SÃO PAULO ", "original_ASSISTIDO(OS)": "FRANCISCO DE ASSIS PAULA NETO", "original_ENDEREÇOS DAS OCUPAÇÕES": "margens do CórregoZavuvus, delimitado entre a Avenida Yervant Kissajikian e Rua João Zanc", "original_ENDEREÇO FORMATADO": null, "original_ENDEREÇO OSM": null, "original_OBS": "Margens do Córrego Zavuvus (Av. Yervant Kissajikian / Rua João Zanc)", "original_NATUREZA DO IMÓVEL/ PÚBLICO OU PRIVADO": "Público", "lat": null, "lon": null, "formatted": null, "name": null, "housenumber": null, "street": null, "postcode": null, "district": null, "suburb": null, "city": null, "county_code": null, "county": null, "state": null, "state_code": null, "country": null, "country_code": null, "confidence": null, "confidence_city_level": null, "confidence_building_level": null, "confidence_street_level": null, "attribution": null, "attribution_license": null, "attribution_url": null, "VALID": 0 }, "geometry": null },
{ "type": "Feature", "properties": { "original_ID": 82, "original_PROCESSO": "1016272-82.2026.8.26.0053", "original_AUTOR/RÉU": " \tAssociacao Pierina Bernardo - Apb X PREFEITURA MUNICIPAL DE SÃO PAULO ", "original_ASSISTIDO(OS)": "Associação Pierina Bernardo - Apb", "original_ENDEREÇOS DAS OCUPAÇÕES": "Estr. da Cumbica, nº 440 - Cidade Ipava São Paulo - SP, 04947-000", "original_ENDEREÇO FORMATADO": "Estrada da Cumbica, 440 – Cidade Ipava – São Paulo – CEP 04947-000", "original_ENDEREÇO OSM": "Estrada da Cumbica, 440, São Paulo, SP, Brasil", "original_OBS": "—", "original_NATUREZA DO IMÓVEL/ PÚBLICO OU PRIVADO": "Público", "lat": -23.7208816, "lon": -46.7570339, "formatted": "Estrada da Cumbica 440, Jardim Ângela, São Paulo - SP, 04950-000, Brasil", "name": "Estrada da Cumbica", "housenumber": 440, "street": "Estrada da Cumbica", "postcode": "04950-000", "district": null, "suburb": "Jardim Ângela", "city": "São Paulo", "county_code": null, "county": "Região Metropolitana de São Paulo", "state": "São Paulo", "state_code": "SP", "country": "Brasil", "country_code": "br", "confidence": 0.75, "confidence_city_level": 1.0, "confidence_building_level": 0.75, "confidence_street_level": 1.0, "attribution": "© OpenStreetMap contributors", "attribution_license": "Open Database License", "attribution_url": "https://www.openstreetmap.org/copyright", "VALID": 1 }, "geometry": { "type": "Point", "coordinates": [ -46.754960793414511, -23.718266205376818 ] } },
{ "type": "Feature", "properties": { "original_ID": 83, "original_PROCESSO": "1143403-74.2025.8.26.0053", "original_AUTOR/RÉU": "\tEwaldo Hans Ravache x ocupantes da área  e prefeitura de São Paulo", "original_ASSISTIDO(OS)": "OCUPANTES - LOTEAMENTO JARDIM PANORAMA", "original_ENDEREÇOS DAS OCUPAÇÕES": "Rua FranciscoRebolo (antiga Rua \"C\"), constituída pelos lotes 22, 23 e 24 da quadra 2 do loteamento JardimPanorama", "original_ENDEREÇO FORMATADO": "Rua Francisco Rebolo – São Paulo", "original_ENDEREÇO OSM": "Rua Francisco Rebolo, São Paulo, SP, Brasil", "original_OBS": "Lotes 22, 23 e 24; Jardim Panorama", "original_NATUREZA DO IMÓVEL/ PÚBLICO OU PRIVADO": "Privado", "lat": -23.6013323, "lon": -46.7001968, "formatted": "Rua Francisco Rebôlo, Cidade Jardim, São Paulo - SP, 05676-120, Brasil", "name": "Rua Francisco Rebôlo", "housenumber": null, "street": "Rua Francisco Rebôlo", "postcode": "05676-120", "district": null, "suburb": "Cidade Jardim", "city": "São Paulo", "county_code": null, "county": "Região Metropolitana de São Paulo", "state": "São Paulo", "state_code": "SP", "country": "Brasil", "country_code": "br", "confidence": 1.0, "confidence_city_level": 1.0, "confidence_building_level": null, "confidence_street_level": 1.0, "attribution": "© OpenStreetMap contributors", "attribution_license": "Open Database License", "attribution_url": "https://www.openstreetmap.org/copyright", "VALID": 0 }, "geometry": { "type": "Point", "coordinates": [ -46.7001968, -23.6013323 ] } },
{ "type": "Feature", "properties": { "original_ID": 84, "original_PROCESSO": "1020523-90.2019.8.26.0053", "original_AUTOR/RÉU": "MP x PREFEITURA E ESTADO DE SAO PAULO", "original_ASSISTIDO(OS)": "OCUPACAO CENTRO CULTURAL OUVIDOR 63", "original_ENDEREÇOS DAS OCUPAÇÕES": "Rua do Ouvidor, nº 63, Centro", "original_ENDEREÇO FORMATADO": "Rua do Ouvidor, 63 – Centro – São Paulo", "original_ENDEREÇO OSM": "Rua do Ouvidor, 63, São Paulo, SP, Brasil", "original_OBS": "—", "original_NATUREZA DO IMÓVEL/ PÚBLICO OU PRIVADO": "Público", "lat": -23.549329, "lon": -46.6381964, "formatted": "Rua do Ouvidor 63, Glicério, São Paulo - SP, 01005-030, Brasil", "name": null, "housenumber": 63, "street": "Rua do Ouvidor", "postcode": "01005-030", "district": null, "suburb": "Glicério", "city": "São Paulo", "county_code": null, "county": "Região Metropolitana de São Paulo", "state": "São Paulo", "state_code": "SP", "country": "Brasil", "country_code": "br", "confidence": 1.0, "confidence_city_level": 1.0, "confidence_building_level": 1.0, "confidence_street_level": 1.0, "attribution": "© OpenStreetMap contributors", "attribution_license": "Open Database License", "attribution_url": "https://www.openstreetmap.org/copyright", "VALID": 1 }, "geometry": { "type": "Point", "coordinates": [ -46.638477227617969, -23.549355916385107 ] } },
{ "type": "Feature", "properties": { "original_ID": 85, "original_PROCESSO": "1048440-84.2019.8.26.0053", "original_AUTOR/RÉU": "PREFEITURA DE SAO PAULO x ocupantes da área ", "original_ASSISTIDO(OS)": "OCUPANTES DA ÁREA PÚBLICA IDENTIFICADA NA PLANTA A 17.013/01", "original_ENDEREÇOS DAS OCUPAÇÕES": "Rua José de Aragão, (imóvel nº 68); (imóvel nº 56); (imóvel nº 55); (imóvel S/N);  (imóvel nº 53) e  (imóvel nº 52)", "original_ENDEREÇO FORMATADO": "Rua José de Aragão – São Paulo", "original_ENDEREÇO OSM": "Rua José de Aragão, São Paulo, SP, Brasil", "original_OBS": "Imóveis nº 52, 53, 55, 56, 68 e um S/N", "original_NATUREZA DO IMÓVEL/ PÚBLICO OU PRIVADO": "Público", "lat": -23.6792117, "lon": -46.7758073, "formatted": "Rua José de Aragão, Jardim Ângela, São Paulo - SP, 05881-020, Brasil", "name": "Rua José de Aragão", "housenumber": null, "street": "Rua José de Aragão", "postcode": "05881-020", "district": null, "suburb": "Jardim Ângela", "city": "São Paulo", "county_code": null, "county": "Região Metropolitana de São Paulo", "state": "São Paulo", "state_code": "SP", "country": "Brasil", "country_code": "br", "confidence": 1.0, "confidence_city_level": 1.0, "confidence_building_level": null, "confidence_street_level": 1.0, "attribution": "© OpenStreetMap contributors", "attribution_license": "Open Database License", "attribution_url": "https://www.openstreetmap.org/copyright", "VALID": 1 }, "geometry": { "type": "Point", "coordinates": [ -46.775995714695782, -23.678475088260818 ] } },
{ "type": "Feature", "properties": { "original_ID": 86, "original_PROCESSO": "1040940-06.2015.8.26.0053", "original_AUTOR/RÉU": "Ocupantes da área x MUNICIPIO DE SAO PAULO", "original_ASSISTIDO(OS)": "OCUPANTES DO IMOVEL SITUADO A RUA DOS TRILHOS N 453", "original_ENDEREÇOS DAS OCUPAÇÕES": "Rua dos Trilhos, nº 453, Mooca", "original_ENDEREÇO FORMATADO": "Rua dos Trilhos, 453 – Mooca – São Paulo", "original_ENDEREÇO OSM": "Rua dos Trilhos, 453, São Paulo, SP, Brasil", "original_OBS": "—", "original_NATUREZA DO IMÓVEL/ PÚBLICO OU PRIVADO": "Privado", "lat": -23.552811075467517, "lon": -46.605246143996617, "formatted": "Rua dos Trilhos 453, Mooca, São Paulo - SP, 03168-005, Brasil", "name": null, "housenumber": 453, "street": "Rua dos Trilhos", "postcode": "03168-005", "district": null, "suburb": "Mooca", "city": "São Paulo", "county_code": null, "county": "Região Metropolitana de São Paulo", "state": "São Paulo", "state_code": "SP", "country": "Brasil", "country_code": "br", "confidence": 1.0, "confidence_city_level": 1.0, "confidence_building_level": 1.0, "confidence_street_level": 1.0, "attribution": "© OpenStreetMap contributors", "attribution_license": "Open Database License", "attribution_url": "https://www.openstreetmap.org/copyright", "VALID": 1 }, "geometry": { "type": "Point", "coordinates": [ -46.605275752020226, -23.552711036236193 ] } },
{ "type": "Feature", "properties": { "original_ID": 87, "original_PROCESSO": "0104110-69.2008.8.26.0002", "original_AUTOR/RÉU": "Emae - Empresa Metropolitana de Águas e Energia S/A x ocupantes da área ", "original_ASSISTIDO(OS)": "PARQUE DOROTEIA / BALNEARIO SÃO FRANCISCO", "original_ENDEREÇOS DAS OCUPAÇÕES": "Estradado Alvarenga, junto ao n° 3970 A e outros próximos, Parque Dorotéia, São Paulo/SP,", "original_ENDEREÇO FORMATADO": "Estrada do Alvarenga, 3970 – Parque Dorotéia – São Paulo", "original_ENDEREÇO OSM": "Estrada do Alvarenga, 3970, São Paulo, SP, Brasil", "original_OBS": "Outros próximos", "original_NATUREZA DO IMÓVEL/ PÚBLICO OU PRIVADO": "Público", "lat": -23.705793, "lon": -46.641775, "formatted": "Estrada do Alvarenga 3970, Pedreira, São Paulo - SP, 04474-340, Brasil", "name": "Estrada do Alvarenga", "housenumber": 3970, "street": "Estrada do Alvarenga", "postcode": "04474-340", "district": "Pedreira", "suburb": "Pedreira", "city": "São Paulo", "county_code": null, "county": "Região Metropolitana de São Paulo", "state": "São Paulo", "state_code": "SP", "country": "Brasil", "country_code": "br", "confidence": 1.0, "confidence_city_level": 1.0, "confidence_building_level": 1.0, "confidence_street_level": 1.0, "attribution": "© OpenStreetMap contributors", "attribution_license": "Open Database License", "attribution_url": "https://www.openstreetmap.org/copyright", "VALID": 1 }, "geometry": { "type": "Point", "coordinates": [ -46.643249668832752, -23.705370399512859 ] } },
{ "type": "Feature", "properties": { "original_ID": 88, "original_PROCESSO": "0036371-18.2011.8.26.0053", "original_AUTOR/RÉU": "Ocupantes da área x MUNICIPIO DE SAO PAULO", "original_ASSISTIDO(OS)": "CLAUDIA RODRIGUES - Comunidade Jd São Bento Velho - R. Luzitano Soares - ZEIS 1", "original_ENDEREÇOS DAS OCUPAÇÕES": "R. Luzitano Soares", "original_ENDEREÇO FORMATADO": "Rua Luzitano Soares – São Paulo", "original_ENDEREÇO OSM": "Rua Luzitano Soares, São Paulo, SP, Brasil", "original_OBS": "Sem número", "original_NATUREZA DO IMÓVEL/ PÚBLICO OU PRIVADO": "Público", "lat": -23.547955, "lon": -46.63494, "formatted": "Se, São Paulo, Sudeste, Brasil", "name": "Se", "housenumber": null, "street": null, "postcode": null, "district": "Jardim Paulista", "suburb": "Se", "city": "São Paulo", "county_code": "SP", "county": "São Paulo", "state": "Sudeste", "state_code": null, "country": "Brasil", "country_code": "br", "confidence": 0.5, "confidence_city_level": 1.0, "confidence_building_level": null, "confidence_street_level": null, "attribution": "Who's On First", "attribution_license": "CC0", "attribution_url": "https://www.whosonfirst.org/docs/licenses/", "VALID": 0 }, "geometry": { "type": "Point", "coordinates": [ -46.63494, -23.547955 ] } },
{ "type": "Feature", "properties": { "original_ID": 89, "original_PROCESSO": "0129793-52.2008.8.26.0053", "original_AUTOR/RÉU": "Ocupantes da área x MUNICIPIO DE SAO PAULO", "original_ASSISTIDO(OS)": "IVAN LEANDRO FERREIRA", "original_ENDEREÇOS DAS OCUPAÇÕES": "Rua Jaime Barcelos", "original_ENDEREÇO FORMATADO": "Rua Jaime Barcelos – São Paulo", "original_ENDEREÇO OSM": "Rua Jaime Barcelos, São Paulo, SP, Brasil", "original_OBS": "Sem número", "original_NATUREZA DO IMÓVEL/ PÚBLICO OU PRIVADO": "Público", "lat": -23.5011968, "lon": -46.4502207, "formatted": "Rua Jaime Barcelos, Vila Jacuí, São Paulo - SP, 08060-150, Brasil", "name": "Rua Jaime Barcelos", "housenumber": null, "street": "Rua Jaime Barcelos", "postcode": "08060-150", "district": "Vila Jacuí", "suburb": "Vila Jacuí", "city": "São Paulo", "county_code": null, "county": "Região Metropolitana de São Paulo", "state": "São Paulo", "state_code": "SP", "country": "Brasil", "country_code": "br", "confidence": 1.0, "confidence_city_level": 1.0, "confidence_building_level": null, "confidence_street_level": 1.0, "attribution": "© OpenStreetMap contributors", "attribution_license": "Open Database License", "attribution_url": "https://www.openstreetmap.org/copyright", "VALID": 0 }, "geometry": { "type": "Point", "coordinates": [ -46.4502207, -23.5011968 ] } },
{ "type": "Feature", "properties": { "original_ID": 90, "original_PROCESSO": "0407073-33.1999.8.26.0053", "original_AUTOR/RÉU": "PREFEITURA DE SAO PAULO x Clube Particular de Diadema ", "original_ASSISTIDO(OS)": "JOSE ALVES SIMOES - Loteamentos denominados \"CONJUNTO HABITACIONAL VILA LOLA\"", "original_ENDEREÇOS DAS OCUPAÇÕES": "CONJUNTO HABITACIONAL VILAI.01.11. localizado na Av. Alda n 2 2400 e - \"CONJUNTOHABITACiONAL DO CASTELO\" - , localizado na Avenida Rust n2305", "original_ENDEREÇO FORMATADO": "Av. Alda, 2400 – São Paulo", "original_ENDEREÇO OSM": "Av. Alda, 2400, São Paulo, SP, Brasil", "original_OBS": "Conjunto Habitacional Vila I.01.11", "original_NATUREZA DO IMÓVEL/ PÚBLICO OU PRIVADO": "Público", "lat": -23.7042034, "lon": -46.6261086, "formatted": "Avenida Alda 2400, São Paulo - SP, 09993-301, Brasil", "name": "Avenida Alda", "housenumber": 2400, "street": "Avenida Alda", "postcode": "09993-301", "district": "Pedreira", "suburb": null, "city": "São Paulo", "county_code": null, "county": "Região Metropolitana de São Paulo", "state": "São Paulo", "state_code": "SP", "country": "Brasil", "country_code": "br", "confidence": 1.0, "confidence_city_level": 1.0, "confidence_building_level": 1.0, "confidence_street_level": 1.0, "attribution": "© OpenStreetMap contributors", "attribution_license": "Open Database License", "attribution_url": "https://www.openstreetmap.org/copyright", "VALID": 1 }, "geometry": { "type": "Point", "coordinates": [ -46.626047589527076, -23.704183661317586 ] } },
{ "type": "Feature", "properties": { "original_ID": 91, "original_PROCESSO": "0034084-63.2003.8.26.0053", "original_AUTOR/RÉU": "Companhia Metropolitana de Habitação de São Paulo - Cohab x ocupantes da área ", "original_ASSISTIDO(OS)": "MANOEL JOSE BAHIA - Edifício Sao Vito", "original_ENDEREÇOS DAS OCUPAÇÕES": "Avenida do Estado, 3197, apto. 312, no município de SãoPaulo/SP", "original_ENDEREÇO FORMATADO": "Avenida Rust, 2305 – São Paulo", "original_ENDEREÇO OSM": "Avenida Rust, 2305, São Paulo, SP, Brasil", "original_OBS": "Conjunto Habitacional do Castelo", "original_NATUREZA DO IMÓVEL/ PÚBLICO OU PRIVADO": "Público", "lat": -23.5506507, "lon": -46.6333824, "formatted": "São Paulo, SP, Brasil", "name": null, "housenumber": null, "street": null, "postcode": null, "district": null, "suburb": null, "city": "São Paulo", "county_code": null, "county": "Região Metropolitana de São Paulo", "state": "São Paulo", "state_code": "SP", "country": "Brasil", "country_code": "br", "confidence": 0.25, "confidence_city_level": 1.0, "confidence_building_level": null, "confidence_street_level": null, "attribution": "© OpenStreetMap contributors", "attribution_license": "Open Database License", "attribution_url": "https://www.openstreetmap.org/copyright", "VALID": 2 }, "geometry": { "type": "Point", "coordinates": [ -46.62663852369478, -23.55278882204507 ] } },
{ "type": "Feature", "properties": { "original_ID": 92, "original_PROCESSO": "0002111-27.2002.8.26.0053", "original_AUTOR/RÉU": "MP x Municipio de São Paulo e Ondina Spessoto", "original_ASSISTIDO(OS)": "Ocupantes diversos", "original_ENDEREÇOS DAS OCUPAÇÕES": null, "original_ENDEREÇO FORMATADO": "Avenida do Estado, 3197 – São Paulo", "original_ENDEREÇO OSM": "Avenida do Estado, 3197, São Paulo, SP, Brasil", "original_OBS": "Apto 312", "original_NATUREZA DO IMÓVEL/ PÚBLICO OU PRIVADO": null, "lat": -23.543531, "lon": -46.629406, "formatted": "Avenida do Estado 3197, Cambuci, São Paulo - SP, 03102-030, Brasil", "name": "Avenida do Estado", "housenumber": 3197, "street": "Avenida do Estado", "postcode": "03102-030", "district": "Cambuci", "suburb": "Cambuci", "city": "São Paulo", "county_code": null, "county": "Região Metropolitana de São Paulo", "state": "São Paulo", "state_code": "SP", "country": "Brasil", "country_code": "br", "confidence": 0.75, "confidence_city_level": 1.0, "confidence_building_level": 0.75, "confidence_street_level": 1.0, "attribution": "© OpenStreetMap contributors", "attribution_license": "Open Database License", "attribution_url": "https://www.openstreetmap.org/copyright", "VALID": 2 }, "geometry": { "type": "Point", "coordinates": [ -46.629406, -23.543531 ] } },
{ "type": "Feature", "properties": { "original_ID": 93, "original_PROCESSO": "1008537-18.2014.8.26.0053", "original_AUTOR/RÉU": "Fazenda Pública x ocupantes da área ", "original_ASSISTIDO(OS)": "Ocupantes -loteamento Cidade Ipava -  Avenida Peratuba, Bairro JardimÂngela", "original_ENDEREÇOS DAS OCUPAÇÕES": "Lotes nº 16, 16-A, 17, 17-A e 18, da Quadra26, Setor 164, do loteamento Cidade Ipava, localizados na Avenida Peratuba, Bairro JardimÂngela, Município de São Paulo", "original_ENDEREÇO FORMATADO": "Avenida Peratuba – Jardim Ângela – São Paulo", "original_ENDEREÇO OSM": "Avenida Peratuba, São Paulo, SP, Brasil", "original_OBS": "Lotes 16, 16‑A, 17, 17‑A e 18; Quadra 26, Setor 164", "original_NATUREZA DO IMÓVEL/ PÚBLICO OU PRIVADO": "Privado gravado com utilidade pública", "lat": -23.7252805, "lon": -46.7607481, "formatted": "Avenida Peratuba, Jardim Ângela, São Paulo - SP, 04950-000, Brasil", "name": "Avenida Peratuba", "housenumber": null, "street": "Avenida Peratuba", "postcode": "04950-000", "district": null, "suburb": "Jardim Ângela", "city": "São Paulo", "county_code": null, "county": "Região Metropolitana de São Paulo", "state": "São Paulo", "state_code": "SP", "country": "Brasil", "country_code": "br", "confidence": 1.0, "confidence_city_level": 1.0, "confidence_building_level": null, "confidence_street_level": 1.0, "attribution": "© OpenStreetMap contributors", "attribution_license": "Open Database License", "attribution_url": "https://www.openstreetmap.org/copyright", "VALID": 0 }, "geometry": { "type": "Point", "coordinates": [ -46.7607481, -23.7252805 ] } },
{ "type": "Feature", "properties": { "original_ID": 94, "original_PROCESSO": "1047671-52.2014.8.26.0053", "original_AUTOR/RÉU": "Prefeitura de São Paulo x ocupantes da área ", "original_ASSISTIDO(OS)": "Ocupantes - Imóvelsituado na av. Josué de Castro, 51 lt 20, Contribuinte n° 089.541.0021-1", "original_ENDEREÇOS DAS OCUPAÇÕES": "av. Josué deCastro, 51 – Parque Jabaquara, nesta Capital", "original_ENDEREÇO FORMATADO": "Av. Josué de Castro, 51 – Parque Jabaquara – São Paulo", "original_ENDEREÇO OSM": "Av. Josué de Castro, 51, São Paulo, SP, Brasil", "original_OBS": "—", "original_NATUREZA DO IMÓVEL/ PÚBLICO OU PRIVADO": "Privado gravado com utilidade pública", "lat": -23.7569475, "lon": -46.6054158, "formatted": "Rua Josué de Castro 51, Bairro dos Alvarenga, São Bernardo do Campo - SP, 09854-030, Brasil", "name": "Rua Josué de Castro", "housenumber": 51, "street": "Rua Josué de Castro", "postcode": "09854-030", "district": "São Bernardo do Campo", "suburb": "Bairro dos Alvarenga", "city": "São Bernardo do Campo", "county_code": null, "county": "Região Metropolitana de São Paulo", "state": "São Paulo", "state_code": "SP", "country": "Brasil", "country_code": "br", "confidence": 0.492075, "confidence_city_level": 0.729, "confidence_building_level": 0.492075, "confidence_street_level": 0.6561, "attribution": "© OpenStreetMap contributors", "attribution_license": "Open Database License", "attribution_url": "https://www.openstreetmap.org/copyright", "VALID": 2 }, "geometry": { "type": "Point", "coordinates": [ -46.6054158, -23.7569475 ] } },
{ "type": "Feature", "properties": { "original_ID": 95, "original_PROCESSO": "1040423-98.2015.8.26.0053", "original_AUTOR/RÉU": "\tPREFEITURA MUNICIPAL DE SÃO PAULO x ocupantes da área ", "original_ASSISTIDO(OS)": "Ocupantes - área localizada na Travessa Inácio Ferreira, na altura do nº 71, identificada na planta A-14.985/01", "original_ENDEREÇOS DAS OCUPAÇÕES": "Travessa Inácio Ferreira, na altura do nº 71", "original_ENDEREÇO FORMATADO": "Travessa Inácio Ferreira, 71 – São Paulo", "original_ENDEREÇO OSM": "Travessa Inácio Ferreira, 71, São Paulo, SP, Brasil", "original_OBS": "Altura indicada", "original_NATUREZA DO IMÓVEL/ PÚBLICO OU PRIVADO": "Público", "lat": -23.505589, "lon": -46.455998, "formatted": "Travessa Inacio Ferreira 71, Vila Jacui, São Paulo - Sudeste, 08060-387, Brasil", "name": null, "housenumber": 71, "street": "Travessa Inacio Ferreira", "postcode": "08060-387", "district": "Jardim Paulista", "suburb": "Vila Jacui", "city": "São Paulo", "county_code": "SP", "county": "São Paulo", "state": "Sudeste", "state_code": null, "country": "Brasil", "country_code": "br", "confidence": 1.0, "confidence_city_level": 1.0, "confidence_building_level": 1.0, "confidence_street_level": 1.0, "attribution": "© OpenAddresses contributors", "attribution_license": "BSD-3-Clause License", "attribution_url": null, "VALID": 1 }, "geometry": { "type": "Point", "coordinates": [ -46.456002629850005, -23.505425394301536 ] } },
{ "type": "Feature", "properties": { "original_ID": 96, "original_PROCESSO": "1015706-22.2015.8.26.0053", "original_AUTOR/RÉU": "\tPREFEITURA MUNICIPAL DE SÃO PAULO x ocupantes da área ", "original_ASSISTIDO(OS)": "Ocupantes - espaços livres 1M do arruamento AU-1761 e 4M da Planta DG-0083", "original_ENDEREÇOS DAS OCUPAÇÕES": "av. Nova Arcádia s/nº, barraco nº 140, CEP nº 04929-000", "original_ENDEREÇO FORMATADO": "Avenida Nova Arcádia – São Paulo", "original_ENDEREÇO OSM": "Avenida Nova Arcádia, São Paulo, SP, Brasil", "original_OBS": "S/N; barraco nº 140", "original_NATUREZA DO IMÓVEL/ PÚBLICO OU PRIVADO": "Público", "lat": -23.6984994, "lon": -46.7579117, "formatted": "Avenida Nova Arcádia, Jardim Ângela, São Paulo - SP, 04920-050, Brasil", "name": "Avenida Nova Arcádia", "housenumber": null, "street": "Avenida Nova Arcádia", "postcode": "04920-050", "district": null, "suburb": "Jardim Ângela", "city": "São Paulo", "county_code": null, "county": "Região Metropolitana de São Paulo", "state": "São Paulo", "state_code": "SP", "country": "Brasil", "country_code": "br", "confidence": 1.0, "confidence_city_level": 1.0, "confidence_building_level": null, "confidence_street_level": 1.0, "attribution": "© OpenStreetMap contributors", "attribution_license": "Open Database License", "attribution_url": "https://www.openstreetmap.org/copyright", "VALID": 0 }, "geometry": { "type": "Point", "coordinates": [ -46.7579117, -23.6984994 ] } },
{ "type": "Feature", "properties": { "original_ID": 97, "original_PROCESSO": "1025669-54.2015.8.26.0053", "original_AUTOR/RÉU": "Fazenda Pública x ocupantes da área ", "original_ASSISTIDO(OS)": "Ocupantes - Lotes nº 03, 05, 06, 07, 25, 26, 17 e 28, matrículas nº 77.697, 77.701, 195.24, 142.501, 86.127, 79.012, 192.282 e107.644", "original_ENDEREÇOS DAS OCUPAÇÕES": "av. Eng. Luís Carlos Berrini e rua Michel Farada lotes nº 03, 05, 06, 07, 25, 26, 17 e 28", "original_ENDEREÇO FORMATADO": "Av. Eng. Luís Carlos Berrini – São Paulo", "original_ENDEREÇO OSM": "Av. Eng. Luís Carlos Berrini, São Paulo, SP, Brasil", "original_OBS": "Lotes 03, 05, 06, 07, 17, 25, 26 e 28; c/ Rua Michel Farada", "original_NATUREZA DO IMÓVEL/ PÚBLICO OU PRIVADO": "Público", "lat": -23.6020399, "lon": -46.6916165, "formatted": "Avenida Engenheiro Luís Carlos Berrini, Vila Olímpia, São Paulo - SP, 04571-010, Brasil", "name": "Avenida Engenheiro Luís Carlos Berrini", "housenumber": null, "street": "Avenida Engenheiro Luís Carlos Berrini", "postcode": "04571-010", "district": null, "suburb": "Vila Olímpia", "city": "São Paulo", "county_code": null, "county": "Região Metropolitana de São Paulo", "state": "São Paulo", "state_code": "SP", "country": "Brasil", "country_code": "br", "confidence": 1.0, "confidence_city_level": 1.0, "confidence_building_level": null, "confidence_street_level": 1.0, "attribution": "© OpenStreetMap contributors", "attribution_license": "Open Database License", "attribution_url": "https://www.openstreetmap.org/copyright", "VALID": 0 }, "geometry": { "type": "Point", "coordinates": [ -46.6916165, -23.6020399 ] } },
{ "type": "Feature", "properties": { "original_ID": 98, "original_PROCESSO": "1044440-80.2015.8.26.0053", "original_AUTOR/RÉU": "Prefeitura de São Paulo x ocupantes da área ", "original_ASSISTIDO(OS)": "Ocupantes - Espaço Livre do Arruamento AU-5097 e dos leitos da RuaJosé Alves da Silva e Estrada do M'Boi Mirim", "original_ENDEREÇOS DAS OCUPAÇÕES": "Espaço Livre do Arruamento AU-5097 e dos leitos da RuaJosé Alves da Silva e Estrada do M'Boi Mirim", "original_ENDEREÇO FORMATADO": null, "original_ENDEREÇO OSM": null, "original_OBS": "Espaço Livre AU‑5097; Rua José Alves da Silva e Estrada do M’Boi Mirim", "original_NATUREZA DO IMÓVEL/ PÚBLICO OU PRIVADO": "Público", "lat": null, "lon": null, "formatted": null, "name": null, "housenumber": null, "street": null, "postcode": null, "district": null, "suburb": null, "city": null, "county_code": null, "county": null, "state": null, "state_code": null, "country": null, "country_code": null, "confidence": null, "confidence_city_level": null, "confidence_building_level": null, "confidence_street_level": null, "attribution": null, "attribution_license": null, "attribution_url": null, "VALID": 0 }, "geometry": null },
{ "type": "Feature", "properties": { "original_ID": 99, "original_PROCESSO": "1044475-40.2015.8.26.0053", "original_AUTOR/RÉU": "Prefeitura de São Paulo x ocupantes da área ", "original_ASSISTIDO(OS)": "Ocupantes - CENTRO DE EDUCAÇÃOINFANTIL JARDIM CELESTE", "original_ENDEREÇOS DAS OCUPAÇÕES": "Rua Memorial de Aires, altura donº 480, região do Sacomã, zona sul desta Capital", "original_ENDEREÇO FORMATADO": "Rua Memorial de Aires, 480 – Sacomã – São Paulo", "original_ENDEREÇO OSM": "Rua Memorial de Aires, 480, São Paulo, SP, Brasil", "original_OBS": "Altura indicada", "original_NATUREZA DO IMÓVEL/ PÚBLICO OU PRIVADO": "Público", "lat": -23.652639, "lon": -46.608265, "formatted": "Rua Memorial de Aires 480, Jardim Imperador (Zona Sul), São Paulo - SP, 04255-280, Brasil", "name": "Rua Memorial de Aires", "housenumber": 480, "street": "Rua Memorial de Aires", "postcode": "04255-280", "district": "Sacomã", "suburb": "Jardim Imperador (Zona Sul)", "city": "São Paulo", "county_code": null, "county": "Região Metropolitana de São Paulo", "state": "São Paulo", "state_code": "SP", "country": "Brasil", "country_code": "br", "confidence": 1.0, "confidence_city_level": 1.0, "confidence_building_level": 1.0, "confidence_street_level": 1.0, "attribution": "© OpenStreetMap contributors", "attribution_license": "Open Database License", "attribution_url": "https://www.openstreetmap.org/copyright", "VALID": 1 }, "geometry": { "type": "Point", "coordinates": [ -46.609238610762937, -23.652259603635081 ] } },
{ "type": "Feature", "properties": { "original_ID": 100, "original_PROCESSO": "1033196-57.2015.8.26.0053", "original_AUTOR/RÉU": "Prefeitura de São Paulo x ocupantes da área ", "original_ASSISTIDO(OS)": "Ocupantes - Av. Hélio Lobo, lindeira ao Córrego Pinheirinho", "original_ENDEREÇOS DAS OCUPAÇÕES": "Av. Hélio Lobo, Distrito de Santo Amaro, lindeira ao CórregoPinheirinho", "original_ENDEREÇO FORMATADO": "Av. Hélio Lobo – Santo Amaro – São Paulo", "original_ENDEREÇO OSM": "Av. Hélio Lobo, Santo Amaro, São Paulo, SP, Brasil", "original_OBS": "Lindeira ao Córrego Pinheirinho", "original_NATUREZA DO IMÓVEL/ PÚBLICO OU PRIVADO": "Público", "lat": -23.6417263, "lon": -46.6574636, "formatted": "Avenida Hélio Lobo, Vila Santa Catarina, São Paulo - SP, 04357-000, Brasil", "name": "Avenida Hélio Lobo", "housenumber": null, "street": "Avenida Hélio Lobo", "postcode": "04357-000", "district": null, "suburb": "Vila Santa Catarina", "city": "São Paulo", "county_code": null, "county": "Região Metropolitana de São Paulo", "state": "São Paulo", "state_code": "SP", "country": "Brasil", "country_code": "br", "confidence": 1.0, "confidence_city_level": 1.0, "confidence_building_level": null, "confidence_street_level": 1.0, "attribution": "© OpenStreetMap contributors", "attribution_license": "Open Database License", "attribution_url": "https://www.openstreetmap.org/copyright", "VALID": 0 }, "geometry": { "type": "Point", "coordinates": [ -46.6574636, -23.6417263 ] } },
{ "type": "Feature", "properties": { "original_ID": 101, "original_PROCESSO": "1040941-88.2015.8.26.0053", "original_AUTOR/RÉU": "Prefeitura de São Paulo x ocupantes da área ", "original_ASSISTIDO(OS)": "Ocupantes - RUA PIRES DO RIO", "original_ENDEREÇOS DAS OCUPAÇÕES": "parte do leito e calçada da Rua Pires do Rio, nas imediações do Viaduto Bresser,região da Mooca, zona leste desta Capita", "original_ENDEREÇO FORMATADO": "Rua Pires do Rio – Mooca – São Paulo", "original_ENDEREÇO OSM": "Rua Pires do Rio, São Paulo, SP, Brasil", "original_OBS": "Imediações do Viaduto Bresser", "original_NATUREZA DO IMÓVEL/ PÚBLICO OU PRIVADO": "Público", "lat": -23.5469445, "lon": -46.6019574, "formatted": "Rua Pires do Rio, Mooca, São Paulo - SP, 03102-003, Brasil", "name": "Rua Pires do Rio", "housenumber": null, "street": "Rua Pires do Rio", "postcode": "03102-003", "district": null, "suburb": "Mooca", "city": "São Paulo", "county_code": null, "county": "Região Metropolitana de São Paulo", "state": "São Paulo", "state_code": "SP", "country": "Brasil", "country_code": "br", "confidence": 1.0, "confidence_city_level": 1.0, "confidence_building_level": null, "confidence_street_level": 1.0, "attribution": "© OpenStreetMap contributors", "attribution_license": "Open Database License", "attribution_url": "https://www.openstreetmap.org/copyright", "VALID": 1 }, "geometry": { "type": "Point", "coordinates": [ -46.602210330909948, -23.547275389067114 ] } },
{ "type": "Feature", "properties": { "original_ID": 102, "original_PROCESSO": "0420787-94.1998.8.26.0053", "original_AUTOR/RÉU": "MP x \tSecretaria de Infraestrutura e Meio Ambiente do Governo do Estado de São Paulo", "original_ASSISTIDO(OS)": "WANDERLEIA DA SILVA LOPES SANTOS", "original_ENDEREÇOS DAS OCUPAÇÕES": "uas NorivalLacerda e Francisco de Holanda e um córrego que é limite do loteamento, no 29°Subdistrito Santo Amaro", "original_ENDEREÇO FORMATADO": "Ruas Norival Lacerda e Francisco de Holanda – São Paulo", "original_ENDEREÇO OSM": null, "original_OBS": "Limite de loteamento; 29º Subdistrito Santo Amaro", "original_NATUREZA DO IMÓVEL/ PÚBLICO OU PRIVADO": "Público", "lat": null, "lon": null, "formatted": null, "name": null, "housenumber": null, "street": null, "postcode": null, "district": null, "suburb": null, "city": null, "county_code": null, "county": null, "state": null, "state_code": null, "country": null, "country_code": null, "confidence": null, "confidence_city_level": null, "confidence_building_level": null, "confidence_street_level": null, "attribution": null, "attribution_license": null, "attribution_url": null, "VALID": 0 }, "geometry": null },
{ "type": "Feature", "properties": { "original_ID": 103, "original_PROCESSO": "1018087-66.2016.8.26.0053", "original_AUTOR/RÉU": "Prefeitura de São Paulo x ocupantes da área ", "original_ASSISTIDO(OS)": "ÁREA PÚBLICA MUNICIPAL, com endereço nestaCapital na Avenida Giovanni Gronchi s/n", "original_ENDEREÇOS DAS OCUPAÇÕES": "Avenida Giovanni Gronchi s/n (viela que liga a Avenida Giovanni Gronchi,entre os números 4321 e 4381 e a Rua Dr. Laerte Setubal", "original_ENDEREÇO FORMATADO": "Avenida Giovanni Gronchi – São Paulo", "original_ENDEREÇO OSM": "Avenida Giovanni Gronchi, São Paulo, SP, Brasil", "original_OBS": "S/N; viela entre nºs 4321 e 4381 até Rua Dr. Laerte Setúbal", "original_NATUREZA DO IMÓVEL/ PÚBLICO OU PRIVADO": "Público", "lat": -23.5951062, "lon": -46.7178467, "formatted": "Avenida Giovanni Gronchi, Morumbi, São Paulo - SP, 05651-001, Brasil", "name": "Avenida Giovanni Gronchi", "housenumber": null, "street": "Avenida Giovanni Gronchi", "postcode": "05651-001", "district": null, "suburb": "Morumbi", "city": "São Paulo", "county_code": null, "county": "Região Metropolitana de São Paulo", "state": "São Paulo", "state_code": "SP", "country": "Brasil", "country_code": "br", "confidence": 1.0, "confidence_city_level": 1.0, "confidence_building_level": null, "confidence_street_level": 1.0, "attribution": "© OpenStreetMap contributors", "attribution_license": "Open Database License", "attribution_url": "https://www.openstreetmap.org/copyright", "VALID": 0 }, "geometry": { "type": "Point", "coordinates": [ -46.7178467, -23.5951062 ] } },
{ "type": "Feature", "properties": { "original_ID": 104, "original_PROCESSO": "0105580-50.2006.8.26.0053", "original_AUTOR/RÉU": "Prefeitura de São Paulo x ocupantes da área ", "original_ASSISTIDO(OS)": "Ocupantes - Rua Guaiaúna, 834", "original_ENDEREÇOS DAS OCUPAÇÕES": " Rua Guaiaúna, 834", "original_ENDEREÇO FORMATADO": "Rua Guaiaúna, 834 – São Paulo", "original_ENDEREÇO OSM": "Rua Guaiaúna, 834, São Paulo, SP, Brasil", "original_OBS": "—", "original_NATUREZA DO IMÓVEL/ PÚBLICO OU PRIVADO": "Público", "lat": -23.5333612, "lon": -46.5462022, "formatted": "Rua Guaiaúna 834, Penha, São Paulo - SP, 03503-030, Brasil", "name": "Rua Guaiaúna", "housenumber": 834, "street": "Rua Guaiaúna", "postcode": "03503-030", "district": null, "suburb": "Penha", "city": "São Paulo", "county_code": null, "county": "Região Metropolitana de São Paulo", "state": "São Paulo", "state_code": "SP", "country": "Brasil", "country_code": "br", "confidence": 0.75, "confidence_city_level": 1.0, "confidence_building_level": 0.75, "confidence_street_level": 1.0, "attribution": "© OpenStreetMap contributors", "attribution_license": "Open Database License", "attribution_url": "https://www.openstreetmap.org/copyright", "VALID": 1 }, "geometry": { "type": "Point", "coordinates": [ -46.546618506756367, -23.533291217398713 ] } },
{ "type": "Feature", "properties": { "original_ID": 105, "original_PROCESSO": "1027693-21.2016.8.26.0053", "original_AUTOR/RÉU": "\tFazenda Pública do Estado de São Paulo x ocupantes da área ", "original_ASSISTIDO(OS)": "PESSOAS INCERTAS E NÃO INDENTIFICADAS FREQUENTADORES DA FÁBRICA DE CULTURA DO CAPÃO REDONDO", "original_ENDEREÇOS DAS OCUPAÇÕES": "Rua Algard nº 82- Capão Redondo, CEP 05885-680 - São Paulo - SP", "original_ENDEREÇO FORMATADO": "Rua Algard, 82 – Capão Redondo – São Paulo – CEP 05885-680", "original_ENDEREÇO OSM": "Rua Algard, 82, São Paulo, SP, Brasil", "original_OBS": "—", "original_NATUREZA DO IMÓVEL/ PÚBLICO OU PRIVADO": "Público", "lat": -23.6773502, "lon": -46.7861433, "formatted": "Rua Algard 82, Capão Redondo, São Paulo - SP, 05888-160, Brasil", "name": "Rua Algard", "housenumber": 82, "street": "Rua Algard", "postcode": "05888-160", "district": "Capão Redondo", "suburb": "Capão Redondo", "city": "São Paulo", "county_code": null, "county": "Região Metropolitana de São Paulo", "state": "São Paulo", "state_code": "SP", "country": "Brasil", "country_code": "br", "confidence": 0.75, "confidence_city_level": 1.0, "confidence_building_level": 0.75, "confidence_street_level": 1.0, "attribution": "© OpenStreetMap contributors", "attribution_license": "Open Database License", "attribution_url": "https://www.openstreetmap.org/copyright", "VALID": 1 }, "geometry": { "type": "Point", "coordinates": [ -46.786636826443008, -23.67838453685663 ] } },
{ "type": "Feature", "properties": { "original_ID": 106, "original_PROCESSO": "1006860-79.2016.8.26.0053", "original_AUTOR/RÉU": "Prefeitura de São Paulo x ocupantes da área ", "original_ASSISTIDO(OS)": "MARIA DA CONCEIÇÃO LEITE BARBOSA E OUTROS ", "original_ENDEREÇOS DAS OCUPAÇÕES": "Doutor Deodoro deCampos, nº 226, nesta capital, CEP 04336-01", "original_ENDEREÇO FORMATADO": "Rua Deodoro de Campos, 226 – São Paulo – CEP 04336-010", "original_ENDEREÇO OSM": "Rua Deodoro de Campos, 226, São Paulo, SP, Brasil", "original_OBS": "—", "original_NATUREZA DO IMÓVEL/ PÚBLICO OU PRIVADO": "Público", "lat": -23.66194, "lon": -46.641302, "formatted": "Rua Doutor Deodoro De Campos 226, Cidade Ademar, São Paulo - Sudeste, 04336-010, Brasil", "name": null, "housenumber": 226, "street": "Rua Doutor Deodoro De Campos", "postcode": "04336-010", "district": "Jardim Paulista", "suburb": "Cidade Ademar", "city": "São Paulo", "county_code": "SP", "county": "São Paulo", "state": "Sudeste", "state_code": null, "country": "Brasil", "country_code": "br", "confidence": 0.9, "confidence_city_level": 1.0, "confidence_building_level": 0.9, "confidence_street_level": 0.9, "attribution": "© OpenAddresses contributors", "attribution_license": "BSD-3-Clause License", "attribution_url": null, "VALID": 1 }, "geometry": { "type": "Point", "coordinates": [ -46.641600771874728, -23.661842652407184 ] } },
{ "type": "Feature", "properties": { "original_ID": 107, "original_PROCESSO": "1006440-45.2014.8.26.0053", "original_AUTOR/RÉU": "Prefeitura de São Paulo x \tINTERCONTINENTAL ENGENHARIA LTDA", "original_ASSISTIDO(OS)": "EVENTUAIS OCUPANTES - REPRESENTANTE NANCI FRANCISCO NUNES", "original_ENDEREÇOS DAS OCUPAÇÕES": "Rua dos Guatassungas, n° 50", "original_ENDEREÇO FORMATADO": "Rua dos Guatassungas, 50 – São Paulo", "original_ENDEREÇO OSM": "Rua dos Guatassungas, 50, São Paulo, SP, Brasil", "original_OBS": "—", "original_NATUREZA DO IMÓVEL/ PÚBLICO OU PRIVADO": "Privado gravado com utilidade pública", "lat": -23.5506507, "lon": -46.6333824, "formatted": "São Paulo, SP, Brasil", "name": null, "housenumber": null, "street": null, "postcode": null, "district": null, "suburb": null, "city": "São Paulo", "county_code": null, "county": "Região Metropolitana de São Paulo", "state": "São Paulo", "state_code": "SP", "country": "Brasil", "country_code": "br", "confidence": 0.25, "confidence_city_level": 1.0, "confidence_building_level": null, "confidence_street_level": null, "attribution": "© OpenStreetMap contributors", "attribution_license": "Open Database License", "attribution_url": "https://www.openstreetmap.org/copyright", "VALID": 1 }, "geometry": { "type": "Point", "coordinates": [ -46.643228413673327, -23.659858100701001 ] } },
{ "type": "Feature", "properties": { "original_ID": 108, "original_PROCESSO": "0027607-72.2013.8.26.0053", "original_AUTOR/RÉU": "Companhia Metropolitana de Habitação de São Paulo - COHAB x ocupantes da área ", "original_ASSISTIDO(OS)": "REPRESENTANTE  ELIETE CALISTO DA CRUZ ", "original_ENDEREÇOS DAS OCUPAÇÕES": "DiLito de Cidade Líder, de frente par a Avenida Osvaldo Valle Cordeiro", "original_ENDEREÇO FORMATADO": "Avenida Osvaldo Valle Cordeiro – Cidade Líder – São Paulo", "original_ENDEREÇO OSM": "Avenida Osvaldo Valle Cordeiro, São Paulo, SP, Brasil", "original_OBS": "Frente do distrito", "original_NATUREZA DO IMÓVEL/ PÚBLICO OU PRIVADO": "Privado gravado com utilidade pública", "lat": -23.5598126, "lon": -46.4863905, "formatted": "Avenida Osvaldo Valle Cordeiro, Parque Savoy City, São Paulo - SP, 03584-000, Brasil", "name": "Avenida Osvaldo Valle Cordeiro", "housenumber": null, "street": "Avenida Osvaldo Valle Cordeiro", "postcode": "03584-000", "district": "Vila Carlo Maderna", "suburb": "Parque Savoy City", "city": "São Paulo", "county_code": null, "county": "Região Metropolitana de São Paulo", "state": "São Paulo", "state_code": "SP", "country": "Brasil", "country_code": "br", "confidence": 1.0, "confidence_city_level": 1.0, "confidence_building_level": null, "confidence_street_level": 1.0, "attribution": "© OpenStreetMap contributors", "attribution_license": "Open Database License", "attribution_url": "https://www.openstreetmap.org/copyright", "VALID": 0 }, "geometry": { "type": "Point", "coordinates": [ -46.4863905, -23.5598126 ] } },
{ "type": "Feature", "properties": { "original_ID": 109, "original_PROCESSO": "0052239-02.2012.8.26.0053", "original_AUTOR/RÉU": "Prefeitura de São Paulo x ocupantes da área ", "original_ASSISTIDO(OS)": "IVONE SILVA DE ARAUJO E OUTROS", "original_ENDEREÇOS DAS OCUPAÇÕES": ". Irineu Salvador Pinto,(antiga r. \"10\"), s/n°, bairro Jardim Esther Yolanda,", "original_ENDEREÇO FORMATADO": "Rua Irineu Salvador Pinto – Jardim Esther Yolanda – São Paulo", "original_ENDEREÇO OSM": "Rua Irineu Salvador Pinto, São Paulo, SP, Brasil", "original_OBS": "S/N; antiga Rua “10”", "original_NATUREZA DO IMÓVEL/ PÚBLICO OU PRIVADO": "Público", "lat": -23.5796367, "lon": -46.7623346, "formatted": "Rua Irineu Salvador Pinto, Rio Pequeno, São Paulo - SP, 05374-070, Brasil", "name": "Rua Irineu Salvador Pinto", "housenumber": null, "street": "Rua Irineu Salvador Pinto", "postcode": "05374-070", "district": "Rio Pequeno", "suburb": "Rio Pequeno", "city": "São Paulo", "county_code": null, "county": "Região Metropolitana de São Paulo", "state": "São Paulo", "state_code": "SP", "country": "Brasil", "country_code": "br", "confidence": 1.0, "confidence_city_level": 1.0, "confidence_building_level": null, "confidence_street_level": 1.0, "attribution": "© OpenStreetMap contributors", "attribution_license": "Open Database License", "attribution_url": "https://www.openstreetmap.org/copyright", "VALID": 0 }, "geometry": { "type": "Point", "coordinates": [ -46.7623346, -23.5796367 ] } },
{ "type": "Feature", "properties": { "original_ID": 110, "original_PROCESSO": "1013025-45.2016.8.26.0053", "original_AUTOR/RÉU": "DEPARTAMENTO DE ÁGUAS E ENERGIA ELÉTRICA - DAEE - SÃO PAULO x ocupantes da área ", "original_ASSISTIDO(OS)": "FRANCISCA JOSERLANDIA RODRIGUES E OUTROS ", "original_ENDEREÇOS DAS OCUPAÇÕES": "lote C, quadra 141,localizado a Rua Rio Manuel Alves (antiga Rua M), s/nº, Vila Itaim, nesta Capital", "original_ENDEREÇO FORMATADO": "Rua Rio Manuel Alves – Vila Itaim – São Paulo", "original_ENDEREÇO OSM": "Rua Rio Manuel Alves, São Paulo, SP, Brasil", "original_OBS": "S/N; antiga Rua “M”; lote C, quadra 141", "original_NATUREZA DO IMÓVEL/ PÚBLICO OU PRIVADO": "Privado gravado com utilidade pública", "lat": -23.4861702, "lon": -46.3932854, "formatted": "Rua Rio Manuel Alves, Vila Aymoré, São Paulo - SP, 08111-750, Brasil", "name": "Rua Rio Manuel Alves", "housenumber": null, "street": "Rua Rio Manuel Alves", "postcode": "08111-750", "district": null, "suburb": "Vila Aymoré", "city": "São Paulo", "county_code": null, "county": "Região Metropolitana de São Paulo", "state": "São Paulo", "state_code": "SP", "country": "Brasil", "country_code": "br", "confidence": 1.0, "confidence_city_level": 1.0, "confidence_building_level": null, "confidence_street_level": 1.0, "attribution": "© OpenStreetMap contributors", "attribution_license": "Open Database License", "attribution_url": "https://www.openstreetmap.org/copyright", "VALID": 0 }, "geometry": { "type": "Point", "coordinates": [ -46.3932854, -23.4861702 ] } },
{ "type": "Feature", "properties": { "original_ID": 111, "original_PROCESSO": "1010995-03.2017.8.26.0053  ", "original_AUTOR/RÉU": "Prefeitura de São Paulo x donos dos imóveis", "original_ASSISTIDO(OS)": "EVENTUAIS OCUPANTES - DO ESPACO DENOMINADO CRECHE OESTE", "original_ENDEREÇOS DAS OCUPAÇÕES": "Rua Rio Manuel Alves (antiga Rua M), s/nº, Vila Itaim", "original_ENDEREÇO FORMATADO": "Rua Rio Manuel Alves – Vila Itaim – São Paulo", "original_ENDEREÇO OSM": "Rua Rio Manuel Alves, São Paulo, SP, Brasil", "original_OBS": "Repetição", "original_NATUREZA DO IMÓVEL/ PÚBLICO OU PRIVADO": "Privado gravado com utilidade pública", "lat": -23.4861702, "lon": -46.3932854, "formatted": "Rua Rio Manuel Alves, Vila Aymoré, São Paulo - SP, 08111-750, Brasil", "name": "Rua Rio Manuel Alves", "housenumber": null, "street": "Rua Rio Manuel Alves", "postcode": "08111-750", "district": null, "suburb": "Vila Aymoré", "city": "São Paulo", "county_code": null, "county": "Região Metropolitana de São Paulo", "state": "São Paulo", "state_code": "SP", "country": "Brasil", "country_code": "br", "confidence": 1.0, "confidence_city_level": 1.0, "confidence_building_level": null, "confidence_street_level": 1.0, "attribution": "© OpenStreetMap contributors", "attribution_license": "Open Database License", "attribution_url": "https://www.openstreetmap.org/copyright", "VALID": 0 }, "geometry": { "type": "Point", "coordinates": [ -46.3932854, -23.4861702 ] } },
{ "type": "Feature", "properties": { "original_ID": 112, "original_PROCESSO": "1012753-51.2016.8.26.0053", "original_AUTOR/RÉU": "DEPARTAMENTO DE ÁGUAS E ENERGIA ELÉTRICA - DAEE - SÃO PAULO x Itararé Indústria Extrativista de Minérios Ltda", "original_ASSISTIDO(OS)": "EVENTUAIS OCUPANTES - VILA ITAIM", "original_ENDEREÇOS DAS OCUPAÇÕES": "lote 21, da Quadra 133. Setor 133, naantiga Rua 10, atual Rua Agostinho Alves Marinho, s/nº,", "original_ENDEREÇO FORMATADO": "Rua Agostinho Alves Marinho – São Paulo", "original_ENDEREÇO OSM": "Rua Agostinho Alves Marinho, São Paulo, SP, Brasil", "original_OBS": "S/N; antigo Rua “10”; lote 21 quadra 133", "original_NATUREZA DO IMÓVEL/ PÚBLICO OU PRIVADO": "Privado gravado com utilidade pública", "lat": -23.4853806, "lon": -46.3947072, "formatted": "Rua Agostinho Alves Marinho, Vila Itaim, São Paulo - SP, 08111-750, Brasil", "name": "Rua Agostinho Alves Marinho", "housenumber": null, "street": "Rua Agostinho Alves Marinho", "postcode": "08111-750", "district": null, "suburb": "Vila Itaim", "city": "São Paulo", "county_code": null, "county": "Região Metropolitana de São Paulo", "state": "São Paulo", "state_code": "SP", "country": "Brasil", "country_code": "br", "confidence": 1.0, "confidence_city_level": 1.0, "confidence_building_level": null, "confidence_street_level": 1.0, "attribution": "© OpenStreetMap contributors", "attribution_license": "Open Database License", "attribution_url": "https://www.openstreetmap.org/copyright", "VALID": 0 }, "geometry": { "type": "Point", "coordinates": [ -46.3947072, -23.4853806 ] } },
{ "type": "Feature", "properties": { "original_ID": 113, "original_PROCESSO": "1006291-10.2018.8.26.0053", "original_AUTOR/RÉU": "\tDEPARTAMENTO DE ESTRADAS DE RODAGEM - DER x ocupantes da área ", "original_ASSISTIDO(OS)": "EVENTUAIS OCUPANTES- DEP ESTRADAS DE RODAGEM- DER ", "original_ENDEREÇOS DAS OCUPAÇÕES": "Rua Tamon, nº 73, Bairro do Corisco, CEP:02365-170, no município de São Paulo – SP", "original_ENDEREÇO FORMATADO": "Rua Tamon, 73 – Jardim Corisco – São Paulo – CEP 02365-170", "original_ENDEREÇO OSM": "Rua Tamon, 73, São Paulo, SP, Brasil", "original_OBS": "—", "original_NATUREZA DO IMÓVEL/ PÚBLICO OU PRIVADO": "Privado gravado com utilidade pública", "lat": -23.426513, "lon": -46.584278, "formatted": "Rua Tamon 73, Tremembe, São Paulo - Sudeste, 02365-170, Brasil", "name": null, "housenumber": 73, "street": "Rua Tamon", "postcode": "02365-170", "district": "Jardim Paulista", "suburb": "Tremembe", "city": "São Paulo", "county_code": "SP", "county": "São Paulo", "state": "Sudeste", "state_code": null, "country": "Brasil", "country_code": "br", "confidence": 1.0, "confidence_city_level": 1.0, "confidence_building_level": 1.0, "confidence_street_level": 1.0, "attribution": "© OpenAddresses contributors", "attribution_license": "BSD-3-Clause License", "attribution_url": null, "VALID": 1 }, "geometry": { "type": "Point", "coordinates": [ -46.584322376582193, -23.426572737706802 ] } }
]
}
