{
"type": "FeatureCollection",
"name": "hab_nucleo2",
"features": [
{ "type": "Feature", "properties": { "id": "habi_nucleo2geosampa.1", "gid": 1, "uuid_id": "670782ca-bf0d-4a93-b8fd-04a5add48b5e", "nome": "ADRIANO THEODOSIO SERRA", "nome_secundario": null, "localizacao": "RUA ADRIANO THEODOSIO SERRA", "tot_domicilio": 4, "areageo_m2": 497.75, "anoimplant": 2004, "propriedade_area": "Pública" }, "geometry": { "type": "MultiPolygon", "coordinates": [ [ [ [ -46.735609634545483, -23.575665717760351 ], [ -46.735642534522547, -23.575577160826146 ], [ -46.735629438168296, -23.575570879837727 ], [ -46.735644099492426, -23.57554218961408 ], [ -46.735599465106624, -23.575510462846989 ], [ -46.735555714852822, -23.575475146129925 ], [ -46.735533313878122, -23.575432400633119 ], [ -46.73553134081461, -23.575430033467526 ], [ -46.735401396679563, -23.575482553733533 ], [ -46.735392362993004, -23.575486204924953 ], [ -46.735354160175717, -23.575526614124474 ], [ -46.735306595325461, -23.575576926010246 ], [ -46.735399043835059, -23.575603899813373 ], [ -46.735609634545483, -23.575665717760351 ] ] ] ] } },
{ "type": "Feature", "properties": { "id": "habi_nucleo2geosampa.2", "gid": 2, "uuid_id": "081246cf-4855-49da-99ba-631fb168a1ae", "nome": "MARIA JOSÉ DE FÁTIMA", "nome_secundario": null, "localizacao": "TRAVESSA PAULO LEITÃO", "tot_domicilio": 1, "areageo_m2": 117.68, "anoimplant": 2001, "propriedade_area": "Pública" }, "geometry": { "type": "MultiPolygon", "coordinates": [ [ [ [ -46.770167552906074, -23.681931699586805 ], [ -46.770109550721976, -23.681927486604508 ], [ -46.77009678855385, -23.682093597887508 ], [ -46.770168470777904, -23.682087090785146 ], [ -46.770167552906074, -23.681931699586805 ] ] ] ] } },
{ "type": "Feature", "properties": { "id": "habi_nucleo2geosampa.3", "gid": 3, "uuid_id": "a08e4706-3802-4929-ab40-7c8610793aef", "nome": "CARLOS MAGALHÃES", "nome_secundario": null, "localizacao": "RUA CARLOS MAGALHÃES Nº2", "tot_domicilio": 1, "areageo_m2": 75.12, "anoimplant": 2015, "propriedade_area": "Pública" }, "geometry": { "type": "MultiPolygon", "coordinates": [ [ [ [ -46.750050592657125, -23.629874379127422 ], [ -46.749974455877243, -23.629717506179141 ], [ -46.750008204546191, -23.629701423479716 ], [ -46.750085848766808, -23.629858408841553 ], [ -46.750050592657125, -23.629874379127422 ] ] ] ] } },
{ "type": "Feature", "properties": { "id": "habi_nucleo2geosampa.4", "gid": 4, "uuid_id": "bdac76e2-1ede-469a-894c-0b62b4d19f53", "nome": "RESIDENCIAL ANTENOR", "nome_secundario": "NOVA CANTAREIRA", "localizacao": "AVENIDA NOVA CANTAREIRA, 7603", "tot_domicilio": 10, "areageo_m2": 3120.16, "anoimplant": null, "propriedade_area": "Sem informação" }, "geometry": { "type": "MultiPolygon", "coordinates": [ [ [ [ -46.6168797678435, -23.442405776912643 ], [ -46.616576340376497, -23.44288106358848 ], [ -46.616134767070882, -23.442709055274619 ], [ -46.616425860087979, -23.442202082099666 ], [ -46.6168797678435, -23.442405776912643 ] ] ] ] } },
{ "type": "Feature", "properties": { "id": "habi_nucleo2geosampa.5", "gid": 5, "uuid_id": "eeeb7e82-5a55-4b9a-8411-6a8b2e1a81dc", "nome": "GEORGE PILLI", "nome_secundario": "ALVARO DE ANDRADE FERRAZ", "localizacao": "RUA SILVADO - RUA ALVARO DE ANDRADE FERRAZ", "tot_domicilio": 9, "areageo_m2": 1941.56, "anoimplant": null, "propriedade_area": "Sem informação" }, "geometry": { "type": "MultiPolygon", "coordinates": [ [ [ [ -46.699895319496527, -23.489024881227479 ], [ -46.699805152755133, -23.488895296926497 ], [ -46.699926924333731, -23.488832209786477 ], [ -46.699976190697598, -23.488785320676371 ], [ -46.700010584196853, -23.488746956846562 ], [ -46.700029175277578, -23.488730758781756 ], [ -46.700008725088765, -23.488691542406084 ], [ -46.700193706341672, -23.488598616599816 ], [ -46.700439108606908, -23.48908796827526 ], [ -46.700375898932556, -23.489192829112302 ], [ -46.70027643665086, -23.489246538289247 ], [ -46.700200213219972, -23.48909734607706 ], [ -46.7002039314361, -23.489036816617208 ], [ -46.700070075655098, -23.488934513241517 ], [ -46.699895319496527, -23.489024881227479 ] ] ] ] } },
{ "type": "Feature", "properties": { "id": "habi_nucleo2geosampa.6", "gid": 6, "uuid_id": "0a113739-52d6-4a64-9d1c-02a59a7230e7", "nome": "EL-1M RUA SOBRÁLIA", "nome_secundario": null, "localizacao": "RUA SOBRALIA, 286/745", "tot_domicilio": 1, "areageo_m2": 183.58, "anoimplant": 2001, "propriedade_area": "Pública" }, "geometry": { "type": "MultiPolygon", "coordinates": [ [ [ [ -46.689612979943014, -23.672847163816726 ], [ -46.68959637112993, -23.672741791039524 ], [ -46.689588643361162, -23.672692762879258 ], [ -46.689483397706915, -23.672681539769826 ], [ -46.689487144724453, -23.672698204767997 ], [ -46.68952363207363, -23.672860484897956 ], [ -46.689612979943014, -23.672847163816726 ] ] ] ] } },
{ "type": "Feature", "properties": { "id": "habi_nucleo2geosampa.7", "gid": 7, "uuid_id": "3bcb803b-86c3-4080-94ce-3fabba6b7da1", "nome": "MORRO DA CAPOABA", "nome_secundario": null, "localizacao": "RUA MORRO DA CAPOABA", "tot_domicilio": 1, "areageo_m2": 118.01, "anoimplant": 1989, "propriedade_area": "Pública" }, "geometry": { "type": "MultiPolygon", "coordinates": [ [ [ [ -46.400221795333756, -23.509224659127337 ], [ -46.399926314808233, -23.50922219509037 ], [ -46.39992561482228, -23.509257882952184 ], [ -46.400221909176906, -23.509259508815791 ], [ -46.400221795333756, -23.509224659127337 ] ] ] ] } },
{ "type": "Feature", "properties": { "id": "habi_nucleo2geosampa.8", "gid": 8, "uuid_id": "cd33b3b5-5329-4d16-82fe-3af2b96c258d", "nome": "EL 2M - FRUTA DO CAIAPÓ", "nome_secundario": null, "localizacao": "RUA FRUTA DO CAIAPÓ", "tot_domicilio": 11, "areageo_m2": 1043.89, "anoimplant": 2001, "propriedade_area": "Pública" }, "geometry": { "type": "MultiPolygon", "coordinates": [ [ [ [ -46.455166287784671, -23.513721150889914 ], [ -46.454841884216719, -23.513665427561708 ], [ -46.454703240761525, -23.513651009244217 ], [ -46.45469708484594, -23.513674547019956 ], [ -46.454678499744325, -23.513861054593971 ], [ -46.455160400737149, -23.513890678933571 ], [ -46.455166287784671, -23.513721150889914 ] ] ] ] } },
{ "type": "Feature", "properties": { "id": "habi_nucleo2geosampa.9", "gid": 9, "uuid_id": "6024c057-9d55-4a0e-818c-89d27873f1d9", "nome": "CAMINHO SERVIDÃO 3", "nome_secundario": null, "localizacao": "RUA GAZETA/CAMINHO SERVIDÃO 3", "tot_domicilio": 1, "areageo_m2": 111.59, "anoimplant": null, "propriedade_area": "Sem informação" }, "geometry": { "type": "MultiPolygon", "coordinates": [ [ [ [ -46.63117594904746, -23.665664281422689 ], [ -46.631453954210784, -23.665806461471238 ], [ -46.63147186858145, -23.665778948234866 ], [ -46.631188661004629, -23.665636899788911 ], [ -46.63117594904746, -23.665664281422689 ] ] ] ] } },
{ "type": "Feature", "properties": { "id": "habi_nucleo2geosampa.10", "gid": 10, "uuid_id": "7fa9f4c4-0efb-4e0f-8685-df63c3a370ec", "nome": "PROFESSOR THIRE", "nome_secundario": null, "localizacao": "RUA PROFESSOR THIRE.", "tot_domicilio": 2, "areageo_m2": 356.86, "anoimplant": null, "propriedade_area": "Sem informação" }, "geometry": { "type": "MultiPolygon", "coordinates": [ [ [ [ -46.496099032388699, -23.546000373664302 ], [ -46.495989941325554, -23.54601846023472 ], [ -46.496056092289393, -23.546313164589922 ], [ -46.49614829416047, -23.546323939797372 ], [ -46.496100192931934, -23.545998245832344 ], [ -46.496099032388699, -23.546000373664302 ] ] ] ] } },
{ "type": "Feature", "properties": { "id": "habi_nucleo2geosampa.11", "gid": 11, "uuid_id": "1c40bd6b-c201-4ad2-ad05-5624a3742296", "nome": "TEQUE-TEQUE", "nome_secundario": null, "localizacao": "RUA TEQUE-TEQUE", "tot_domicilio": null, "areageo_m2": 4640.1, "anoimplant": null, "propriedade_area": "Sem informação" }, "geometry": { "type": "MultiPolygon", "coordinates": [ [ [ [ -46.729615065625396, -23.42910667258208 ], [ -46.728924080811289, -23.429647339214736 ], [ -46.72874208636572, -23.429800600393214 ], [ -46.728608485894803, -23.429912644748036 ], [ -46.728526768361547, -23.429973311024135 ], [ -46.728413894411844, -23.430065783185949 ], [ -46.728221601959341, -23.4302151394044 ], [ -46.728284038418508, -23.430435000219738 ], [ -46.728385355457505, -23.430389197391513 ], [ -46.728605431768095, -23.43026174746711 ], [ -46.728775515500395, -23.430159512158873 ], [ -46.729018929866982, -23.429870985567561 ], [ -46.72932367347579, -23.429571259195725 ], [ -46.729460448870128, -23.429451340931763 ], [ -46.72972359210064, -23.429163795805565 ], [ -46.729637071813116, -23.429087986808298 ], [ -46.729615065625396, -23.42910667258208 ] ] ] ] } },
{ "type": "Feature", "properties": { "id": "habi_nucleo2geosampa.12", "gid": 12, "uuid_id": "87cc181c-81c2-4447-ab77-b3a6fc5f02e5", "nome": "MIGUEL CONEJO", "nome_secundario": null, "localizacao": "RUA MIGUEL CONEJO, 356", "tot_domicilio": 1, "areageo_m2": 937.91, "anoimplant": null, "propriedade_area": "Sem informação" }, "geometry": { "type": "MultiPolygon", "coordinates": [ [ [ [ -46.693668, -23.502891800690723 ], [ -46.693670466889969, -23.502750410823921 ], [ -46.693105549085502, -23.502719870592816 ], [ -46.693094448080664, -23.502869178322243 ], [ -46.693668, -23.502891800690723 ] ] ] ] } },
{ "type": "Feature", "properties": { "id": "habi_nucleo2geosampa.13", "gid": 13, "uuid_id": "418eabb2-e948-4ef6-ac35-0ac18f184fe1", "nome": "LOTEAMENTO JARDIM SANTANA", "nome_secundario": null, "localizacao": "RUA JACARANDÁ DO CAMPO, 561", "tot_domicilio": 7, "areageo_m2": 1124.87, "anoimplant": 2001, "propriedade_area": "Sem informação" }, "geometry": { "type": "MultiPolygon", "coordinates": [ [ [ [ -46.455828975665774, -23.513313164115541 ], [ -46.455592637342448, -23.513298404352255 ], [ -46.45534777512232, -23.513279587820964 ], [ -46.455333295144662, -23.51345783928069 ], [ -46.455359116290808, -23.513472679480827 ], [ -46.455575369366628, -23.513504801053834 ], [ -46.455807592886948, -23.513537672363586 ], [ -46.455828975665774, -23.513313164115541 ] ] ] ] } },
{ "type": "Feature", "properties": { "id": "habi_nucleo2geosampa.14", "gid": 14, "uuid_id": "5e58e432-5b59-4a07-ba65-f5d27db3b905", "nome": "PORTELINHA - CR", "nome_secundario": null, "localizacao": "RUA ANA ASLAN/ RUA SÃO FRANCISO DE JESUS", "tot_domicilio": null, "areageo_m2": 74599.32, "anoimplant": 2014, "propriedade_area": "Pública/Particular" }, "geometry": { "type": "MultiPolygon", "coordinates": [ [ [ [ -46.784940826471519, -23.657519763210438 ], [ -46.785102719994143, -23.657917484865678 ], [ -46.785048219695248, -23.659547871745168 ], [ -46.785008496480465, -23.65980341784514 ], [ -46.785463345346237, -23.659900875392154 ], [ -46.785573625749002, -23.659962550001861 ], [ -46.785591075929069, -23.659962619805061 ], [ -46.785651225183251, -23.659793612976756 ], [ -46.785672836103508, -23.659695843129832 ], [ -46.785734298572706, -23.659428668258801 ], [ -46.785766014331898, -23.659309833035728 ], [ -46.785798203120009, -23.659204175723708 ], [ -46.785953216914315, -23.658701240601268 ], [ -46.786120719669647, -23.658165202980076 ], [ -46.786150604813436, -23.658070407805738 ], [ -46.786151320232094, -23.658065342925209 ], [ -46.78628164543656, -23.65784505095144 ], [ -46.78630261095077, -23.657808058379896 ], [ -46.78645822501209, -23.657645355160739 ], [ -46.786611469920288, -23.657589681097569 ], [ -46.786797696945449, -23.657530105007943 ], [ -46.786913419851636, -23.65748882930496 ], [ -46.787074752032304, -23.657431285637674 ], [ -46.787354146183795, -23.657388722291699 ], [ -46.787410780411513, -23.657380094479883 ], [ -46.787550449466451, -23.65735699273214 ], [ -46.787531063064925, -23.65732263260675 ], [ -46.787505520853479, -23.657260893196263 ], [ -46.787463363643624, -23.657166748210109 ], [ -46.787357860922491, -23.65720814728153 ], [ -46.787254269265624, -23.656739490720284 ], [ -46.787154914869177, -23.65629000009115 ], [ -46.787407849077461, -23.655981788738426 ], [ -46.787385055215879, -23.655920288474917 ], [ -46.787373925411231, -23.655837072689877 ], [ -46.787417041980802, -23.65569173897029 ], [ -46.787436001540215, -23.655557700103909 ], [ -46.787445752753413, -23.655467380906622 ], [ -46.787467255464875, -23.655325727753258 ], [ -46.787478960889914, -23.655242158290484 ], [ -46.787480090940804, -23.65520990921798 ], [ -46.787466493994302, -23.655190381293185 ], [ -46.787439565350056, -23.655178050300481 ], [ -46.787412324434776, -23.655171592211261 ], [ -46.787422667071766, -23.655067089557075 ], [ -46.787209915168027, -23.655259166986248 ], [ -46.787054371610893, -23.655397941294869 ], [ -46.786913412653789, -23.655526050486966 ], [ -46.786785183764451, -23.655642589763659 ], [ -46.786338755638027, -23.65521923354957 ], [ -46.786324180375672, -23.655232266934579 ], [ -46.786282857246533, -23.655271570982276 ], [ -46.786216460365715, -23.655340440605446 ], [ -46.786036363855594, -23.655527243756136 ], [ -46.785859626891295, -23.65571754039804 ], [ -46.785712032606554, -23.655876457912683 ], [ -46.785664185718844, -23.655922463727808 ], [ -46.785621031910608, -23.65596395700695 ], [ -46.785577822385065, -23.656005503822719 ], [ -46.78557210058942, -23.656001762662527 ], [ -46.785538147923653, -23.656036748259435 ], [ -46.785507912281872, -23.656067903729472 ], [ -46.78547577199366, -23.656101021767206 ], [ -46.785442858523517, -23.656134936484975 ], [ -46.785410350834731, -23.656168433054209 ], [ -46.785374802203421, -23.656196085467748 ], [ -46.785338485355197, -23.656224335438974 ], [ -46.785304424538118, -23.656250830481476 ], [ -46.78527229519262, -23.656287608054047 ], [ -46.785237024271645, -23.656327981671222 ], [ -46.785234539324364, -23.656330826118268 ], [ -46.785036707884544, -23.656495910665697 ], [ -46.784987315507536, -23.656539030481028 ], [ -46.784838396942916, -23.656669036945864 ], [ -46.784826406810367, -23.656767869772203 ], [ -46.784828684581989, -23.656827349326111 ], [ -46.784786840395988, -23.657141465043349 ], [ -46.784940826471519, -23.657519763210438 ] ] ] ] } },
{ "type": "Feature", "properties": { "id": "habi_nucleo2geosampa.15", "gid": 15, "uuid_id": "38d32610-6416-4bbc-a060-27cec320a0f8", "nome": "ISMAEL DIAS", "nome_secundario": null, "localizacao": "RUA DR. ISMAEL DIAS", "tot_domicilio": 1, "areageo_m2": 141.73, "anoimplant": null, "propriedade_area": "Sem informação" }, "geometry": { "type": "MultiPolygon", "coordinates": [ [ [ [ -46.552625572499991, -23.534118941111117 ], [ -46.552635930555645, -23.534070202777755 ], [ -46.552394547500022, -23.534025905 ], [ -46.552390951111093, -23.534080061111144 ], [ -46.552625572499991, -23.534118941111117 ] ] ] ] } },
{ "type": "Feature", "properties": { "id": "habi_nucleo2geosampa.16", "gid": 16, "uuid_id": "71051c84-9bc3-43fa-b74f-f8a6c38757e4", "nome": "CRISPIN GONÇALVES", "nome_secundario": "JORGE DE MENDONÇA", "localizacao": "RUA CRISPIN GONÇALVES.", "tot_domicilio": 6, "areageo_m2": 1285.05, "anoimplant": null, "propriedade_area": "Sem informação" }, "geometry": { "type": "MultiPolygon", "coordinates": [ [ [ [ -46.41955474776514, -23.532721004861475 ], [ -46.419498740077209, -23.532736468205947 ], [ -46.419450692019254, -23.532735985353657 ], [ -46.419430385339503, -23.532729379320283 ], [ -46.419414402200744, -23.532716764391242 ], [ -46.419378697829067, -23.532581400126606 ], [ -46.419388831616125, -23.532579230573159 ], [ -46.419374599488265, -23.532539019160499 ], [ -46.41928566621381, -23.532352989108698 ], [ -46.419383935270609, -23.532319042423733 ], [ -46.4194664497319, -23.53251321893686 ], [ -46.41955474776514, -23.532721004861475 ] ] ], [ [ [ -46.419353929670812, -23.532240164286108 ], [ -46.419297545677217, -23.532259735584201 ], [ -46.419285177121338, -23.532260841800351 ], [ -46.419271972456102, -23.532257963963502 ], [ -46.419257018000103, -23.532247190976264 ], [ -46.419246927236088, -23.532235109295293 ], [ -46.419238391134961, -23.532214560469086 ], [ -46.419197277852163, -23.532078947436741 ], [ -46.419164136699557, -23.531961531319325 ], [ -46.41915166166649, -23.53191162267872 ], [ -46.419150852465641, -23.531903755073202 ], [ -46.419154319556725, -23.531890953695491 ], [ -46.419159783564382, -23.531879868047703 ], [ -46.41920514554424, -23.531863588428529 ], [ -46.419278885809774, -23.532050656336938 ], [ -46.419353929670812, -23.532240164286108 ] ] ], [ [ [ -46.419218314036399, -23.531757361337124 ], [ -46.419119671509435, -23.531789183857818 ], [ -46.419105408245038, -23.531737266502287 ], [ -46.41908198485509, -23.531652029614946 ], [ -46.419065411303428, -23.531591718970496 ], [ -46.419043837657156, -23.531513213040633 ], [ -46.419007788928091, -23.531382032427093 ], [ -46.419062885379375, -23.531362964504346 ], [ -46.419111538163875, -23.531486422561169 ], [ -46.419143310562298, -23.531567045933755 ], [ -46.419164997955349, -23.531622078250805 ], [ -46.419218314036399, -23.531757361337124 ] ] ] ] } },
{ "type": "Feature", "properties": { "id": "habi_nucleo2geosampa.17", "gid": 17, "uuid_id": "3869496f-4fed-4bfc-a285-6a508859dba3", "nome": "TRAVESSA RÉGIA", "nome_secundario": null, "localizacao": "TRAVESSA RÉGIA, 34B", "tot_domicilio": 1, "areageo_m2": 94.47, "anoimplant": null, "propriedade_area": "Particular" }, "geometry": { "type": "MultiPolygon", "coordinates": [ [ [ [ -46.596303981332241, -23.478084469904662 ], [ -46.596337901068864, -23.478094651885652 ], [ -46.596299191146919, -23.478208298062732 ], [ -46.596260285815148, -23.478196908616834 ], [ -46.596276394831555, -23.478164647576797 ], [ -46.596267516504703, -23.478142644596797 ], [ -46.596226651682208, -23.478121618640795 ], [ -46.596243689969015, -23.478105119444681 ], [ -46.596229872965623, -23.478064408103783 ], [ -46.596235853946247, -23.478064175841933 ], [ -46.596303981332241, -23.478084469904662 ] ] ] ] } },
{ "type": "Feature", "properties": { "id": "habi_nucleo2geosampa.18", "gid": 18, "uuid_id": "7752d2c7-506e-43d8-90b8-0a129b776b4e", "nome": "ESTANISLAU DE CAMPOS", "nome_secundario": null, "localizacao": "AV. PADRE ESTANISLAU DE CAMPOS, 425", "tot_domicilio": 3, "areageo_m2": 434.41, "anoimplant": null, "propriedade_area": "Sem informação" }, "geometry": { "type": "MultiPolygon", "coordinates": [ [ [ [ -46.48149001210524, -23.546729712237845 ], [ -46.481177627931316, -23.546724713101444 ], [ -46.481173854410514, -23.546678177404612 ], [ -46.481172938320476, -23.546589455931169 ], [ -46.481387810329167, -23.546614469364357 ], [ -46.481493541000056, -23.546615094700087 ], [ -46.48149001210524, -23.546729712237845 ] ] ] ] } },
{ "type": "Feature", "properties": { "id": "habi_nucleo2geosampa.19", "gid": 19, "uuid_id": "9ed18a28-b2f5-4760-b567-a28e5ba804bf", "nome": "ESPAÇO LIVRE EUNICE BECHARA DE OLIVEIRA", "nome_secundario": null, "localizacao": "RUA PROF. EUNICE BECHARA DE OLIVEIRA COM RUA IVAN", "tot_domicilio": 3, "areageo_m2": 357.52, "anoimplant": 2004, "propriedade_area": "Pública" }, "geometry": { "type": "MultiPolygon", "coordinates": [ [ [ [ -46.77638146035202, -23.671623908050272 ], [ -46.776309916654235, -23.671538766294184 ], [ -46.7762461802225, -23.671581748998459 ], [ -46.776197238277234, -23.671614754531028 ], [ -46.776136792415031, -23.67165551804732 ], [ -46.776181199315154, -23.671705479821661 ], [ -46.776210759053292, -23.671738737167985 ], [ -46.776215615063698, -23.671735340484787 ], [ -46.776274935242476, -23.671801118984995 ], [ -46.77631211553738, -23.671739267384293 ], [ -46.776339930969939, -23.671692994740066 ], [ -46.77638146035202, -23.671623908050272 ] ] ] ] } },
{ "type": "Feature", "properties": { "id": "habi_nucleo2geosampa.20", "gid": 20, "uuid_id": "733ba533-728a-469f-9ff7-207592302261", "nome": "CARAVELA ROSA", "nome_secundario": null, "localizacao": "RUA CARAVELA ROSA", "tot_domicilio": 3, "areageo_m2": 639.48, "anoimplant": 2004, "propriedade_area": "Pública" }, "geometry": { "type": "MultiPolygon", "coordinates": [ [ [ [ -46.526797199371607, -23.575426749026821 ], [ -46.526834190915203, -23.575519300376222 ], [ -46.526682699932344, -23.575557281516886 ], [ -46.526590483587633, -23.575562554972553 ], [ -46.526557843738402, -23.575549676688343 ], [ -46.526538288183012, -23.575530963926461 ], [ -46.52649792265268, -23.575424177424374 ], [ -46.526500244809334, -23.575409988374464 ], [ -46.526514414655125, -23.575398319140493 ], [ -46.52668720694497, -23.575331941812287 ], [ -46.526710350919778, -23.575321970401973 ], [ -46.526748087375225, -23.575303872560699 ], [ -46.526797199371607, -23.575426749026821 ] ] ] ] } },
{ "type": "Feature", "properties": { "id": "habi_nucleo2geosampa.21", "gid": 21, "uuid_id": "8adfd5ce-713a-4b5a-9a23-bcb75159272a", "nome": "ADOLFO DE SOUZA CARNEIRO II", "nome_secundario": null, "localizacao": "RUA ADOLFO DE SOUZA CARNEIRO", "tot_domicilio": null, "areageo_m2": 381.86, "anoimplant": 2001, "propriedade_area": "Pública" }, "geometry": { "type": "MultiPolygon", "coordinates": [ [ [ [ -46.739015087776622, -23.49177903119606 ], [ -46.738889385024933, -23.491791631502284 ], [ -46.739038443474634, -23.491483964247312 ], [ -46.739138757738594, -23.491531690638705 ], [ -46.739015087776622, -23.49177903119606 ] ] ] ] } },
{ "type": "Feature", "properties": { "id": "habi_nucleo2geosampa.22", "gid": 22, "uuid_id": "5b9e99f6-2f1f-359c-8b9f-3ea168de5465", "nome": "ABRICO DO PARA", "nome_secundario": null, "localizacao": "RUA ABRICO DO PARA", "tot_domicilio": 1, "areageo_m2": 149.96, "anoimplant": 0, "propriedade_area": "Pública" }, "geometry": { "type": "MultiPolygon", "coordinates": [ [ [ [ -46.533011057994074, -23.604322361423581 ], [ -46.53306724718761, -23.604293612428137 ], [ -46.533179237359498, -23.604470272737718 ], [ -46.533125161039408, -23.604502345974502 ], [ -46.533011057994074, -23.604322361423581 ] ] ] ] } },
{ "type": "Feature", "properties": { "id": "habi_nucleo2geosampa.23", "gid": 23, "uuid_id": "9d5962f6-2e4c-4785-8b15-9975ec0b116c", "nome": "PADRE NOGUEIRA LOPES", "nome_secundario": null, "localizacao": "RUA PADRE NOGUEIRA LOPES", "tot_domicilio": 3, "areageo_m2": 540.69, "anoimplant": 1970, "propriedade_area": "Particular" }, "geometry": { "type": "MultiPolygon", "coordinates": [ [ [ [ -46.721870969216027, -23.491972670642745 ], [ -46.721396604689204, -23.491732973513255 ], [ -46.721475220662214, -23.491636326144487 ], [ -46.721910324999065, -23.491928033504202 ], [ -46.721870969216027, -23.491972670642745 ] ] ] ] } },
{ "type": "Feature", "properties": { "id": "habi_nucleo2geosampa.24", "gid": 24, "uuid_id": "acdad748-f262-3810-bb99-b3e1ed177cd2", "nome": "FRANCISCO DE HOLANDA", "nome_secundario": null, "localizacao": "RUA FRANCICO DE HOLANDA", "tot_domicilio": 4, "areageo_m2": 441.11, "anoimplant": 1985, "propriedade_area": "Pública" }, "geometry": { "type": "MultiPolygon", "coordinates": [ [ [ [ -46.768888304703168, -23.631269382953512 ], [ -46.76895859769941, -23.631290083405787 ], [ -46.768940607166527, -23.631688078833424 ], [ -46.768819803411411, -23.631671538158759 ], [ -46.768888304703168, -23.631269382953512 ] ] ] ] } },
{ "type": "Feature", "properties": { "id": "habi_nucleo2geosampa.25", "gid": 25, "uuid_id": "f271b28f-22c8-44bc-bcc1-a9f515b71802", "nome": "HUMAITÁ I", "nome_secundario": null, "localizacao": "RUA GALILEU EMENDABILI", "tot_domicilio": 45, "areageo_m2": 2018.32, "anoimplant": 1990, "propriedade_area": "Pública" }, "geometry": { "type": "MultiPolygon", "coordinates": [ [ [ [ -46.743963408582353, -23.523673470205779 ], [ -46.744472428250923, -23.524242552103345 ], [ -46.744268524958542, -23.524376132684175 ], [ -46.743775306973298, -23.523806873065016 ], [ -46.743963408582353, -23.523673470205779 ] ] ] ] } },
{ "type": "Feature", "properties": { "id": "habi_nucleo2geosampa.26", "gid": 26, "uuid_id": "d22afee6-ac62-3cb0-91e2-388e102e9d4a", "nome": "SÃO QUINTINO", "nome_secundario": null, "localizacao": null, "tot_domicilio": 0, "areageo_m2": 106.26, "anoimplant": 0, "propriedade_area": "Sem informação" }, "geometry": { "type": "MultiPolygon", "coordinates": [ [ [ [ -46.522729985656397, -23.516886707426547 ], [ -46.522540194972244, -23.51694375799384 ], [ -46.522542666847507, -23.516955919580795 ], [ -46.522564751253277, -23.51698365916636 ], [ -46.522747637447743, -23.516934561005282 ], [ -46.522729985656397, -23.516886707426547 ] ] ] ] } },
{ "type": "Feature", "properties": { "id": "habi_nucleo2geosampa.27", "gid": 27, "uuid_id": "1576548e-153d-4d37-8707-8fca5129c37c", "nome": "JARDIM SYDNEY", "nome_secundario": null, "localizacao": "RUA SILVÉRIO DE CASTRO SOUZA", "tot_domicilio": 6, "areageo_m2": 484.21, "anoimplant": 1984, "propriedade_area": "Pública" }, "geometry": { "type": "MultiPolygon", "coordinates": [ [ [ [ -46.715976427893821, -23.454047357433137 ], [ -46.715964658769522, -23.454007665058498 ], [ -46.716322090444692, -23.453787343204368 ], [ -46.716371096399229, -23.453949525399388 ], [ -46.715976427893821, -23.454047357433137 ] ] ] ] } },
{ "type": "Feature", "properties": { "id": "habi_nucleo2geosampa.28", "gid": 28, "uuid_id": "9f2ce25d-df52-424c-aeea-6fe91ed0f79d", "nome": "VILA RICA", "nome_secundario": null, "localizacao": "R TIBIRIÇÁ", "tot_domicilio": 17, "areageo_m2": 899.71, "anoimplant": 1986, "propriedade_area": "Pública" }, "geometry": { "type": "MultiPolygon", "coordinates": [ [ [ [ -46.672777590176217, -23.63174994025908 ], [ -46.672408552398394, -23.63205038088212 ], [ -46.672284432564915, -23.631929370638055 ], [ -46.672653589800007, -23.631638334099581 ], [ -46.672777590176217, -23.63174994025908 ] ] ] ] } },
{ "type": "Feature", "properties": { "id": "habi_nucleo2geosampa.29", "gid": 29, "uuid_id": "00236d1e-5996-45e0-8fd0-d3c99baaf3a2", "nome": "PIMENTEL TÁVORA", "nome_secundario": null, "localizacao": "RUA PIMENTEL TÁVORA/ RUA MACHADO NUNES /RUA FLORIANO DE TOLEDO", "tot_domicilio": 40, "areageo_m2": 1962.88, "anoimplant": 1985, "propriedade_area": "Pública" }, "geometry": { "type": "MultiPolygon", "coordinates": [ [ [ [ -46.483778853140564, -23.578526210344048 ], [ -46.483500270926172, -23.578841198372572 ], [ -46.483383137774318, -23.579033307854839 ], [ -46.483233706186908, -23.579008129858369 ], [ -46.483110395304962, -23.578959915274336 ], [ -46.483016029959884, -23.578903778300841 ], [ -46.483620020706283, -23.578461811991343 ], [ -46.483660523804659, -23.578456387373201 ], [ -46.483687059930638, -23.578462782376505 ], [ -46.483708833666192, -23.578473658787683 ], [ -46.483778853140564, -23.578526210344048 ] ] ] ] } },
{ "type": "Feature", "properties": { "id": "habi_nucleo2geosampa.30", "gid": 30, "uuid_id": "a7d7fef2-2556-4cae-89e6-25f63f14a2cc", "nome": "CEU JARDIM PAULISTANO", "nome_secundario": null, "localizacao": "RUA ENCRUZILHADA DO SUL", "tot_domicilio": 8, "areageo_m2": 1522.83, "anoimplant": 0, "propriedade_area": "Pública" }, "geometry": { "type": "MultiPolygon", "coordinates": [ [ [ [ -46.705239395586595, -23.46122996573877 ], [ -46.705777241440551, -23.460900081145894 ], [ -46.705886198040723, -23.461060890744566 ], [ -46.705866192709635, -23.461286502758888 ], [ -46.705591099525066, -23.461268380951473 ], [ -46.705239395586595, -23.46122996573877 ] ] ] ] } },
{ "type": "Feature", "properties": { "id": "habi_nucleo2geosampa.31", "gid": 31, "uuid_id": "1e8180ef-51f0-488e-a812-89f697dc36d9", "nome": "JARDIM NAKAMURA IV", "nome_secundario": null, "localizacao": "RUA MANOEL DA COSTA DANTAS 235", "tot_domicilio": 16, "areageo_m2": 3328.65, "anoimplant": 1981, "propriedade_area": "Pública" }, "geometry": { "type": "MultiPolygon", "coordinates": [ [ [ [ -46.778309909476384, -23.697282159301885 ], [ -46.778179566489229, -23.697383500399749 ], [ -46.778094142087028, -23.697434310153529 ], [ -46.778002056198879, -23.697481497768866 ], [ -46.777762006716401, -23.697213140230346 ], [ -46.777573534566883, -23.69734332680455 ], [ -46.777517657489369, -23.69727354684111 ], [ -46.777571312135564, -23.697151840934993 ], [ -46.777607038631288, -23.697027872656296 ], [ -46.777709651264871, -23.696706064032568 ], [ -46.777956260217195, -23.696821572830036 ], [ -46.777967006613579, -23.69693515288375 ], [ -46.778309909476384, -23.697282159301885 ] ], [ [ -46.777911071442027, -23.696984370234187 ], [ -46.777915525350544, -23.696971973053113 ], [ -46.777874112953157, -23.697012597168015 ], [ -46.777911071442027, -23.696984370234187 ] ] ] ] } },
{ "type": "Feature", "properties": { "id": "habi_nucleo2geosampa.32", "gid": 32, "uuid_id": "0a765d46-a4f9-4a74-b1b9-778cfd737074", "nome": "VILA NOVA PIRAJUSSARA III", "nome_secundario": null, "localizacao": "RUA EGYDIO MARTINS DA COSTA", "tot_domicilio": 38, "areageo_m2": 1608.9, "anoimplant": 0, "propriedade_area": "Pública" }, "geometry": { "type": "MultiPolygon", "coordinates": [ [ [ [ -46.751669374973545, -23.625659653036418 ], [ -46.751506554073003, -23.62549955691664 ], [ -46.75145572734921, -23.62545386611399 ], [ -46.751741245024625, -23.625274828711376 ], [ -46.751944449995484, -23.625501089188941 ], [ -46.751957036738531, -23.62551606408703 ], [ -46.752035010434646, -23.625604443927397 ], [ -46.751781879103717, -23.625782747440027 ], [ -46.751669374973545, -23.625659653036418 ] ] ] ] } },
{ "type": "Feature", "properties": { "id": "habi_nucleo2geosampa.33", "gid": 33, "uuid_id": "7fe71b38-4fb6-4b2c-8f9b-9e78ced0811f", "nome": "VILA RAMOS", "nome_secundario": "TREVO DO MATO", "localizacao": "RUA TREVO DO MATO", "tot_domicilio": 39, "areageo_m2": 2454.03, "anoimplant": 1995, "propriedade_area": "Pública" }, "geometry": { "type": "MultiPolygon", "coordinates": [ [ [ [ -46.4662056006961, -23.518801716701596 ], [ -46.466412807837777, -23.519004718233923 ], [ -46.46595343758046, -23.519320102564347 ], [ -46.465479344206145, -23.519616508964383 ], [ -46.465431975003803, -23.519547957472902 ], [ -46.465591147471535, -23.51937899208195 ], [ -46.465767424385071, -23.519206706361896 ], [ -46.4662056006961, -23.518801716701596 ] ] ] ] } },
{ "type": "Feature", "properties": { "id": "habi_nucleo2geosampa.34", "gid": 34, "uuid_id": "a6e242d3-960f-45bf-b952-e674c3c6f644", "nome": "SALIM ANTÔNIO CURIATI", "nome_secundario": null, "localizacao": "AVENIDA SALIM ANTONIO CURIATI, 264", "tot_domicilio": 21, "areageo_m2": 1887.92, "anoimplant": 1976, "propriedade_area": "Pública" }, "geometry": { "type": "MultiPolygon", "coordinates": [ [ [ [ -46.693125870371183, -23.672496689940029 ], [ -46.693024204698602, -23.672761433993784 ], [ -46.692014609378596, -23.672720739960273 ], [ -46.692015689121121, -23.672663997047529 ], [ -46.693125870371183, -23.672496689940029 ] ] ] ] } },
{ "type": "Feature", "properties": { "id": "habi_nucleo2geosampa.35", "gid": 35, "uuid_id": "268802f8-4611-4fd3-b54f-bc04c0f6d5f5", "nome": "VICENTE REIS", "nome_secundario": null, "localizacao": "RUA VICENTE REIS", "tot_domicilio": 10, "areageo_m2": 1962.4, "anoimplant": 1994, "propriedade_area": "Pública" }, "geometry": { "type": "MultiPolygon", "coordinates": [ [ [ [ -46.390645994516085, -23.52070744852713 ], [ -46.390170213391244, -23.52130160536187 ], [ -46.390057199089142, -23.521237809394485 ], [ -46.390006209726735, -23.521158166962085 ], [ -46.390446959180338, -23.520573083635405 ], [ -46.390645994516085, -23.52070744852713 ] ] ] ] } },
{ "type": "Feature", "properties": { "id": "habi_nucleo2geosampa.36", "gid": 36, "uuid_id": "a656f5eb-e2ad-470c-88f6-13a423c5ec93", "nome": "RAFAEL ALVES I", "nome_secundario": null, "localizacao": "RUA RAFAEL ALVES, 130 A 138", "tot_domicilio": 6, "areageo_m2": 363.6, "anoimplant": 0, "propriedade_area": "Pública" }, "geometry": { "type": "MultiPolygon", "coordinates": [ [ [ [ -46.704950833566251, -23.478208468982359 ], [ -46.705266054846632, -23.478433253504523 ], [ -46.705274624834331, -23.478468711063126 ], [ -46.704873115323331, -23.478315951040685 ], [ -46.704950833566251, -23.478208468982359 ] ] ] ] } },
{ "type": "Feature", "properties": { "id": "habi_nucleo2geosampa.37", "gid": 37, "uuid_id": "9ed51cf6-0bc6-379a-990d-7587249e9a04", "nome": "JOÃO GREGÓRIO LEMOS", "nome_secundario": null, "localizacao": "RUA JOÃO GREGÓRIO LEMOS, 335", "tot_domicilio": 1, "areageo_m2": 162.29, "anoimplant": 1996, "propriedade_area": "Pública" }, "geometry": { "type": "MultiPolygon", "coordinates": [ [ [ [ -46.534676166010776, -23.599143406777252 ], [ -46.534742666732285, -23.599109776680905 ], [ -46.534844201129452, -23.599279371343641 ], [ -46.534780794577657, -23.599311537300906 ], [ -46.534676166010776, -23.599143406777252 ] ] ] ] } },
{ "type": "Feature", "properties": { "id": "habi_nucleo2geosampa.38", "gid": 38, "uuid_id": "e8a1cf39-4c9a-43d7-acc5-040f09379610", "nome": "WILSON BERNARDINO DE OLIVEIRA", "nome_secundario": null, "localizacao": "R WILSON BERNARDINO DE OLIVEIRA 107", "tot_domicilio": 12, "areageo_m2": 334.96, "anoimplant": 1979, "propriedade_area": "Pública" }, "geometry": { "type": "MultiPolygon", "coordinates": [ [ [ [ -46.698274568971669, -23.715271425966549 ], [ -46.698463267443167, -23.715130961358639 ], [ -46.6985105522526, -23.715187787684314 ], [ -46.698490662031759, -23.715213841317254 ], [ -46.698497122982097, -23.715291567454358 ], [ -46.69836785198035, -23.715371091179197 ], [ -46.698274568971669, -23.715271425966549 ] ] ] ] } },
{ "type": "Feature", "properties": { "id": "habi_nucleo2geosampa.39", "gid": 39, "uuid_id": "e20ab393-067e-428d-80cc-8c4cb386da22", "nome": "MARGINAL II", "nome_secundario": null, "localizacao": "R FERREIRA VIANA", "tot_domicilio": 37, "areageo_m2": 1355.08, "anoimplant": 1990, "propriedade_area": "Pública" }, "geometry": { "type": "MultiPolygon", "coordinates": [ [ [ [ -46.721641401623096, -23.659145316277609 ], [ -46.721742087474361, -23.659100144865054 ], [ -46.722039795100109, -23.660135980116507 ], [ -46.721945075030519, -23.660206999787949 ], [ -46.721641401623096, -23.659145316277609 ] ] ] ] } },
{ "type": "Feature", "properties": { "id": "habi_nucleo2geosampa.40", "gid": 40, "uuid_id": "770fe622-0572-30a5-b135-163c518a0034", "nome": "QUIPAPÁ", "nome_secundario": null, "localizacao": "RUA QUIPAPÁ", "tot_domicilio": 35, "areageo_m2": 3210.92, "anoimplant": 1970, "propriedade_area": "Pública" }, "geometry": { "type": "MultiPolygon", "coordinates": [ [ [ [ -46.427035923967168, -23.489684227760563 ], [ -46.42657646841247, -23.489960831338959 ], [ -46.426527353678317, -23.490452311601562 ], [ -46.426966853766082, -23.490487713177384 ], [ -46.427035923967168, -23.489684227760563 ] ] ] ] } },
{ "type": "Feature", "properties": { "id": "habi_nucleo2geosampa.41", "gid": 41, "uuid_id": "d1503d60-cc2b-4882-b393-a9b7c949a27c", "nome": "JARDIM ANALÍCIA", "nome_secundario": null, "localizacao": "RUA SERRA DO CADEADO", "tot_domicilio": 5, "areageo_m2": 468.52, "anoimplant": 1984, "propriedade_area": "Particular" }, "geometry": { "type": "MultiPolygon", "coordinates": [ [ [ [ -46.76803618935196, -23.672790918626458 ], [ -46.76805558077001, -23.672962081851249 ], [ -46.76781874119461, -23.67299976157884 ], [ -46.767793709912233, -23.672832160556812 ], [ -46.76803618935196, -23.672790918626458 ] ] ] ] } },
{ "type": "Feature", "properties": { "id": "habi_nucleo2geosampa.42", "gid": 42, "uuid_id": "2d332117-718d-45af-905b-ee1e45d25353", "nome": "JARDIM SHANGRILÁ II", "nome_secundario": "JOANA DOS SANTOS PEDROSO", "localizacao": "RUA JOANA DOS SANTOS PEDROSO / RUA SALVADOR DE ALBUQUERQUE", "tot_domicilio": 8, "areageo_m2": 732.86, "anoimplant": 1984, "propriedade_area": "Pública" }, "geometry": { "type": "MultiPolygon", "coordinates": [ [ [ [ -46.725582535800541, -23.425454500465232 ], [ -46.725590158282095, -23.425426408236945 ], [ -46.725595442592272, -23.425428024612117 ], [ -46.725605251022365, -23.425407904456893 ], [ -46.726079003266463, -23.42556829493412 ], [ -46.726078529423802, -23.425579570916469 ], [ -46.726092538975877, -23.425580076434031 ], [ -46.726047912759149, -23.425686717294319 ], [ -46.725562713630673, -23.425527553910992 ], [ -46.725564646758642, -23.425520429484315 ], [ -46.725552393743818, -23.425516331177985 ], [ -46.725582535800541, -23.425454500465232 ] ] ] ] } },
{ "type": "Feature", "properties": { "id": "habi_nucleo2geosampa.43", "gid": 43, "uuid_id": "21535c6c-357c-4ee0-a6a0-287714473df1", "nome": "JOSÉ LOPES RODRIGUES", "nome_secundario": null, "localizacao": "RUA JOSE LOPES RODRIGUES, 39", "tot_domicilio": 2, "areageo_m2": 2125.86, "anoimplant": 1984, "propriedade_area": "Pública" }, "geometry": { "type": "MultiPolygon", "coordinates": [ [ [ [ -46.480342352162488, -23.48744924290385 ], [ -46.480076297113897, -23.487342075607533 ], [ -46.480338793495577, -23.486795155039857 ], [ -46.480648313878554, -23.48684916890285 ], [ -46.480342352162488, -23.48744924290385 ] ] ] ] } },
{ "type": "Feature", "properties": { "id": "habi_nucleo2geosampa.44", "gid": 44, "uuid_id": "018ea144-e639-44cf-a975-d9d57343b0a9", "nome": "FRANCISCO TANCREDI", "nome_secundario": null, "localizacao": "RUA FRANCISCO TANCREDI", "tot_domicilio": 8, "areageo_m2": 615.7, "anoimplant": 1980, "propriedade_area": "Pública" }, "geometry": { "type": "MultiPolygon", "coordinates": [ [ [ [ -46.425953674909678, -23.49211833287584 ], [ -46.425953304041485, -23.492083860498102 ], [ -46.426167716530294, -23.492038814390423 ], [ -46.426171907088317, -23.491995692328739 ], [ -46.426601764228451, -23.491958237198368 ], [ -46.426610156133627, -23.492057730656086 ], [ -46.425953674909678, -23.49211833287584 ] ] ] ] } },
{ "type": "Feature", "properties": { "id": "habi_nucleo2geosampa.45", "gid": 45, "uuid_id": "986adf0d-241d-40f8-bb86-6abbf6707cc4", "nome": "JARDIM ROMANO", "nome_secundario": null, "localizacao": "RUA DIOGO GONÇALVES LACO", "tot_domicilio": 7, "areageo_m2": 423.72, "anoimplant": 1982, "propriedade_area": "Pública" }, "geometry": { "type": "MultiPolygon", "coordinates": [ [ [ [ -46.384770773749025, -23.482856395386126 ], [ -46.384644103738943, -23.482803648898958 ], [ -46.384782465119677, -23.482410324099927 ], [ -46.384822221600395, -23.482416443421513 ], [ -46.384770773749025, -23.482856395386126 ] ] ] ] } },
{ "type": "Feature", "properties": { "id": "habi_nucleo2geosampa.46", "gid": 46, "uuid_id": "2251bd7c-78d9-4578-9f8e-93429febc9e0", "nome": "CARINA ARI", "nome_secundario": null, "localizacao": "RUA CARINA ARI", "tot_domicilio": 25, "areageo_m2": 2889.29, "anoimplant": 1975, "propriedade_area": "Pública" }, "geometry": { "type": "MultiPolygon", "coordinates": [ [ [ [ -46.752288603020901, -23.452976730071182 ], [ -46.752217713406473, -23.453216146110151 ], [ -46.751955252796968, -23.453130139937262 ], [ -46.752229795702327, -23.452401423315433 ], [ -46.752314580620038, -23.452229606870652 ], [ -46.752555821861009, -23.452298856962837 ], [ -46.752288603020901, -23.452976730071182 ] ] ] ] } },
{ "type": "Feature", "properties": { "id": "habi_nucleo2geosampa.47", "gid": 47, "uuid_id": "1ca4ab61-cb4c-4915-afdb-98c820549855", "nome": "CAMPOS DE GUARAPUAVA", "nome_secundario": null, "localizacao": "RUA CAMPOS DE GUARAPUAVA", "tot_domicilio": 20, "areageo_m2": 1651.32, "anoimplant": 1980, "propriedade_area": "Pública" }, "geometry": { "type": "MultiPolygon", "coordinates": [ [ [ [ -46.717268990784177, -23.476312566336777 ], [ -46.71721076740193, -23.475816261744509 ], [ -46.717454325820341, -23.475823132136195 ], [ -46.717491263040749, -23.475875292472264 ], [ -46.717551972020537, -23.476082959403147 ], [ -46.71760029977554, -23.476294585474427 ], [ -46.717268990784177, -23.476312566336777 ] ] ] ] } },
{ "type": "Feature", "properties": { "id": "habi_nucleo2geosampa.48", "gid": 48, "uuid_id": "f5086c6a-8054-4e31-a056-1322ffd997f3", "nome": "UGO CARNICELLI", "nome_secundario": null, "localizacao": "RUA UGO CARNICELLI", "tot_domicilio": 11, "areageo_m2": 2742.35, "anoimplant": 1961, "propriedade_area": "Pública" }, "geometry": { "type": "MultiPolygon", "coordinates": [ [ [ [ -46.777794404688144, -23.68008177491874 ], [ -46.777720412599884, -23.679959393061068 ], [ -46.77796083258022, -23.679820079202891 ], [ -46.777680845906744, -23.67944027728365 ], [ -46.777870852827263, -23.679318195246498 ], [ -46.778386484418292, -23.680008364790393 ], [ -46.777794404688144, -23.68008177491874 ] ] ] ] } },
{ "type": "Feature", "properties": { "id": "habi_nucleo2geosampa.49", "gid": 49, "uuid_id": "d08c46c7-a42b-4ab8-b49b-d8c700a2e565", "nome": "VILA MAIARA", "nome_secundario": null, "localizacao": "RUA BENARES / RUA MANUEL JESUS GALVAN", "tot_domicilio": 15, "areageo_m2": 801.82, "anoimplant": 1977, "propriedade_area": "Pública" }, "geometry": { "type": "MultiPolygon", "coordinates": [ [ [ [ -46.636455092630143, -23.687248538542079 ], [ -46.636417926048367, -23.687469515208385 ], [ -46.635778935812787, -23.68744869489802 ], [ -46.636455092630143, -23.687248538542079 ] ] ] ] } },
{ "type": "Feature", "properties": { "id": "habi_nucleo2geosampa.50", "gid": 50, "uuid_id": "0155e48c-631e-471d-9c1e-1f72bc09c400", "nome": "JARDIM GUARUJÁ", "nome_secundario": null, "localizacao": "RUA PAOLO PÓRPORA", "tot_domicilio": 16, "areageo_m2": 5570.29, "anoimplant": 0, "propriedade_area": "Particular" }, "geometry": { "type": "MultiPolygon", "coordinates": [ [ [ [ -46.786165809203276, -23.693303763338456 ], [ -46.786122205663034, -23.693581555465119 ], [ -46.785255888328876, -23.693404985488474 ], [ -46.785372586181388, -23.692763376016035 ], [ -46.78605230427334, -23.693042629272068 ], [ -46.786185526939256, -23.69317231389342 ], [ -46.786165809203276, -23.693303763338456 ] ] ] ] } },
{ "type": "Feature", "properties": { "id": "habi_nucleo2geosampa.51", "gid": 51, "uuid_id": "656e7e36-73bb-4716-b55c-66fb8c1b12d3", "nome": "ASSOCIAÇÃO JARDIM SÃO FRANCISCO XV DE NOVEMBRO", "nome_secundario": null, "localizacao": null, "tot_domicilio": 153, "areageo_m2": 12775.09, "anoimplant": null, "propriedade_area": "Sem informação" }, "geometry": { "type": "MultiPolygon", "coordinates": [ [ [ [ -46.448591913357731, -23.626810683734938 ], [ -46.448426613096423, -23.626890898842468 ], [ -46.447970788767208, -23.627102407405157 ], [ -46.447675699463439, -23.627152533661867 ], [ -46.44769095791095, -23.627287740345682 ], [ -46.447379466432984, -23.627432763487882 ], [ -46.447235567648391, -23.626155268490983 ], [ -46.447222767119214, -23.625658825827752 ], [ -46.44740800540611, -23.62563848717625 ], [ -46.447441032491426, -23.626012080951497 ], [ -46.447777761824774, -23.625996884291339 ], [ -46.44824933453976, -23.625965412850185 ], [ -46.448262434575589, -23.626154779258023 ], [ -46.448386276506717, -23.626145163755371 ], [ -46.44844983164564, -23.626330675329232 ], [ -46.448357184235782, -23.626338307789201 ], [ -46.44839119768119, -23.626592615649844 ], [ -46.448559977428658, -23.626578350764799 ], [ -46.448591913357731, -23.626810683734938 ] ] ] ] } },
{ "type": "Feature", "properties": { "id": "habi_nucleo2geosampa.52", "gid": 52, "uuid_id": "484f0a52-269b-400f-86d2-ef8efa4f5243", "nome": "MANOEL DA LUZ DRUMOND", "nome_secundario": "VILA BELA", "localizacao": "RUA MANOEL DA LUZ DRUMOND / RUA GUERENS", "tot_domicilio": 50, "areageo_m2": 5325.8, "anoimplant": 1979, "propriedade_area": "Pública" }, "geometry": { "type": "MultiPolygon", "coordinates": [ [ [ [ -46.455499746925717, -23.616008321455869 ], [ -46.456007801360052, -23.616494531839823 ], [ -46.455838649080903, -23.616653606121449 ], [ -46.455375481091551, -23.616179210549458 ], [ -46.455499746925717, -23.616008321455869 ] ] ], [ [ [ -46.456387295849808, -23.616881556926177 ], [ -46.456658640184244, -23.617164675414031 ], [ -46.456590833985068, -23.617396905947821 ], [ -46.456242340338271, -23.617057419626605 ], [ -46.456387295849808, -23.616881556926177 ] ] ], [ [ [ -46.454685154683212, -23.615161641616968 ], [ -46.455352886127905, -23.615837880629034 ], [ -46.455147803949593, -23.616002359264467 ], [ -46.454538786633613, -23.615328542722612 ], [ -46.454685154683212, -23.615161641616968 ] ] ] ] } },
{ "type": "Feature", "properties": { "id": "habi_nucleo2geosampa.53", "gid": 53, "uuid_id": "b00e07ce-cf04-4d8f-9e8b-68d2298b0eff", "nome": "RECANTO NOVA REPÚBLICA V", "nome_secundario": "JOAQUIM TEODORO", "localizacao": "RUA JOAQUIM TEODORO / RUA MAGALHÃES LEMOS", "tot_domicilio": 5, "areageo_m2": 145.29, "anoimplant": 1981, "propriedade_area": "Pública" }, "geometry": { "type": "MultiPolygon", "coordinates": [ [ [ [ -46.753748893928218, -23.397844757605341 ], [ -46.753931823263414, -23.397769643407521 ], [ -46.753956435765957, -23.397782266798654 ], [ -46.753938278569464, -23.397817911546746 ], [ -46.753791796785613, -23.397920551246845 ], [ -46.753759544342515, -23.397857537713151 ], [ -46.753748893928218, -23.397844757605341 ] ] ] ] } },
{ "type": "Feature", "properties": { "id": "habi_nucleo2geosampa.54", "gid": 54, "uuid_id": "86dfc329-8209-464c-bbc1-15c509fb37dc", "nome": "JARDIM GUARUJÁ II", "nome_secundario": null, "localizacao": "RUA MARTINS SARMENTO", "tot_domicilio": 6, "areageo_m2": 983.4, "anoimplant": 1985, "propriedade_area": "Pública" }, "geometry": { "type": "MultiPolygon", "coordinates": [ [ [ [ -46.785411443626366, -23.692613965538666 ], [ -46.785439222271854, -23.692479612551267 ], [ -46.785842981900657, -23.692595611723764 ], [ -46.78580923481303, -23.692674300166868 ], [ -46.785810058067, -23.692770987485019 ], [ -46.785822825253696, -23.69283026706529 ], [ -46.785710593212542, -23.692827818111446 ], [ -46.785411443626366, -23.692613965538666 ] ] ] ] } },
{ "type": "Feature", "properties": { "id": "habi_nucleo2geosampa.55", "gid": 55, "uuid_id": "1b3f5288-e89a-465e-abb8-636d4c7873ff", "nome": "RECANTO SANTO ANTÔNIO I", "nome_secundario": null, "localizacao": "RUA CAPITANIAS HEREDITÁRIAS", "tot_domicilio": 28, "areageo_m2": 1153.21, "anoimplant": 1982, "propriedade_area": "Pública" }, "geometry": { "type": "MultiPolygon", "coordinates": [ [ [ [ -46.742548210587316, -23.668056995000615 ], [ -46.74255916511629, -23.668064871227273 ], [ -46.742542070281878, -23.668085061800529 ], [ -46.742443696276311, -23.668198157882159 ], [ -46.742354075656941, -23.668317155214638 ], [ -46.742285698646462, -23.668399917081434 ], [ -46.742225518440918, -23.668446589552268 ], [ -46.742162088890311, -23.6684113064115 ], [ -46.742155047263104, -23.668371389037407 ], [ -46.742167036495189, -23.668293261451947 ], [ -46.742196397633222, -23.668214937807953 ], [ -46.742242509047045, -23.668090430826719 ], [ -46.742277480314449, -23.667944050463873 ], [ -46.742425582711746, -23.667978381900973 ], [ -46.742548210587316, -23.668056995000615 ] ] ] ] } },
{ "type": "Feature", "properties": { "id": "habi_nucleo2geosampa.56", "gid": 56, "uuid_id": "3412adfa-9574-46d3-9cf8-60ad6155defd", "nome": "JARDIM CRIS", "nome_secundario": null, "localizacao": "RUA CRISTALINA", "tot_domicilio": 4, "areageo_m2": 672.57, "anoimplant": 1989, "propriedade_area": "Pública" }, "geometry": { "type": "MultiPolygon", "coordinates": [ [ [ [ -46.752879086478252, -23.67362908354546 ], [ -46.752946876971833, -23.673809012355537 ], [ -46.752603259488453, -23.67394089402578 ], [ -46.752645257928322, -23.673718313084198 ], [ -46.752879086478252, -23.67362908354546 ] ] ] ] } },
{ "type": "Feature", "properties": { "id": "habi_nucleo2geosampa.57", "gid": 57, "uuid_id": "9d318e8f-09f2-4d99-a8d3-1c175ae76a7e", "nome": "NÚCLEO D - SÃO FRANCISCO GLOBAL", "nome_secundario": null, "localizacao": "TRAVESSA HIDROSFERA / TRAVESSA ROSA PERFUMADA", "tot_domicilio": 394, "areageo_m2": 40497.22, "anoimplant": 1990, "propriedade_area": "Pública" }, "geometry": { "type": "MultiPolygon", "coordinates": [ [ [ [ -46.454053101926092, -23.632590202554226 ], [ -46.453953297819389, -23.63246339803182 ], [ -46.453956403452267, -23.632449874582356 ], [ -46.453946526668616, -23.632435541459778 ], [ -46.45405080308975, -23.631957386000412 ], [ -46.454169196868918, -23.631855339033116 ], [ -46.454194581486753, -23.631885868497946 ], [ -46.454199377999508, -23.631882585360625 ], [ -46.454252288415503, -23.631939432912105 ], [ -46.454340895448091, -23.632019423625543 ], [ -46.454417322037727, -23.632078994423171 ], [ -46.454727620266802, -23.631914335845458 ], [ -46.454800985004418, -23.631943929423919 ], [ -46.454807592724833, -23.631941115056577 ], [ -46.45481654435671, -23.631950205687634 ], [ -46.454927709534289, -23.631995046949186 ], [ -46.456173003082938, -23.632020064775205 ], [ -46.456182954155913, -23.632019971352367 ], [ -46.456208242609527, -23.632176484678716 ], [ -46.456309161157222, -23.632624435789143 ], [ -46.456160725901299, -23.632660109262371 ], [ -46.456073549673008, -23.632694537050032 ], [ -46.456074556125543, -23.632707622206382 ], [ -46.456111146550448, -23.63295664606034 ], [ -46.456193305690768, -23.632955874723102 ], [ -46.456195621567062, -23.632967347899907 ], [ -46.456223284482981, -23.6329647678483 ], [ -46.456294370368511, -23.633456561148513 ], [ -46.45629868602186, -23.633477941308751 ], [ -46.456298787560023, -23.63348712044505 ], [ -46.456268424614386, -23.633502879146285 ], [ -46.456269415375992, -23.633510395987972 ], [ -46.456130842621782, -23.633575864853011 ], [ -46.456115117078433, -23.633585039465789 ], [ -46.45609089609745, -23.633694605859599 ], [ -46.45607399341155, -23.633874640657552 ], [ -46.455039853262171, -23.634031166768406 ], [ -46.454956187288445, -23.633970778861265 ], [ -46.454949510690888, -23.633967781156901 ], [ -46.454939446073396, -23.633958695478441 ], [ -46.454928331336241, -23.633932857844147 ], [ -46.454888640115868, -23.633867409664628 ], [ -46.454848089636627, -23.6338035569058 ], [ -46.45477676103085, -23.633657399501097 ], [ -46.454706130393291, -23.633575474152657 ], [ -46.454643840890405, -23.633346649567493 ], [ -46.454637312768142, -23.633332455854212 ], [ -46.454398443154226, -23.63302896786351 ], [ -46.454310932087381, -23.632964361553299 ], [ -46.454053101926092, -23.632590202554226 ] ] ] ] } },
{ "type": "Feature", "properties": { "id": "habi_nucleo2geosampa.58", "gid": 58, "uuid_id": "43538785-4ff6-41d9-ae28-e8260e20a04a", "nome": "DEMO GHIDELLI", "nome_secundario": null, "localizacao": "RUA PROFESSOR DEMO GHIDELLI", "tot_domicilio": 13, "areageo_m2": 2556.41, "anoimplant": 1997, "propriedade_area": "Pública" }, "geometry": { "type": "MultiPolygon", "coordinates": [ [ [ [ -46.39925999405726, -23.563251939998473 ], [ -46.399013816258289, -23.563414833883854 ], [ -46.398920072736693, -23.563300780356148 ], [ -46.399153793903736, -23.563110413733792 ], [ -46.39925999405726, -23.563251939998473 ] ] ], [ [ [ -46.398472330732261, -23.563571400659356 ], [ -46.398522756388488, -23.56363106261599 ], [ -46.39845182744061, -23.563677835089255 ], [ -46.39840907851962, -23.563625938987361 ], [ -46.398472330732261, -23.563571400659356 ] ] ], [ [ [ -46.39788922882461, -23.564045024673007 ], [ -46.397997925116897, -23.564159312898028 ], [ -46.397261218516171, -23.564713024113878 ], [ -46.397235454808275, -23.564428219993122 ], [ -46.397542631346944, -23.564211113359921 ], [ -46.397581818360429, -23.564253525916762 ], [ -46.39788922882461, -23.564045024673007 ] ] ] ] } },
{ "type": "Feature", "properties": { "id": "habi_nucleo2geosampa.59", "gid": 59, "uuid_id": "27ecbcef-054b-41c3-b458-154d6817abde", "nome": "JOÃO VICENTE DA FONSECA", "nome_secundario": null, "localizacao": "RUA JOÃO VICENTE DA FONSECA", "tot_domicilio": 12, "areageo_m2": 1734.55, "anoimplant": 1988, "propriedade_area": "Pública" }, "geometry": { "type": "MultiPolygon", "coordinates": [ [ [ [ -46.474482220017002, -23.632484185839026 ], [ -46.474857032659045, -23.632012678656174 ], [ -46.474919916139278, -23.63203096159792 ], [ -46.474685476617701, -23.632749213824155 ], [ -46.474394442964915, -23.632676827541776 ], [ -46.474482220017002, -23.632484185839026 ] ] ] ] } },
{ "type": "Feature", "properties": { "id": "habi_nucleo2geosampa.60", "gid": 60, "uuid_id": "fe5534d9-3892-49d1-a882-64dc4c0a0c3a", "nome": "JARDIM IMBUIAS", "nome_secundario": null, "localizacao": "RUA BAIANÓPOLIS", "tot_domicilio": 433, "areageo_m2": 32366.93, "anoimplant": 0, "propriedade_area": "Pública" }, "geometry": { "type": "MultiPolygon", "coordinates": [ [ [ [ -46.705575701625676, -23.734939273664917 ], [ -46.705637874252631, -23.735355026294748 ], [ -46.705621173125138, -23.73539321521287 ], [ -46.705353002729204, -23.735272667083713 ], [ -46.705326062686986, -23.735052866440778 ], [ -46.705278922008908, -23.734735123706351 ], [ -46.705239697325268, -23.73449645621363 ], [ -46.705230485221584, -23.734305976263716 ], [ -46.7052527936806, -23.733916782122105 ], [ -46.705467306286991, -23.733767670590272 ], [ -46.705442274237569, -23.733674012270161 ], [ -46.70542470765222, -23.733645705325923 ], [ -46.706185289220791, -23.733407716552581 ], [ -46.706182588719059, -23.733464747811524 ], [ -46.706187948868426, -23.733611947004469 ], [ -46.706204948867033, -23.733728932087594 ], [ -46.706224161105013, -23.734015323217271 ], [ -46.706266798755919, -23.734119357106014 ], [ -46.706309647805135, -23.734321016121097 ], [ -46.706349264817099, -23.734376543786574 ], [ -46.706426139047586, -23.734336111184309 ], [ -46.706512801770955, -23.734434193206184 ], [ -46.706650708227706, -23.734542635528321 ], [ -46.706653502062281, -23.734624942547089 ], [ -46.70684073047974, -23.73476715370164 ], [ -46.70696103887029, -23.734862226407426 ], [ -46.707081005603861, -23.734960656905717 ], [ -46.707169619686375, -23.735029347940067 ], [ -46.707394633136317, -23.734741844678943 ], [ -46.707455466961378, -23.734790260675261 ], [ -46.707521644651138, -23.734852865215672 ], [ -46.707596912593786, -23.73495337393463 ], [ -46.707656499883377, -23.735038223320618 ], [ -46.70771076400316, -23.735110463287096 ], [ -46.707763182920196, -23.735173219713399 ], [ -46.70782616588675, -23.735254861704327 ], [ -46.707876910765442, -23.7353208008759 ], [ -46.70794981808276, -23.735372253063563 ], [ -46.708028013328665, -23.735433139679753 ], [ -46.708119823245823, -23.735482792511714 ], [ -46.708228811594317, -23.735524496042558 ], [ -46.708356072641017, -23.735569734178458 ], [ -46.708462805002597, -23.735630041024596 ], [ -46.708569697393521, -23.73570306925415 ], [ -46.708611783921029, -23.735751367283299 ], [ -46.70863747401242, -23.735778648480029 ], [ -46.708585119900924, -23.735825871675786 ], [ -46.708452773774034, -23.735920623475106 ], [ -46.708371841808017, -23.73589607698511 ], [ -46.708309696394238, -23.735898882488527 ], [ -46.708169383326158, -23.736089135340812 ], [ -46.707969930562449, -23.735983208303704 ], [ -46.707851796895248, -23.735931507408786 ], [ -46.707638531686172, -23.735825732523288 ], [ -46.707564774689487, -23.735786611088333 ], [ -46.707388618061557, -23.735731549992781 ], [ -46.707203772189139, -23.735670256044759 ], [ -46.70710513011106, -23.735623842406138 ], [ -46.707001158975309, -23.735564824856056 ], [ -46.706965287012771, -23.73553504929161 ], [ -46.706865814352007, -23.735474477626735 ], [ -46.706823461162202, -23.735524033208101 ], [ -46.706774251876567, -23.735573980787283 ], [ -46.706637119250502, -23.735476939076953 ], [ -46.706691874353247, -23.735427081931046 ], [ -46.706219527211509, -23.735080405764087 ], [ -46.706167225621222, -23.73491953236833 ], [ -46.70609445103706, -23.734949054276598 ], [ -46.705939195272478, -23.73498276572413 ], [ -46.705909733758126, -23.734672600123655 ], [ -46.705886487245408, -23.734486296569152 ], [ -46.705819301740966, -23.734493231306221 ], [ -46.70580080731542, -23.734393680083855 ], [ -46.705537416510253, -23.734420082592628 ], [ -46.705525587744624, -23.73452497282792 ], [ -46.705527360271986, -23.734661128320184 ], [ -46.705575701625676, -23.734939273664917 ] ] ] ] } },
{ "type": "Feature", "properties": { "id": "habi_nucleo2geosampa.61", "gid": 61, "uuid_id": "bcfe9518-a9b5-4c33-b311-99ec82ea4358", "nome": "COSTA DO MARFIM", "nome_secundario": null, "localizacao": "RUA COSTA DO MARFIM", "tot_domicilio": 15, "areageo_m2": 447.27, "anoimplant": 1970, "propriedade_area": "Pública" }, "geometry": { "type": "MultiPolygon", "coordinates": [ [ [ [ -46.774468084062704, -23.685364684365393 ], [ -46.774276801170473, -23.685305641602582 ], [ -46.774317340929358, -23.685180225235783 ], [ -46.774338686349743, -23.685098058393443 ], [ -46.774353521942693, -23.685064788341109 ], [ -46.774366831951035, -23.685053050552028 ], [ -46.774389251366358, -23.685049484232142 ], [ -46.77441718274541, -23.685054956060725 ], [ -46.774434413628754, -23.685067171352468 ], [ -46.774444574958693, -23.685087742157592 ], [ -46.774447521396539, -23.685105913096912 ], [ -46.77445155331236, -23.685138966919368 ], [ -46.77445395017584, -23.68518279721464 ], [ -46.774456256818901, -23.685220835229835 ], [ -46.774457756742372, -23.685265503322281 ], [ -46.774462953942148, -23.685317576013688 ], [ -46.774468084062704, -23.685364684365393 ] ] ] ] } },
{ "type": "Feature", "properties": { "id": "habi_nucleo2geosampa.80", "gid": 80, "uuid_id": "25cfe32c-276b-499e-962e-baccf7da656b", "nome": "JOÃO PEDROSO", "nome_secundario": null, "localizacao": "R. JOSÉ INÁCIO DA SILVA", "tot_domicilio": 9, "areageo_m2": 1993.29, "anoimplant": 0, "propriedade_area": "Pública" }, "geometry": { "type": "MultiPolygon", "coordinates": [ [ [ [ -46.703647708493193, -23.724861254603432 ], [ -46.703652271070425, -23.724928051644696 ], [ -46.703663460529761, -23.724996465502752 ], [ -46.703685370326916, -23.725147760096416 ], [ -46.70375259903949, -23.7252356286393 ], [ -46.703720780761508, -23.725279398760826 ], [ -46.703687101826588, -23.725309839234392 ], [ -46.703590498539612, -23.72522436973923 ], [ -46.703522541940281, -23.725129953185405 ], [ -46.703344729694749, -23.724961712563104 ], [ -46.703134466771317, -23.724635883217246 ], [ -46.703636971461201, -23.724703672079315 ], [ -46.703647708493193, -23.724861254603432 ] ] ] ] } },
{ "type": "Feature", "properties": { "id": "habi_nucleo2geosampa.62", "gid": 62, "uuid_id": "34860871-8196-4b4d-b56d-7fe271c767e8", "nome": "JARDIM SÃO RAFAEL", "nome_secundario": null, "localizacao": "R ANTONIO FRACAROLLI 17", "tot_domicilio": 39, "areageo_m2": 4376.57, "anoimplant": 1984, "propriedade_area": "Pública/Particular" }, "geometry": { "type": "MultiPolygon", "coordinates": [ [ [ [ -46.718761042837983, -23.758663382863503 ], [ -46.71872705931208, -23.758723103641753 ], [ -46.718265904213425, -23.758558878133517 ], [ -46.717246628924848, -23.758290060996718 ], [ -46.717059542319326, -23.758230209568527 ], [ -46.71693679158578, -23.758111230502262 ], [ -46.716621827940727, -23.757837299952541 ], [ -46.716556769748578, -23.757774285091134 ], [ -46.716182823777977, -23.757417055409483 ], [ -46.716253178481637, -23.757364671554221 ], [ -46.716315789725016, -23.757305330448322 ], [ -46.716700812698299, -23.757761123564858 ], [ -46.716993081377758, -23.757959109170351 ], [ -46.717132540283217, -23.758041609476965 ], [ -46.717251964567978, -23.758079725054241 ], [ -46.717300507180887, -23.758093857637331 ], [ -46.717363792381278, -23.758124982964819 ], [ -46.717382282937891, -23.758151639895232 ], [ -46.717411049664342, -23.758187111721128 ], [ -46.717459552262262, -23.758229008866532 ], [ -46.717527831525821, -23.758272310194691 ], [ -46.717581771623962, -23.758283534392394 ], [ -46.717643302945383, -23.758305058427787 ], [ -46.717732283139391, -23.758329255758721 ], [ -46.717818288877481, -23.758348971420901 ], [ -46.71789903206583, -23.758361166145175 ], [ -46.717960200972009, -23.758370237477298 ], [ -46.71805112164683, -23.758365344199994 ], [ -46.718106987928955, -23.758371540725534 ], [ -46.718175895595792, -23.758377230975988 ], [ -46.718371902812699, -23.758432288240456 ], [ -46.718761042837983, -23.758663382863503 ] ] ] ] } },
{ "type": "Feature", "properties": { "id": "habi_nucleo2geosampa.63", "gid": 63, "uuid_id": "30d778c9-d8c9-3f80-9b26-7d412f09366e", "nome": "MELHORAMENTOS DO BRÁS", "nome_secundario": null, "localizacao": "RUA INHAPIM", "tot_domicilio": 40, "areageo_m2": 6185.99, "anoimplant": 1957, "propriedade_area": "Pública" }, "geometry": { "type": "MultiPolygon", "coordinates": [ [ [ [ -46.534371986705352, -23.570068554918066 ], [ -46.534739566154727, -23.570471113303597 ], [ -46.534540918380351, -23.570664222131281 ], [ -46.534375015367104, -23.570886874192585 ], [ -46.534285688087017, -23.57100722313589 ], [ -46.533815031005261, -23.571214963004529 ], [ -46.533704043894289, -23.571144378136985 ], [ -46.533677362059983, -23.571078934577251 ], [ -46.533773794034552, -23.571012276012539 ], [ -46.533901791648617, -23.570873625612855 ], [ -46.533996974380749, -23.570699458910632 ], [ -46.534046036060033, -23.570460040544187 ], [ -46.533985151984922, -23.570239627469235 ], [ -46.534371986705352, -23.570068554918066 ] ] ] ] } },
{ "type": "Feature", "properties": { "id": "habi_nucleo2geosampa.64", "gid": 64, "uuid_id": "9b6bd84e-6b2c-331c-8c35-f38b11abcd03", "nome": "CAETANO FIORESE", "nome_secundario": null, "localizacao": "RUA CAETANO FIORESE", "tot_domicilio": 18, "areageo_m2": 1095.88, "anoimplant": 1981, "propriedade_area": "Pública" }, "geometry": { "type": "MultiPolygon", "coordinates": [ [ [ [ -46.526081504527184, -23.607514138302921 ], [ -46.526133304888212, -23.607621149162487 ], [ -46.525982758104121, -23.607719397346699 ], [ -46.5256780238239, -23.607937433117222 ], [ -46.525634582192218, -23.607880516014735 ], [ -46.526081504527184, -23.607514138302921 ] ] ], [ [ [ -46.525124232191779, -23.608143579585217 ], [ -46.525476879027721, -23.608032594146785 ], [ -46.52535769139557, -23.608152037601275 ], [ -46.525161803344545, -23.608365418760741 ], [ -46.525081620001188, -23.608158334282304 ], [ -46.525124232191779, -23.608143579585217 ] ] ] ] } },
{ "type": "Feature", "properties": { "id": "habi_nucleo2geosampa.65", "gid": 65, "uuid_id": "856a9dd3-4a49-4322-9221-e591204b7ce4", "nome": "GUAQUI", "nome_secundario": null, "localizacao": "RUA GUAQUI", "tot_domicilio": 12, "areageo_m2": 656.51, "anoimplant": 1994, "propriedade_area": "Particular" }, "geometry": { "type": "MultiPolygon", "coordinates": [ [ [ [ -46.7755259510798, -23.651801143556142 ], [ -46.775436153473578, -23.651805551695031 ], [ -46.775385776894367, -23.651580396448239 ], [ -46.775484254749642, -23.651571847530075 ], [ -46.775583273487428, -23.651565309220842 ], [ -46.775628042587414, -23.651558280735781 ], [ -46.775673491741763, -23.651809590540964 ], [ -46.775529683546225, -23.651821669048953 ], [ -46.7755259510798, -23.651801143556142 ] ] ] ] } },
{ "type": "Feature", "properties": { "id": "habi_nucleo2geosampa.66", "gid": 66, "uuid_id": "98cb77de-ecee-480e-a9d1-c2faf46adfde", "nome": "MARANEY", "nome_secundario": "JARDIM DOS PRADOS II", "localizacao": "RUA MARANEY", "tot_domicilio": 5, "areageo_m2": 296.8, "anoimplant": 1986, "propriedade_area": "Pública" }, "geometry": { "type": "MultiPolygon", "coordinates": [ [ [ [ -46.680030096234788, -23.674425526461331 ], [ -46.680007841973129, -23.67439074438197 ], [ -46.680101056860309, -23.67429446182755 ], [ -46.680228107196804, -23.674382141567186 ], [ -46.68008805439122, -23.674535488758796 ], [ -46.680030096234788, -23.674425526461331 ] ] ] ] } },
{ "type": "Feature", "properties": { "id": "habi_nucleo2geosampa.67", "gid": 67, "uuid_id": "8a42a3b2-b713-42c9-9aba-3da1efec7639", "nome": "XAMBORES I E II (FASE 1)", "nome_secundario": null, "localizacao": "R PIRARUCUS 96", "tot_domicilio": 230, "areageo_m2": 85666.45, "anoimplant": 1984, "propriedade_area": "Pública" }, "geometry": { "type": "MultiPolygon", "coordinates": [ [ [ [ -46.776446852150265, -23.709929548951969 ], [ -46.775491928872029, -23.70913477416936 ], [ -46.775686349978784, -23.709037126070491 ], [ -46.776077132898592, -23.708989063745943 ], [ -46.776565943661687, -23.709041761222664 ], [ -46.777173150074688, -23.70914727521286 ], [ -46.777323664561393, -23.709209158146493 ], [ -46.777625292438728, -23.709375320095031 ], [ -46.777847758911413, -23.709648409311729 ], [ -46.778049064416734, -23.710059566897389 ], [ -46.778438744845701, -23.710776008809507 ], [ -46.778313833399515, -23.710904665964609 ], [ -46.778023422106699, -23.711565316014404 ], [ -46.777892460937181, -23.712096909139998 ], [ -46.777694574595117, -23.712788299873186 ], [ -46.77741422922908, -23.713342815158786 ], [ -46.777042478494735, -23.713807679111472 ], [ -46.776421701897277, -23.714165797923759 ], [ -46.775559721276458, -23.714093258679174 ], [ -46.775006926359161, -23.713620326895857 ], [ -46.775029481703449, -23.713190806635232 ], [ -46.774241459774032, -23.712400819808224 ], [ -46.774580815826212, -23.712055642766217 ], [ -46.774833295858926, -23.712365277703462 ], [ -46.775814117937109, -23.713371794406704 ], [ -46.776001342253863, -23.713592282869943 ], [ -46.7761632392439, -23.713643431702046 ], [ -46.776308677380648, -23.713566380491798 ], [ -46.77657214734505, -23.713276521049 ], [ -46.776922763860846, -23.712904393070584 ], [ -46.777013179945271, -23.712637103121892 ], [ -46.777000234312638, -23.712531233672678 ], [ -46.776872016496092, -23.71241608680134 ], [ -46.776616730301328, -23.712270591843307 ], [ -46.776464908273297, -23.712113309516702 ], [ -46.776028729189512, -23.712213734578832 ], [ -46.775992323316814, -23.71207632970437 ], [ -46.775567222588244, -23.712144818887065 ], [ -46.775504211041373, -23.711742675038217 ], [ -46.775498518842348, -23.711322215411844 ], [ -46.776118124326096, -23.711163130378047 ], [ -46.77621813013215, -23.711084826980567 ], [ -46.776289086853232, -23.711033946120132 ], [ -46.77641486195575, -23.710968889855693 ], [ -46.776577042972264, -23.711041240991051 ], [ -46.776692601161372, -23.711071718493947 ], [ -46.777300886271313, -23.710926908384412 ], [ -46.777598052503549, -23.7107644681426 ], [ -46.777904871008609, -23.710464090901322 ], [ -46.7777504635499, -23.710116006238504 ], [ -46.777621098330343, -23.709916060716576 ], [ -46.777503829064564, -23.70975837950915 ], [ -46.77728192565565, -23.709527689480826 ], [ -46.777108380865236, -23.709466073831216 ], [ -46.776914690287228, -23.709616723032507 ], [ -46.776446852150265, -23.709929548951969 ] ] ] ] } },
{ "type": "Feature", "properties": { "id": "habi_nucleo2geosampa.68", "gid": 68, "uuid_id": "a63d4dd9-57c0-4c0c-98ac-c2c22d9cddc2", "nome": "SANTA LUZIA", "nome_secundario": null, "localizacao": "R ITAPORA", "tot_domicilio": 160, "areageo_m2": 25093.06, "anoimplant": 1973, "propriedade_area": "Particular" }, "geometry": { "type": "MultiPolygon", "coordinates": [ [ [ [ -46.435601625482313, -23.485195005061779 ], [ -46.435232372575008, -23.485888982096469 ], [ -46.435149060210918, -23.48646463056242 ], [ -46.434816328365777, -23.4864584260086 ], [ -46.434945681891357, -23.485133177181197 ], [ -46.435601625482313, -23.485195005061779 ] ] ], [ [ [ -46.435147345166584, -23.486540685226462 ], [ -46.43503744050728, -23.487507488298483 ], [ -46.434705318937056, -23.487496209734172 ], [ -46.434800643724053, -23.486531255310446 ], [ -46.435147345166584, -23.486540685226462 ] ] ], [ [ [ -46.435031331446659, -23.487599404147243 ], [ -46.435045977415164, -23.488171642544902 ], [ -46.43515071022123, -23.488560489430405 ], [ -46.434596460238119, -23.48852135116601 ], [ -46.434686779118806, -23.48755536665039 ], [ -46.435031331446659, -23.487599404147243 ] ] ], [ [ [ -46.435205185091647, -23.488652945613662 ], [ -46.435822996672677, -23.489645302156621 ], [ -46.434496012101661, -23.489543907182796 ], [ -46.434608326750038, -23.48860344736002 ], [ -46.435205185091647, -23.488652945613662 ] ] ] ] } },
{ "type": "Feature", "properties": { "id": "habi_nucleo2geosampa.69", "gid": 69, "uuid_id": "2f978a78-71d9-36a0-9c8f-60ffff185892", "nome": "PAULINO BAPTISTA CONTI", "nome_secundario": null, "localizacao": "RUA PAULINO BAPTISTA CONTI", "tot_domicilio": 2, "areageo_m2": 223.54, "anoimplant": 1981, "propriedade_area": "Pública" }, "geometry": { "type": "MultiPolygon", "coordinates": [ [ [ [ -46.765079341364689, -23.575860758606947 ], [ -46.764934910999671, -23.575914960606852 ], [ -46.764996557976971, -23.576027983835846 ], [ -46.765137993434635, -23.575982416735751 ], [ -46.765079341364689, -23.575860758606947 ] ] ] ] } },
{ "type": "Feature", "properties": { "id": "habi_nucleo2geosampa.70", "gid": 70, "uuid_id": "7fe4da3b-03df-41ed-9022-04932ae0ba82", "nome": "BRASÍLIA GOTTZ FRITTZ", "nome_secundario": null, "localizacao": "R BRASILIA ROSCHEL GOTTZFRITZ 370", "tot_domicilio": 37, "areageo_m2": 2939.39, "anoimplant": 1972, "propriedade_area": "Pública" }, "geometry": { "type": "MultiPolygon", "coordinates": [ [ [ [ -46.693422768602467, -23.720512711166815 ], [ -46.693425984500116, -23.72076166947803 ], [ -46.692988209918028, -23.720768438015703 ], [ -46.692606109180907, -23.720764715067148 ], [ -46.692585801258723, -23.720521873390933 ], [ -46.692583505365079, -23.720344047122659 ], [ -46.692593856260807, -23.720314291023968 ], [ -46.692613095365637, -23.720308153553681 ], [ -46.692647531606653, -23.720315679218118 ], [ -46.692779592017992, -23.720403162263253 ], [ -46.692883315132633, -23.720457358534091 ], [ -46.693006124309974, -23.720493559560779 ], [ -46.693203661858043, -23.720499302303427 ], [ -46.693422768602467, -23.720512711166815 ] ] ] ] } },
{ "type": "Feature", "properties": { "id": "habi_nucleo2geosampa.71", "gid": 71, "uuid_id": "719b8449-7b73-4eea-a023-2471bb865bde", "nome": "SÃO BENEDITO", "nome_secundario": null, "localizacao": "R RICARDO RAPP", "tot_domicilio": 22, "areageo_m2": 2414.51, "anoimplant": 1979, "propriedade_area": "Pública" }, "geometry": { "type": "MultiPolygon", "coordinates": [ [ [ [ -46.751893766985013, -23.684664404754468 ], [ -46.751445597662268, -23.684750154030333 ], [ -46.751355268934176, -23.684727578470095 ], [ -46.751234650593936, -23.684640346427848 ], [ -46.751160800401834, -23.684542862718665 ], [ -46.751124805742684, -23.68450283196038 ], [ -46.751165089927881, -23.684447852008194 ], [ -46.751285018458489, -23.68442196573627 ], [ -46.751467719583623, -23.684402301670172 ], [ -46.751636591680906, -23.684400401934205 ], [ -46.751641116330049, -23.684422279770445 ], [ -46.751720850473099, -23.684449367112911 ], [ -46.751796752574052, -23.684475843117102 ], [ -46.751943447989909, -23.684526807641252 ], [ -46.752056845585038, -23.684560644273084 ], [ -46.752086602259041, -23.684597909815146 ], [ -46.752025945299167, -23.684637920048758 ], [ -46.751893766985013, -23.684664404754468 ] ] ] ] } },
{ "type": "Feature", "properties": { "id": "habi_nucleo2geosampa.72", "gid": 72, "uuid_id": "f879fa1b-78bb-33bc-b784-7d8af609d6a9", "nome": "MATIAS MARANHÃO", "nome_secundario": null, "localizacao": "RUA MATIAS MARANHÃO / RUA DIOGO PEREIRA LIMA", "tot_domicilio": 30, "areageo_m2": 2645.25, "anoimplant": 1983, "propriedade_area": "Pública" }, "geometry": { "type": "MultiPolygon", "coordinates": [ [ [ [ -46.384811337515004, -23.507609646408028 ], [ -46.384446176786831, -23.50732902423125 ], [ -46.384101314747078, -23.507651800408066 ], [ -46.384406450237137, -23.507990304217628 ], [ -46.384811337515004, -23.507609646408028 ] ] ] ] } },
{ "type": "Feature", "properties": { "id": "habi_nucleo2geosampa.73", "gid": 73, "uuid_id": "c275f2d6-721d-4538-bbdf-c1f949aa2c71", "nome": "FRANCISCO XAVIER DE SALES", "nome_secundario": "CHACARA SANTANA III", "localizacao": "RUA MIGUEL CORREIA DE SALES", "tot_domicilio": 22, "areageo_m2": 868.32, "anoimplant": 1981, "propriedade_area": "Pública" }, "geometry": { "type": "MultiPolygon", "coordinates": [ [ [ [ -46.74735624314097, -23.670203861247284 ], [ -46.747506650889221, -23.670377128473504 ], [ -46.74691514350873, -23.670567660138396 ], [ -46.746903344549253, -23.670527759570465 ], [ -46.747356223432284, -23.6702023790738 ], [ -46.74735624314097, -23.670203861247284 ] ] ] ] } },
{ "type": "Feature", "properties": { "id": "habi_nucleo2geosampa.74", "gid": 74, "uuid_id": "32d6b75c-acef-4ccf-ba00-ec3032b0440e", "nome": "SARAPATEL", "nome_secundario": null, "localizacao": "RUA OSCAR EGYDIO DE ARAUJO E RUA MANUEL BARBALHO DE LIMA", "tot_domicilio": 32, "areageo_m2": 4105.83, "anoimplant": 1990, "propriedade_area": "Pública" }, "geometry": { "type": "MultiPolygon", "coordinates": [ [ [ [ -46.407132705400855, -23.495608881567822 ], [ -46.407142388768207, -23.495967908737377 ], [ -46.406327972831292, -23.496148419177906 ], [ -46.406193376310185, -23.495701893081211 ], [ -46.407132705400855, -23.495608881567822 ] ] ] ] } },
{ "type": "Feature", "properties": { "id": "habi_nucleo2geosampa.75", "gid": 75, "uuid_id": "81b83ba2-891b-498b-9cde-14b51a3d6dc0", "nome": "ARVORE DO VIAJANTE", "nome_secundario": null, "localizacao": "RUA ÁRVORE DO VIAJANTE E AVENIDA ESTRELA DA NOITE", "tot_domicilio": 137, "areageo_m2": 8738.25, "anoimplant": 1982, "propriedade_area": "Pública" }, "geometry": { "type": "MultiPolygon", "coordinates": [ [ [ [ -46.412064507875407, -23.491148882323301 ], [ -46.412074107665831, -23.492183863757273 ], [ -46.411900231498208, -23.492190218353002 ], [ -46.411897509524252, -23.491150395627479 ], [ -46.412064507875407, -23.491148882323301 ] ] ], [ [ [ -46.412077380015283, -23.492247844295814 ], [ -46.412095162379885, -23.493321278142858 ], [ -46.411927024002402, -23.49332758082344 ], [ -46.411900887844162, -23.49225183315043 ], [ -46.412077380015283, -23.492247844295814 ] ] ], [ [ [ -46.411434349260098, -23.491169201934415 ], [ -46.411497448821301, -23.493362809428142 ], [ -46.411324207240952, -23.493374232072902 ], [ -46.411234050015615, -23.491181647960854 ], [ -46.411434349260098, -23.491169201934415 ] ] ] ] } },
{ "type": "Feature", "properties": { "id": "habi_nucleo2geosampa.76", "gid": 76, "uuid_id": "52e761cc-2cb1-4d96-aad5-ba8fd3dbb104", "nome": "PARQUE ALIANÇA II", "nome_secundario": null, "localizacao": "RUA OS CATAVENTOS", "tot_domicilio": 8, "areageo_m2": 387.89, "anoimplant": 0, "propriedade_area": "Particular" }, "geometry": { "type": "MultiPolygon", "coordinates": [ [ [ [ -46.787887980606563, -23.657729760583631 ], [ -46.7879234773091, -23.65780607962882 ], [ -46.787823547428417, -23.657849564550474 ], [ -46.787688266594692, -23.657618295247609 ], [ -46.787773704826165, -23.657564393924236 ], [ -46.787869410986318, -23.657632080244749 ], [ -46.787887980606563, -23.657729760583631 ] ] ] ] } },
{ "type": "Feature", "properties": { "id": "habi_nucleo2geosampa.77", "gid": 77, "uuid_id": "21d5ff15-7a56-40d8-86fc-101ada0987a6", "nome": "JARDIM BRITÂNIA", "nome_secundario": "ELISA DINA", "localizacao": "RUA DIEGO VELASQUEZ / RUA ELISA DINA / RUA ERNESTINA LONES", "tot_domicilio": 77, "areageo_m2": 4388.96, "anoimplant": 1967, "propriedade_area": "Pública" }, "geometry": { "type": "MultiPolygon", "coordinates": [ [ [ [ -46.788748227120792, -23.435237752612469 ], [ -46.788712256114323, -23.435199972919943 ], [ -46.789071849076137, -23.434467695508907 ], [ -46.789104238232923, -23.434459157567876 ], [ -46.789777902392913, -23.43444324564469 ], [ -46.789881265355298, -23.434436601250237 ], [ -46.789935595115807, -23.434520528739313 ], [ -46.789205421561689, -23.434948879527088 ], [ -46.788900503130833, -23.43513237190351 ], [ -46.788748227120792, -23.435237752612469 ] ] ] ] } },
{ "type": "Feature", "properties": { "id": "habi_nucleo2geosampa.78", "gid": 78, "uuid_id": "17fb0f26-36f1-4031-af22-2cae87b0a361", "nome": "CARLOS CALVO II", "nome_secundario": null, "localizacao": "RUA DA CAVALGADA ESQUINA COM RUA CARLOS CALVO", "tot_domicilio": 1, "areageo_m2": 113.16, "anoimplant": 2006, "propriedade_area": "Pública" }, "geometry": { "type": "MultiPolygon", "coordinates": [ [ [ [ -46.568126054877062, -23.487462775695164 ], [ -46.568157348569841, -23.487525855408879 ], [ -46.568035922778535, -23.487590471949787 ], [ -46.567997034804797, -23.487530990551129 ], [ -46.568126054877062, -23.487462775695164 ] ] ] ] } },
{ "type": "Feature", "properties": { "id": "habi_nucleo2geosampa.79", "gid": 79, "uuid_id": "620fdf42-db5c-4b6b-96c1-cdef584f152d", "nome": "SANTA TEREZA I", "nome_secundario": null, "localizacao": "EST DA RIVIERA", "tot_domicilio": 101, "areageo_m2": 7680.36, "anoimplant": 1972, "propriedade_area": "Pública" }, "geometry": { "type": "MultiPolygon", "coordinates": [ [ [ [ -46.748973433979643, -23.684409607528558 ], [ -46.748967710227326, -23.684418787369371 ], [ -46.749119489191763, -23.684588653562933 ], [ -46.749089486360774, -23.684607941670755 ], [ -46.748707675244951, -23.684202069212589 ], [ -46.748734045528074, -23.684182822550152 ], [ -46.748901961584117, -23.684340318567422 ], [ -46.749009800214907, -23.684079627427185 ], [ -46.749144043981985, -23.683671346590842 ], [ -46.749318455050144, -23.683161790263849 ], [ -46.749406308383293, -23.682955677233057 ], [ -46.749998984889551, -23.683522621575701 ], [ -46.749998016383699, -23.683591191677081 ], [ -46.749932098511557, -23.683664017464515 ], [ -46.749735249329419, -23.683806476940653 ], [ -46.749898839833847, -23.683990599007501 ], [ -46.749857840480843, -23.684022351844575 ], [ -46.749688574130879, -23.683826435039975 ], [ -46.749173956582915, -23.684216837583094 ], [ -46.748973433979643, -23.684409607528558 ] ] ] ] } },
{ "type": "Feature", "properties": { "id": "habi_nucleo2geosampa.317", "gid": 317, "uuid_id": "3e11cb56-1c4b-4ea5-9b40-8deabc0d8a1e", "nome": "DEPÓSITO", "nome_secundario": null, "localizacao": "RUA DA BALSA, 969", "tot_domicilio": 5, "areageo_m2": 584.96, "anoimplant": 1990, "propriedade_area": "Pública" }, "geometry": { "type": "MultiPolygon", "coordinates": [ [ [ [ -46.703850073780984, -23.506269161269987 ], [ -46.703292374239446, -23.506326015415983 ], [ -46.703284699682776, -23.506148659039098 ], [ -46.703481085155211, -23.506183295540389 ], [ -46.703850073780984, -23.506269161269987 ] ] ] ] } },
{ "type": "Feature", "properties": { "id": "habi_nucleo2geosampa.81", "gid": 81, "uuid_id": "4bd21c2e-28ef-49b4-ac72-5630b3d5a8e4", "nome": "JARACATIA I", "nome_secundario": "JARDIM UMARIZAL", "localizacao": "RUA JARACATIA", "tot_domicilio": 3, "areageo_m2": 505.62, "anoimplant": 1983, "propriedade_area": "Pública" }, "geometry": { "type": "MultiPolygon", "coordinates": [ [ [ [ -46.755282995909113, -23.618255938246147 ], [ -46.755347057957977, -23.618134156089241 ], [ -46.75539542252104, -23.61807880446236 ], [ -46.755462991619737, -23.618026032001993 ], [ -46.755517270651524, -23.617987744756697 ], [ -46.755620181856941, -23.61805475435018 ], [ -46.755541436366371, -23.618137459916166 ], [ -46.755369189404981, -23.618294436953168 ], [ -46.755282995909113, -23.618255938246147 ] ] ] ] } },
{ "type": "Feature", "properties": { "id": "habi_nucleo2geosampa.82", "gid": 82, "uuid_id": "46a77552-f1b0-41c8-8600-73bb4d904bd7", "nome": "VILA MASCOTE", "nome_secundario": null, "localizacao": "R.ITACURUÇA", "tot_domicilio": 8, "areageo_m2": 538.73, "anoimplant": 1975, "propriedade_area": "Particular" }, "geometry": { "type": "MultiPolygon", "coordinates": [ [ [ [ -46.665040718364544, -23.649927372816482 ], [ -46.665208738988653, -23.650156493224387 ], [ -46.665147570014405, -23.650186188328345 ], [ -46.664969870787829, -23.650141082744376 ], [ -46.664822120286793, -23.650090124510534 ], [ -46.665040718364544, -23.649927372816482 ] ] ] ] } },
{ "type": "Feature", "properties": { "id": "habi_nucleo2geosampa.83", "gid": 83, "uuid_id": "1bdd4c59-1be6-4b02-85cc-dd1714e41caa", "nome": "BALAPAPESP II", "nome_secundario": "BISPO ISAIAS SUCASAS", "localizacao": "RUA BISPO ISAIAS FERNANDES SUCASAS", "tot_domicilio": 10, "areageo_m2": 1293.09, "anoimplant": 1986, "propriedade_area": "Pública" }, "geometry": { "type": "MultiPolygon", "coordinates": [ [ [ [ -46.484554385998862, -23.490824296946869 ], [ -46.484524459777035, -23.490902856425134 ], [ -46.48456728523945, -23.490920558848362 ], [ -46.484347965372152, -23.491403346812994 ], [ -46.484267489657768, -23.491441382161334 ], [ -46.484244566220099, -23.490910473384535 ], [ -46.484554385998862, -23.490824296946869 ] ] ] ] } },
{ "type": "Feature", "properties": { "id": "habi_nucleo2geosampa.84", "gid": 84, "uuid_id": "fd5466e9-8e2d-3369-a366-19cd602a5037", "nome": "ASSIS RIBEIRO 4064", "nome_secundario": null, "localizacao": "AVENIDA ASSIS RIBEIRO, 464", "tot_domicilio": 2, "areageo_m2": 120.96, "anoimplant": 1975, "propriedade_area": "Pública" }, "geometry": { "type": "MultiPolygon", "coordinates": [ [ [ [ -46.515671076875563, -23.497132225045153 ], [ -46.51567937950341, -23.497223896296454 ], [ -46.515583047710933, -23.497227700780339 ], [ -46.515568123663328, -23.497100731176236 ], [ -46.515626368209475, -23.497119279524078 ], [ -46.515671076875563, -23.497132225045153 ] ] ] ] } },
{ "type": "Feature", "properties": { "id": "habi_nucleo2geosampa.85", "gid": 85, "uuid_id": "da19aa4a-f4fe-4c60-9978-cfff54c01710", "nome": "PARQUE NOVO SANTO AMARO V / LUZ SORIANO", "nome_secundario": "LUZ SORIANO", "localizacao": "RUA COELHO LOUSADA", "tot_domicilio": 389, "areageo_m2": 53917.64, "anoimplant": 1980, "propriedade_area": "Pública" }, "geometry": { "type": "MultiPolygon", "coordinates": [ [ [ [ -46.785702882676468, -23.69757892543355 ], [ -46.785704924525447, -23.697728985137122 ], [ -46.785639025854422, -23.697818030086921 ], [ -46.785534779237182, -23.69790751743826 ], [ -46.785391475974627, -23.697944484815427 ], [ -46.785208383794156, -23.697875968687121 ], [ -46.785024103110544, -23.69771918278725 ], [ -46.784624486653072, -23.697238227290875 ], [ -46.784477331093001, -23.696992727911081 ], [ -46.784474352851639, -23.696773692045966 ], [ -46.784460627234338, -23.695900455034856 ], [ -46.784396168092655, -23.695711224953545 ], [ -46.784268529561736, -23.695427735854235 ], [ -46.78410003994567, -23.695173213445905 ], [ -46.783652775784823, -23.694800779745481 ], [ -46.783788041067758, -23.694560758560947 ], [ -46.783877705215367, -23.694291447567775 ], [ -46.783865782923378, -23.694279537520636 ], [ -46.783902379789318, -23.694284541347212 ], [ -46.784085590211951, -23.694233262053555 ], [ -46.784138413002708, -23.694158267711181 ], [ -46.784184098715969, -23.694052359944042 ], [ -46.784169548082644, -23.693971943067723 ], [ -46.784128147, -23.693898034810942 ], [ -46.783487409830755, -23.692814423485817 ], [ -46.783620831662951, -23.692726102348072 ], [ -46.783782523415873, -23.692736637361211 ], [ -46.783924958762398, -23.692815580497051 ], [ -46.78404190370302, -23.693000197077296 ], [ -46.784172388601462, -23.693190857983787 ], [ -46.784328617020265, -23.693294436866619 ], [ -46.785483549748264, -23.693578661920661 ], [ -46.785272900835523, -23.693928226517549 ], [ -46.785094677841563, -23.694447557326914 ], [ -46.785084974708994, -23.694463494497288 ], [ -46.784882781533838, -23.694869033955882 ], [ -46.784809226212865, -23.695142685569909 ], [ -46.784783286798088, -23.695355309404437 ], [ -46.78487083767083, -23.695724748070969 ], [ -46.785051979323896, -23.69615010045332 ], [ -46.78523298108442, -23.696565954597286 ], [ -46.785227958117723, -23.696567330063971 ], [ -46.785484433967831, -23.697025254950898 ], [ -46.785651227708186, -23.697305839439935 ], [ -46.785681793049783, -23.697437913678538 ], [ -46.785702882676468, -23.69757892543355 ] ] ], [ [ [ -46.786454184299018, -23.69811029146824 ], [ -46.786582958115403, -23.69832648558307 ], [ -46.786019148652016, -23.698641959043336 ], [ -46.785568956149241, -23.698060820487061 ], [ -46.785568239694285, -23.698008163689547 ], [ -46.785624370143076, -23.697930274612986 ], [ -46.785826076124756, -23.697903370840809 ], [ -46.786162315660746, -23.697955666523566 ], [ -46.786454184299018, -23.69811029146824 ] ] ] ] } },
{ "type": "Feature", "properties": { "id": "habi_nucleo2geosampa.86", "gid": 86, "uuid_id": "749592f6-def3-44ae-b00a-a0a2c4fe4410", "nome": "JARDIM NOVA TEREZA", "nome_secundario": null, "localizacao": "R. DR. ASSIS RIBEIRO", "tot_domicilio": 298, "areageo_m2": 23697.08, "anoimplant": 1989, "propriedade_area": "Particular" }, "geometry": { "type": "MultiPolygon", "coordinates": [ [ [ [ -46.493324631047223, -23.482976634733017 ], [ -46.493360945317576, -23.484829055685545 ], [ -46.492252857789651, -23.48486756222594 ], [ -46.492262759814501, -23.482978197691128 ], [ -46.492483870766577, -23.482898169161071 ], [ -46.492819810579483, -23.482893501219355 ], [ -46.493191658167987, -23.482925268302349 ], [ -46.493324631047223, -23.482976634733017 ] ] ] ] } },
{ "type": "Feature", "properties": { "id": "habi_nucleo2geosampa.87", "gid": 87, "uuid_id": "9bd32f4d-4f3e-4f38-aaa8-30bc7d519c63", "nome": "NÚCLEO 5B - SÃO FRANCISCO GLOBAL", "nome_secundario": null, "localizacao": "TRAVESSA ALBERTO CALVO / RUA OLÍMPIO DE SOUZA ANDRADE", "tot_domicilio": 639, "areageo_m2": 57560.89, "anoimplant": 1990, "propriedade_area": "Pública" }, "geometry": { "type": "MultiPolygon", "coordinates": [ [ [ [ -46.450288253027871, -23.632150985671753 ], [ -46.450308717062882, -23.632424139188583 ], [ -46.45025867135125, -23.63263363069689 ], [ -46.450073164003371, -23.632916470986533 ], [ -46.449924690417383, -23.633104395545683 ], [ -46.449736101727936, -23.633392094200794 ], [ -46.449536194716003, -23.633589045120431 ], [ -46.449327142988615, -23.63362315664472 ], [ -46.449012497488695, -23.633577862430741 ], [ -46.448924900168571, -23.633546522877108 ], [ -46.448836406247239, -23.633434794133134 ], [ -46.448779623676892, -23.633077458304086 ], [ -46.448729948221434, -23.632912997991475 ], [ -46.448745415872878, -23.632901572974223 ], [ -46.448571060539479, -23.632346516034062 ], [ -46.448289592805232, -23.632088722132266 ], [ -46.447905975964893, -23.631975244476884 ], [ -46.447846201022543, -23.631196945473206 ], [ -46.448236165269464, -23.631164798919084 ], [ -46.448948689411367, -23.630514371493266 ], [ -46.449246459484506, -23.630508784538311 ], [ -46.449570160880434, -23.630502954682616 ], [ -46.450030144172239, -23.630899240704043 ], [ -46.450136432549613, -23.631042960371545 ], [ -46.450190727792652, -23.631219318461874 ], [ -46.450228113260259, -23.631444074226266 ], [ -46.45028637183826, -23.631788753586228 ], [ -46.450288253027871, -23.632150985671753 ] ] ] ] } },
{ "type": "Feature", "properties": { "id": "habi_nucleo2geosampa.88", "gid": 88, "uuid_id": "2a14fc1e-e936-4722-b069-8ee2c6360930", "nome": "PARQUE SANTO AMARO III", "nome_secundario": null, "localizacao": "R ERIK SATIE / R CAPAO REDONDO", "tot_domicilio": 16, "areageo_m2": 1245.95, "anoimplant": 1979, "propriedade_area": "Pública" }, "geometry": { "type": "MultiPolygon", "coordinates": [ [ [ [ -46.755631700296881, -23.679262637812972 ], [ -46.755612937404749, -23.67927028713391 ], [ -46.755465162155808, -23.679310535672538 ], [ -46.755449974401849, -23.679257719101823 ], [ -46.755385557530545, -23.679082946811643 ], [ -46.755556082416675, -23.67901987743015 ], [ -46.755792174653521, -23.678917077781247 ], [ -46.755856482285125, -23.679202248864872 ], [ -46.755631700296881, -23.679262637812972 ] ] ] ] } },
{ "type": "Feature", "properties": { "id": "habi_nucleo2geosampa.89", "gid": 89, "uuid_id": "fd328a2c-6980-42b7-a18c-2508cf129d93", "nome": "RAFAEL ALVES II", "nome_secundario": null, "localizacao": "RUA RAFAEL ALVES, 88", "tot_domicilio": 4, "areageo_m2": 237.47, "anoimplant": 0, "propriedade_area": "Pública" }, "geometry": { "type": "MultiPolygon", "coordinates": [ [ [ [ -46.704665001459432, -23.477995645722128 ], [ -46.704581334267758, -23.478107265146871 ], [ -46.704462057763436, -23.477995839873877 ], [ -46.704532849764405, -23.477900452964338 ], [ -46.704665001459432, -23.477995645722128 ] ] ] ] } },
{ "type": "Feature", "properties": { "id": "habi_nucleo2geosampa.90", "gid": 90, "uuid_id": "4475688c-867b-4041-96e7-1c66970404db", "nome": "CRIMÉIA", "nome_secundario": null, "localizacao": "RUA CRIMÉIA / RUA ANTÔNIA XAVIER DE SOUZA", "tot_domicilio": 31, "areageo_m2": 925.92, "anoimplant": 1967, "propriedade_area": "Pública" }, "geometry": { "type": "MultiPolygon", "coordinates": [ [ [ [ -46.669766698271353, -23.49157936982709 ], [ -46.669779982153244, -23.491525225893533 ], [ -46.669786084615247, -23.491482267379787 ], [ -46.670014566893165, -23.491514404383203 ], [ -46.669984946986808, -23.491650175743683 ], [ -46.669766698271353, -23.49157936982709 ] ] ], [ [ [ -46.668854815578293, -23.491371260601579 ], [ -46.668855272801252, -23.491407572388191 ], [ -46.668657989144123, -23.491375280149349 ], [ -46.668313441387603, -23.491333096173452 ], [ -46.668323104297599, -23.491277561965433 ], [ -46.668343272084748, -23.491233383700134 ], [ -46.668434998204766, -23.491276363781502 ], [ -46.668528628074291, -23.491305943585683 ], [ -46.668680349248277, -23.491340635388212 ], [ -46.668726055981431, -23.491349702877098 ], [ -46.668854815578293, -23.491371260601579 ] ] ], [ [ [ -46.669710559786608, -23.491472236763123 ], [ -46.669696042210319, -23.491553627007892 ], [ -46.66934865140648, -23.491450310899481 ], [ -46.669295511688588, -23.491426987704557 ], [ -46.669254816686198, -23.491404486861896 ], [ -46.669256708270339, -23.491390131064506 ], [ -46.669710559786608, -23.491472236763123 ] ] ] ] } },
{ "type": "Feature", "properties": { "id": "habi_nucleo2geosampa.91", "gid": 91, "uuid_id": "fa3c988d-32f0-3a63-99d1-ba753579c20d", "nome": "PROMORAR RIO CLARO - SÃO FRANCISCO GLOBAL", "nome_secundario": null, "localizacao": "RUA CINIRA POLÔNIO / RUA CARMEM TORTOLA", "tot_domicilio": 1100, "areageo_m2": 185257.17, "anoimplant": 1990, "propriedade_area": "Pública" }, "geometry": { "type": "MultiPolygon", "coordinates": [ [ [ [ -46.455622965392585, -23.619879824391091 ], [ -46.456696767239073, -23.621173184163823 ], [ -46.457778111319442, -23.622475966661316 ], [ -46.457897307125478, -23.622701838049565 ], [ -46.457951943325469, -23.622952209823275 ], [ -46.458364696694396, -23.626269571332191 ], [ -46.457590220712781, -23.626587469556618 ], [ -46.457577784309265, -23.626635374040315 ], [ -46.457160258456227, -23.625814959538207 ], [ -46.457605045292063, -23.625583789871186 ], [ -46.457355932689367, -23.625188895397677 ], [ -46.457318492734935, -23.625174313454831 ], [ -46.456896461768586, -23.625411242036972 ], [ -46.456128095075677, -23.624522437017699 ], [ -46.455793908255757, -23.624788405410044 ], [ -46.455096992088187, -23.623910871234798 ], [ -46.455354048355922, -23.623705362488195 ], [ -46.454959853383343, -23.623234169506766 ], [ -46.45469768499045, -23.622976782219475 ], [ -46.454324274254724, -23.623213247896892 ], [ -46.4542984762587, -23.623225436640716 ], [ -46.454191790396912, -23.623310065098885 ], [ -46.453984724517561, -23.623228377256332 ], [ -46.453680769069855, -23.623061579074882 ], [ -46.453441597073407, -23.622949129271582 ], [ -46.453374274109841, -23.622899582823845 ], [ -46.453125436671151, -23.622674921900082 ], [ -46.453055736387192, -23.622233538222915 ], [ -46.454091120411107, -23.620885782245391 ], [ -46.455622965392585, -23.619879824391091 ] ] ] ] } },
{ "type": "Feature", "properties": { "id": "habi_nucleo2geosampa.92", "gid": 92, "uuid_id": "e4a10989-9e33-4646-9ee8-97da6415b5af", "nome": "CAMPINAS I E II", "nome_secundario": null, "localizacao": "RUA ARNALDO ESTRELLA", "tot_domicilio": 456, "areageo_m2": 41931.64, "anoimplant": 1980, "propriedade_area": "Pública" }, "geometry": { "type": "MultiPolygon", "coordinates": [ [ [ [ -46.70912354145235, -23.770326090806051 ], [ -46.708838613266316, -23.770854409479831 ], [ -46.708703044148386, -23.77113126440042 ], [ -46.708595843321092, -23.771326536763063 ], [ -46.708363851947418, -23.771883683952318 ], [ -46.708207085356577, -23.772099240237527 ], [ -46.708035779826062, -23.772328501976915 ], [ -46.707856498822288, -23.772640078840922 ], [ -46.707582789504571, -23.772932975156156 ], [ -46.707412971070298, -23.773292445963506 ], [ -46.707346264112068, -23.773336526100387 ], [ -46.707312385339385, -23.773318333266669 ], [ -46.707264644134987, -23.773269322228586 ], [ -46.707283696643962, -23.773182415619406 ], [ -46.707221899804182, -23.773054903129584 ], [ -46.707218611059062, -23.772899654150542 ], [ -46.707241464338445, -23.77258883075767 ], [ -46.707335775603362, -23.772420412220288 ], [ -46.707547101830954, -23.772196520535754 ], [ -46.707744064958717, -23.771870995856592 ], [ -46.7079553886417, -23.771518222588142 ], [ -46.708124598899985, -23.771305236255422 ], [ -46.708366146170057, -23.770996636115441 ], [ -46.708517377124423, -23.770760054689273 ], [ -46.708546181937606, -23.770454386804126 ], [ -46.708589347892676, -23.770121470481428 ], [ -46.708616338397889, -23.770127362815121 ], [ -46.70912354145235, -23.770326090806051 ] ] ], [ [ [ -46.710267903978526, -23.768995808262243 ], [ -46.710180753384343, -23.769106290550834 ], [ -46.70999120562081, -23.769286789578004 ], [ -46.70999505274176, -23.769670636189616 ], [ -46.709978329819407, -23.769902628576876 ], [ -46.709276060741871, -23.770205849163172 ], [ -46.709202223568425, -23.770224848758808 ], [ -46.709088713609695, -23.770230650756034 ], [ -46.706582831803964, -23.769286129998012 ], [ -46.707110046793005, -23.768844231161921 ], [ -46.708833971755773, -23.769633494186486 ], [ -46.708913097209347, -23.769641704135442 ], [ -46.708987052944934, -23.769631800010195 ], [ -46.709050947870743, -23.769608365005663 ], [ -46.709134417762229, -23.769571076619165 ], [ -46.709193196227076, -23.769534066999302 ], [ -46.709236635207986, -23.769287644285704 ], [ -46.709464540988442, -23.769175695212841 ], [ -46.709707869411162, -23.769117754080025 ], [ -46.709768612962392, -23.76909649734138 ], [ -46.709814287476611, -23.769048317927687 ], [ -46.709905990498989, -23.768979044652617 ], [ -46.709972385170445, -23.768895972770679 ], [ -46.710135312336938, -23.768783674178323 ], [ -46.710267119111229, -23.768913389407572 ], [ -46.710267903978526, -23.768995808262243 ] ] ] ] } },
{ "type": "Feature", "properties": { "id": "habi_nucleo2geosampa.93", "gid": 93, "uuid_id": "be6d778e-33fd-313a-bbe5-0e86792bf7aa", "nome": "JARDIM SÃO BENEDITO II", "nome_secundario": null, "localizacao": "RUA PRAIAS DA COSTA VERDE", "tot_domicilio": 10, "areageo_m2": 375.83, "anoimplant": 1980, "propriedade_area": "Pública" }, "geometry": { "type": "MultiPolygon", "coordinates": [ [ [ [ -46.781473735246038, -23.652570854792991 ], [ -46.781560219610633, -23.652445626788676 ], [ -46.781312951199538, -23.652284814595877 ], [ -46.781236421163392, -23.652283305034423 ], [ -46.781473735246038, -23.652570854792991 ] ] ] ] } },
{ "type": "Feature", "properties": { "id": "habi_nucleo2geosampa.94", "gid": 94, "uuid_id": "5c8842a5-49db-4976-83b4-ef6eabc17f7e", "nome": "JARDIM MABEL", "nome_secundario": null, "localizacao": "RUA FRANCISCO BANELLI", "tot_domicilio": 170, "areageo_m2": 18138.17, "anoimplant": 1987, "propriedade_area": "Pública" }, "geometry": { "type": "MultiPolygon", "coordinates": [ [ [ [ -46.379126491263087, -23.506773462490237 ], [ -46.379109942063558, -23.506799894681659 ], [ -46.378566953393424, -23.50740685750856 ], [ -46.378451953680766, -23.507312295376199 ], [ -46.378318522140574, -23.507437731526714 ], [ -46.378234227918327, -23.507304667646807 ], [ -46.377758605845948, -23.507414010849001 ], [ -46.377400459669225, -23.506361027378841 ], [ -46.377745826498092, -23.506558680366769 ], [ -46.378305155033068, -23.506264366856847 ], [ -46.378880345641385, -23.505901094185194 ], [ -46.379244091104148, -23.506445540977481 ], [ -46.379126491263087, -23.506773462490237 ] ] ] ] } },
{ "type": "Feature", "properties": { "id": "habi_nucleo2geosampa.95", "gid": 95, "uuid_id": "c7fce897-9770-4e34-8fb6-554f49e30c48", "nome": "ALCIDES QUINTAR", "nome_secundario": "MANUEL AGREDA", "localizacao": "RUA ALCIDES QUINTAR / AVENIDA PROFESSOR OSWALDO DE OLIVEIRA / RUA MANUEL AGREDA", "tot_domicilio": 35, "areageo_m2": 3362.38, "anoimplant": 1983, "propriedade_area": "Pública" }, "geometry": { "type": "MultiPolygon", "coordinates": [ [ [ [ -46.431828320027279, -23.543345611109903 ], [ -46.432054677176701, -23.543425973565075 ], [ -46.432062786279602, -23.543458150890508 ], [ -46.431749070950701, -23.544285390583628 ], [ -46.431590289965278, -23.544699038929028 ], [ -46.431578885920949, -23.544724229983931 ], [ -46.431379979012959, -23.544665133989341 ], [ -46.431534698628639, -23.544233602996215 ], [ -46.431577616731154, -23.544247550783624 ], [ -46.4316039434283, -23.544164873300499 ], [ -46.431828320027279, -23.543345611109903 ] ] ] ] } },
{ "type": "Feature", "properties": { "id": "habi_nucleo2geosampa.96", "gid": 96, "uuid_id": "258c40c6-7b29-451d-b237-a15e97d77731", "nome": "OTACÍLIO TOMANIK", "nome_secundario": null, "localizacao": "AVENIDA OTACÍLIO TOMANIK", "tot_domicilio": 2, "areageo_m2": 421.83, "anoimplant": 1977, "propriedade_area": "Pública" }, "geometry": { "type": "MultiPolygon", "coordinates": [ [ [ [ -46.747953033359188, -23.57251255271003 ], [ -46.747853441046864, -23.572689740917056 ], [ -46.747688931999015, -23.572611179162244 ], [ -46.747788490833891, -23.572431448970224 ], [ -46.747953033359188, -23.57251255271003 ] ] ] ] } },
{ "type": "Feature", "properties": { "id": "habi_nucleo2geosampa.158", "gid": 158, "uuid_id": "08ea159d-2089-4f45-8493-32ad343473f8", "nome": "MANOEL GOMES DA CRUZ", "nome_secundario": null, "localizacao": "RUA SEVERIANO LEITE DA SILVA", "tot_domicilio": 5, "areageo_m2": 342.63, "anoimplant": 1976, "propriedade_area": "Particular" }, "geometry": { "type": "MultiPolygon", "coordinates": [ [ [ [ -46.787027162863652, -23.590478694262544 ], [ -46.786954008069216, -23.590455124452948 ], [ -46.787107760200549, -23.590319107960198 ], [ -46.787274629840653, -23.590173788769814 ], [ -46.787328671755901, -23.590252493476502 ], [ -46.787187571181185, -23.590345649797484 ], [ -46.787027162863652, -23.590478694262544 ] ] ] ] } },
{ "type": "Feature", "properties": { "id": "habi_nucleo2geosampa.97", "gid": 97, "uuid_id": "0e20827d-0509-400f-976a-b65105ba5836", "nome": "JACUÍ I E II", "nome_secundario": null, "localizacao": "RUA MIRASSOL D'OESTE / RUA FLOR DE CORAL", "tot_domicilio": 130, "areageo_m2": 13522.15, "anoimplant": 1991, "propriedade_area": "Sem informação" }, "geometry": { "type": "MultiPolygon", "coordinates": [ [ [ [ -46.458561417883089, -23.506455537295381 ], [ -46.458560132109021, -23.506462340941788 ], [ -46.45764962111577, -23.506599895192245 ], [ -46.45721541231665, -23.506226435547617 ], [ -46.457223485617078, -23.506212449634361 ], [ -46.457203674619223, -23.506194546666229 ], [ -46.457245923844823, -23.506173578389848 ], [ -46.457374784790616, -23.50610965203974 ], [ -46.457627611288515, -23.506023981432403 ], [ -46.457927877507693, -23.505949776414532 ], [ -46.458112824955052, -23.50588088438904 ], [ -46.458185353560133, -23.505839822962873 ], [ -46.458311001355526, -23.505786146779236 ], [ -46.458445775056916, -23.505718823046742 ], [ -46.458458676398841, -23.505718702230997 ], [ -46.458561417883089, -23.506455537295381 ] ] ], [ [ [ -46.460020785061303, -23.507216821646889 ], [ -46.459634009510694, -23.506869813902348 ], [ -46.459428470254942, -23.506685406773428 ], [ -46.459671260870287, -23.506468926207184 ], [ -46.460249367063795, -23.507016862600246 ], [ -46.460036665944017, -23.507231069614107 ], [ -46.460020785061303, -23.507216821646889 ] ] ], [ [ [ -46.460618770270607, -23.506591196485545 ], [ -46.46067513903305, -23.506622160135361 ], [ -46.460317592418249, -23.506962671594401 ], [ -46.460306413121444, -23.506952487435367 ], [ -46.460296400733796, -23.506962187844071 ], [ -46.459772829591344, -23.50647487588245 ], [ -46.459850191613114, -23.506440699059564 ], [ -46.459855895108717, -23.506439445783109 ], [ -46.459890302830445, -23.506439123247297 ], [ -46.459943501960666, -23.50644460159678 ], [ -46.460213255270638, -23.506471792724426 ], [ -46.460394018051964, -23.506481996824228 ], [ -46.460540985423208, -23.506548050273487 ], [ -46.460618770270607, -23.506591196485545 ] ] ] ] } },
{ "type": "Feature", "properties": { "id": "habi_nucleo2geosampa.98", "gid": 98, "uuid_id": "62e1f4ed-ed0c-393e-ab7a-9143500f3f1e", "nome": "CAMPOS DO MONDEGO", "nome_secundario": null, "localizacao": "RUA CAMPOS DO MONDEGO, 6", "tot_domicilio": 12, "areageo_m2": 737.74, "anoimplant": 1991, "propriedade_area": "Pública/Particular" }, "geometry": { "type": "MultiPolygon", "coordinates": [ [ [ [ -46.523746509292508, -23.582802447300757 ], [ -46.523831883484625, -23.582787273815988 ], [ -46.524001034296383, -23.583067557231409 ], [ -46.523672800801414, -23.583154404002091 ], [ -46.52367652305994, -23.58302773219765 ], [ -46.523738595941829, -23.583015176642956 ], [ -46.523746509292508, -23.582802447300757 ] ] ] ] } },
{ "type": "Feature", "properties": { "id": "habi_nucleo2geosampa.99", "gid": 99, "uuid_id": "dfd23ffc-b52a-4bfa-a0c1-1ca88edd06af", "nome": "ANDREA BRIOSCO", "nome_secundario": null, "localizacao": "RUA ANDREA BRIOSCO", "tot_domicilio": 16, "areageo_m2": 1049.28, "anoimplant": 1983, "propriedade_area": "Pública" }, "geometry": { "type": "MultiPolygon", "coordinates": [ [ [ [ -46.774111167870259, -23.68041015566849 ], [ -46.774038356783912, -23.680386004297333 ], [ -46.77394742026339, -23.680354345865478 ], [ -46.773950015563038, -23.680349356120772 ], [ -46.774030467565218, -23.680195994943752 ], [ -46.774048196589483, -23.680154378309719 ], [ -46.774060565083452, -23.680111952941889 ], [ -46.774060605325445, -23.679988410591466 ], [ -46.774065497413041, -23.679985886967089 ], [ -46.774163689227052, -23.679931063005448 ], [ -46.7742611105812, -23.679873518399404 ], [ -46.774235749009158, -23.68013340303337 ], [ -46.774222218316787, -23.680193882335075 ], [ -46.774205611940317, -23.680290130419444 ], [ -46.7741955066749, -23.680324920654673 ], [ -46.774175293894395, -23.680434349072975 ], [ -46.774111167870259, -23.68041015566849 ] ] ] ] } },
{ "type": "Feature", "properties": { "id": "habi_nucleo2geosampa.100", "gid": 100, "uuid_id": "273c70b2-2b0d-386a-bdcb-40b4961e2524", "nome": "GINGADINHO", "nome_secundario": null, "localizacao": "RUA GINGADINHO", "tot_domicilio": 1, "areageo_m2": 114.02, "anoimplant": 2000, "propriedade_area": "Pública" }, "geometry": { "type": "MultiPolygon", "coordinates": [ [ [ [ -46.794828554568674, -23.679069836214818 ], [ -46.794878519403504, -23.679119428076813 ], [ -46.794980796530375, -23.679010733338895 ], [ -46.794932453177005, -23.678965900903425 ], [ -46.794828554568674, -23.679069836214818 ] ] ] ] } },
{ "type": "Feature", "properties": { "id": "habi_nucleo2geosampa.101", "gid": 101, "uuid_id": "1c55defa-6419-4c4f-a911-5b8593bb359b", "nome": "SÃO DOMINGOS", "nome_secundario": null, "localizacao": "AVENIDA PUJAIS SABATE", "tot_domicilio": 46, "areageo_m2": 1989.32, "anoimplant": 1967, "propriedade_area": "Pública" }, "geometry": { "type": "MultiPolygon", "coordinates": [ [ [ [ -46.751739696388704, -23.569619467386801 ], [ -46.752157522350522, -23.56932381657619 ], [ -46.752515676385769, -23.569041373819974 ], [ -46.752359188618094, -23.569346626060312 ], [ -46.752125760635124, -23.569800714311988 ], [ -46.751739696388704, -23.569619467386801 ] ] ] ] } },
{ "type": "Feature", "properties": { "id": "habi_nucleo2geosampa.102", "gid": 102, "uuid_id": "271da436-e9eb-447d-84e2-b751912e48f0", "nome": "JULIO NICOLAU", "nome_secundario": null, "localizacao": "RUA JULIO NICOLAU", "tot_domicilio": 3, "areageo_m2": 739.53, "anoimplant": 0, "propriedade_area": "Pública" }, "geometry": { "type": "MultiPolygon", "coordinates": [ [ [ [ -46.727325695259189, -23.492311803300527 ], [ -46.726978774028225, -23.492504586803886 ], [ -46.726876563229773, -23.492366795772121 ], [ -46.727225615558595, -23.492183256347005 ], [ -46.727325695259189, -23.492311803300527 ] ] ] ] } },
{ "type": "Feature", "properties": { "id": "habi_nucleo2geosampa.103", "gid": 103, "uuid_id": "78a25464-63ac-4f20-a7e6-04ab9de8e0b0", "nome": "JARDIM CAMPINAS IV", "nome_secundario": null, "localizacao": "RUA CONSTELAÇÃO DO ESCUDO", "tot_domicilio": 14, "areageo_m2": 691.7, "anoimplant": 0, "propriedade_area": "Pública" }, "geometry": { "type": "MultiPolygon", "coordinates": [ [ [ [ -46.707424591286355, -23.768959848172646 ], [ -46.707174869307281, -23.768867449470619 ], [ -46.707288965788962, -23.768714263702574 ], [ -46.707346569596702, -23.768680239445896 ], [ -46.7075500506974, -23.768704701567554 ], [ -46.707424591286355, -23.768959848172646 ] ] ] ] } },
{ "type": "Feature", "properties": { "id": "habi_nucleo2geosampa.104", "gid": 104, "uuid_id": "e1d9b24f-5ee6-4199-b548-41f5d8545c1f", "nome": "FRANCISCO XAVIER DE BRITO", "nome_secundario": null, "localizacao": "RUA FRANCISCO XAVIER DE BRITO / RUA COMENDADOR FEIZ ZARZUR", "tot_domicilio": 35, "areageo_m2": 513.63, "anoimplant": 1969, "propriedade_area": "Pública" }, "geometry": { "type": "MultiPolygon", "coordinates": [ [ [ [ -46.725167257116915, -23.473124373549428 ], [ -46.725250167852749, -23.473190133552823 ], [ -46.724841747913857, -23.473483024053035 ], [ -46.724786251262501, -23.47342235372475 ], [ -46.725167257116915, -23.473124373549428 ] ] ] ] } },
{ "type": "Feature", "properties": { "id": "habi_nucleo2geosampa.105", "gid": 105, "uuid_id": "0dc250d1-2b62-45c4-a2f1-b4e041e0fba7", "nome": "CONCERTO ITALIANO", "nome_secundario": null, "localizacao": "RUA CONCERTO ITALIANO", "tot_domicilio": 31, "areageo_m2": 1412.81, "anoimplant": 1985, "propriedade_area": "Pública" }, "geometry": { "type": "MultiPolygon", "coordinates": [ [ [ [ -46.759628882360317, -23.667857757555758 ], [ -46.759657813837123, -23.667991781564623 ], [ -46.759675720512242, -23.668061879190795 ], [ -46.759703269274482, -23.668219353024789 ], [ -46.759711958785097, -23.668361418554596 ], [ -46.759476567599158, -23.668389087944036 ], [ -46.759439616152378, -23.668162982004279 ], [ -46.759415272627656, -23.667991412046032 ], [ -46.759406897155174, -23.66787277636028 ], [ -46.759628882360317, -23.667857757555758 ] ] ] ] } },
{ "type": "Feature", "properties": { "id": "habi_nucleo2geosampa.106", "gid": 106, "uuid_id": "398b2180-f132-495c-97ef-3701feef57d5", "nome": "PROVER ÁGUA BRANCA", "nome_secundario": null, "localizacao": null, "tot_domicilio": 180, "areageo_m2": 5855.33, "anoimplant": 0, "propriedade_area": "Sem informação" }, "geometry": { "type": "MultiPolygon", "coordinates": [ [ [ [ -46.686584266232501, -23.511669581864908 ], [ -46.686632102046374, -23.511682443401423 ], [ -46.68666586920849, -23.511729862308989 ], [ -46.686739797800158, -23.512814729669639 ], [ -46.686254874227338, -23.512821893818973 ], [ -46.686186749383793, -23.511866937588959 ], [ -46.686584266232501, -23.511669581864908 ] ] ] ] } },
{ "type": "Feature", "properties": { "id": "habi_nucleo2geosampa.107", "gid": 107, "uuid_id": "03c57f70-5126-45d0-88a1-df032fae43aa", "nome": "BASSANO", "nome_secundario": null, "localizacao": "RUA BASSANO", "tot_domicilio": 19, "areageo_m2": 998.07, "anoimplant": 1970, "propriedade_area": "Particular" }, "geometry": { "type": "MultiPolygon", "coordinates": [ [ [ [ -46.632813957043808, -23.67500397890834 ], [ -46.632556510113503, -23.674900294799567 ], [ -46.632618366241708, -23.674825627033041 ], [ -46.632720139927557, -23.674729721151163 ], [ -46.632784851732076, -23.674682779174407 ], [ -46.632852476926779, -23.674668188288546 ], [ -46.632996467502359, -23.674736060109094 ], [ -46.633042125814107, -23.674772586764252 ], [ -46.632813957043808, -23.67500397890834 ] ] ] ] } },
{ "type": "Feature", "properties": { "id": "habi_nucleo2geosampa.108", "gid": 108, "uuid_id": "7fca83e8-3828-3e1a-854a-9bfd26c12fcf", "nome": "VIELAS ITAIM", "nome_secundario": null, "localizacao": "RUA COQUEIRO CARANDA / RUA ÁRVORE DO DRAGÃO", "tot_domicilio": 7, "areageo_m2": 588.61, "anoimplant": 1990, "propriedade_area": "Pública" }, "geometry": { "type": "MultiPolygon", "coordinates": [ [ [ [ -46.414155849294957, -23.506926657552569 ], [ -46.414307196018285, -23.507269363586605 ], [ -46.414272412099464, -23.507287600325707 ], [ -46.414117217573249, -23.506948513365753 ], [ -46.414155849294957, -23.506926657552569 ] ] ], [ [ [ -46.414354595102253, -23.507340616538826 ], [ -46.414501865336433, -23.507665438498492 ], [ -46.4144632717421, -23.507690878226036 ], [ -46.414312115425972, -23.507366091519962 ], [ -46.414354595102253, -23.507340616538826 ] ] ], [ [ [ -46.414941517241878, -23.508073624114125 ], [ -46.415139731262236, -23.508437408338651 ], [ -46.415101175875549, -23.508466432048341 ], [ -46.414902923623686, -23.508099063951036 ], [ -46.414941517241878, -23.508073624114125 ] ] ] ] } },
{ "type": "Feature", "properties": { "id": "habi_nucleo2geosampa.109", "gid": 109, "uuid_id": "75d4edb3-2852-4ed6-8327-b0d304ae453c", "nome": "MAX DE VASCONCELOS", "nome_secundario": null, "localizacao": "RUA MAX DE VASCONCELOS / RUA TAMBAU", "tot_domicilio": 8, "areageo_m2": 242.27, "anoimplant": 1977, "propriedade_area": "Particular" }, "geometry": { "type": "MultiPolygon", "coordinates": [ [ [ [ -46.759863731906066, -23.501042855332294 ], [ -46.760148285020747, -23.501101627585744 ], [ -46.759963077466679, -23.501213905140631 ], [ -46.759863731906066, -23.501042855332294 ] ] ] ] } },
{ "type": "Feature", "properties": { "id": "habi_nucleo2geosampa.110", "gid": 110, "uuid_id": "12bd1da0-d73e-36ec-aba4-47260e680cac", "nome": "DOUTOR GABRIEL", "nome_secundario": null, "localizacao": "AVENIDA DOUTOR GABRIEL X AVENIDA PONTE RASA", "tot_domicilio": 6, "areageo_m2": 325.44, "anoimplant": 1985, "propriedade_area": "Pública/Particular" }, "geometry": { "type": "MultiPolygon", "coordinates": [ [ [ [ -46.485207081564802, -23.512791439651359 ], [ -46.48516576832975, -23.512804258567435 ], [ -46.485165403478803, -23.513048936013529 ], [ -46.485149858729876, -23.513049084285669 ], [ -46.485149018792228, -23.513159004429074 ], [ -46.485147203415984, -23.513181959928328 ], [ -46.485188656121188, -23.513181564531038 ], [ -46.485184878777261, -23.513306804812508 ], [ -46.485182273635537, -23.513351750270797 ], [ -46.485227860949159, -23.513350359664337 ], [ -46.485230283839073, -23.513289168064837 ], [ -46.485232310097551, -23.513192617216387 ], [ -46.485213656379145, -23.513192795151848 ], [ -46.485217433990854, -23.512790385144953 ], [ -46.485207081564802, -23.512791439651359 ] ] ] ] } },
{ "type": "Feature", "properties": { "id": "habi_nucleo2geosampa.111", "gid": 111, "uuid_id": "133682b3-e868-4297-b997-54cc9acc60d0", "nome": "ALTO DA RIVIERA II", "nome_secundario": null, "localizacao": "R. SILVIA STEFANI LEGNAIOLI / AV. PROF. MARIO MAZAGAO", "tot_domicilio": 103, "areageo_m2": 6568.02, "anoimplant": 1972, "propriedade_area": "Pública" }, "geometry": { "type": "MultiPolygon", "coordinates": [ [ [ [ -46.766954014898573, -23.701341003873921 ], [ -46.766915012903425, -23.701380991483553 ], [ -46.766547043951313, -23.7015930152442 ], [ -46.766481048065195, -23.701579955914585 ], [ -46.766412021684644, -23.701509964985885 ], [ -46.765764750179152, -23.700669706589885 ], [ -46.765682444494956, -23.700567805713526 ], [ -46.765724479179696, -23.700496353243455 ], [ -46.765896605206372, -23.700574476696016 ], [ -46.766052555746292, -23.700624522217034 ], [ -46.766328704581852, -23.700672476954484 ], [ -46.766415368140144, -23.70069117283342 ], [ -46.766503311536667, -23.700771790504984 ], [ -46.766569034183355, -23.700854009645798 ], [ -46.766954014898573, -23.701341003873921 ] ] ] ] } },
{ "type": "Feature", "properties": { "id": "habi_nucleo2geosampa.112", "gid": 112, "uuid_id": "f694eba4-df05-4aca-ae1d-2b7629344737", "nome": "KAGOHARA I", "nome_secundario": null, "localizacao": "R DAS VARIACOES MUSICAIS", "tot_domicilio": 82, "areageo_m2": 16536.85, "anoimplant": 1972, "propriedade_area": "Pública" }, "geometry": { "type": "MultiPolygon", "coordinates": [ [ [ [ -46.75736112488471, -23.687781185361757 ], [ -46.757449776277156, -23.687547752780226 ], [ -46.758303083494283, -23.68777747106515 ], [ -46.758534060047175, -23.687694098896081 ], [ -46.758664201687075, -23.68771356398144 ], [ -46.759213308264535, -23.687883405621804 ], [ -46.759827839012004, -23.688084196005228 ], [ -46.760056960962579, -23.688060461660491 ], [ -46.760753884377273, -23.687917835403802 ], [ -46.761007763029255, -23.687815462390994 ], [ -46.761120246612258, -23.687791292417113 ], [ -46.761579057109529, -23.687928697408235 ], [ -46.761611344318297, -23.687983795282907 ], [ -46.761571270126922, -23.68806084617189 ], [ -46.759739663578245, -23.688352840404264 ], [ -46.75887556872177, -23.688362660162845 ], [ -46.75828270524201, -23.688066536482385 ], [ -46.758113625990298, -23.688005067749188 ], [ -46.757885069283709, -23.688071052115312 ], [ -46.757778296270516, -23.688093394131339 ], [ -46.75736112488471, -23.687781185361757 ] ] ] ] } },
{ "type": "Feature", "properties": { "id": "habi_nucleo2geosampa.113", "gid": 113, "uuid_id": "f0cc5e32-3205-3ced-9a56-cf054a254052", "nome": "CHICO VICENTE", "nome_secundario": null, "localizacao": "RUA CHICO VICENTE", "tot_domicilio": 6, "areageo_m2": 1420.81, "anoimplant": 1972, "propriedade_area": "Pública" }, "geometry": { "type": "MultiPolygon", "coordinates": [ [ [ [ -46.750605168509949, -23.621410377990788 ], [ -46.750848984251249, -23.62118209097401 ], [ -46.751068014421364, -23.621430001845432 ], [ -46.750841604080627, -23.621719254996705 ], [ -46.750839530014659, -23.621719278403095 ], [ -46.750710852866668, -23.621558268362165 ], [ -46.750605168509949, -23.621410377990788 ] ] ] ] } },
{ "type": "Feature", "properties": { "id": "habi_nucleo2geosampa.114", "gid": 114, "uuid_id": "e68bddc4-43bd-448c-94df-b0e3f7ed0efb", "nome": "CUSTÓDIO DE LIMA", "nome_secundario": null, "localizacao": "AV. DR. CUSTÓDIO DE LIMA", "tot_domicilio": 10, "areageo_m2": 428.7, "anoimplant": 1993, "propriedade_area": "Sem informação" }, "geometry": { "type": "MultiPolygon", "coordinates": [ [ [ [ -46.455252411625267, -23.492608940992909 ], [ -46.454840489131151, -23.49260894099293 ], [ -46.454875020350535, -23.492707026538909 ], [ -46.455246767369275, -23.492704223132275 ], [ -46.455252411625267, -23.492608940992909 ] ] ] ] } },
{ "type": "Feature", "properties": { "id": "habi_nucleo2geosampa.115", "gid": 115, "uuid_id": "8db4a6ba-798e-457f-90e2-8d9e224c5db6", "nome": "FORTE DA BARRA", "nome_secundario": null, "localizacao": "RUA FORTE DA BARRA", "tot_domicilio": 4, "areageo_m2": 896.56, "anoimplant": 1996, "propriedade_area": "Pública" }, "geometry": { "type": "MultiPolygon", "coordinates": [ [ [ [ -46.758805137622566, -23.639828995901365 ], [ -46.758701017005087, -23.639787823255503 ], [ -46.758454541355938, -23.639580848909873 ], [ -46.758501369846883, -23.639504578610978 ], [ -46.758745197118287, -23.639604329821609 ], [ -46.759039424966716, -23.639704259603882 ], [ -46.758805137622566, -23.639828995901365 ] ] ] ] } },
{ "type": "Feature", "properties": { "id": "habi_nucleo2geosampa.116", "gid": 116, "uuid_id": "d967f1ea-3534-4899-ba10-abf70143aef4", "nome": "MARIA ZILIO AUGUSTO", "nome_secundario": null, "localizacao": "R. MARIA ZILLIO AUGUSTO", "tot_domicilio": 150, "areageo_m2": 18014.24, "anoimplant": 1986, "propriedade_area": "Particular" }, "geometry": { "type": "MultiPolygon", "coordinates": [ [ [ [ -46.450803630977177, -23.488548951188793 ], [ -46.450471974803705, -23.489337058527518 ], [ -46.4495612655247, -23.489262431249912 ], [ -46.448661179531207, -23.489211594119734 ], [ -46.44871678987036, -23.488397246657424 ], [ -46.449846908436456, -23.488465127539556 ], [ -46.450803630977177, -23.488548951188793 ] ] ] ] } },
{ "type": "Feature", "properties": { "id": "habi_nucleo2geosampa.117", "gid": 117, "uuid_id": "80242371-f8b9-3c3d-8d43-98001bad365f", "nome": "JOÃO BATISTA JORDÃO", "nome_secundario": null, "localizacao": "RUA JOÃO BATISTA JORDÃO", "tot_domicilio": 1, "areageo_m2": 163.57, "anoimplant": 0, "propriedade_area": "Pública" }, "geometry": { "type": "MultiPolygon", "coordinates": [ [ [ [ -46.737452688212194, -23.645662064373653 ], [ -46.737453761382753, -23.645625498289434 ], [ -46.737471653577948, -23.645625297760162 ], [ -46.737464273715482, -23.645596710622829 ], [ -46.737440167617116, -23.645597697539145 ], [ -46.737442948059446, -23.645572580259735 ], [ -46.737319296432865, -23.645576833020925 ], [ -46.737319618189105, -23.645601198787137 ], [ -46.737287723409324, -23.645601556219347 ], [ -46.737281422395007, -23.645654666054089 ], [ -46.737289979534573, -23.645654570158442 ], [ -46.737292436322868, -23.64566386032816 ], [ -46.737304883072134, -23.645663720842428 ], [ -46.73730573670106, -23.64566944524557 ], [ -46.737452688212194, -23.645662064373653 ] ] ] ] } },
{ "type": "Feature", "properties": { "id": "habi_nucleo2geosampa.118", "gid": 118, "uuid_id": "7abd56e0-ba42-4a7a-97da-cc7f4d26f0a2", "nome": "VILA RUBI", "nome_secundario": null, "localizacao": "RUA DOMINGOS TARROSO", "tot_domicilio": 476, "areageo_m2": 37500.04, "anoimplant": 1973, "propriedade_area": "Pública" }, "geometry": { "type": "MultiPolygon", "coordinates": [ [ [ [ -46.696613634603928, -23.727957791507546 ], [ -46.695643954689459, -23.727740553909467 ], [ -46.695015026766036, -23.727555180426208 ], [ -46.694783011679696, -23.727557723695625 ], [ -46.694714972398948, -23.727679527956948 ], [ -46.694596018430715, -23.7280511283127 ], [ -46.694153162990467, -23.727899317344772 ], [ -46.693033415997874, -23.727441590186913 ], [ -46.692652158932155, -23.727267736960911 ], [ -46.692450987437923, -23.727262817962909 ], [ -46.692343357436378, -23.727313843675084 ], [ -46.69222854513712, -23.727407674490699 ], [ -46.692047357464183, -23.727153297925195 ], [ -46.692490861932264, -23.726756783789657 ], [ -46.692349446962965, -23.726587425339172 ], [ -46.692931328671669, -23.72612530563875 ], [ -46.69404121026664, -23.727017528767462 ], [ -46.695031045289205, -23.726999559961719 ], [ -46.695102030895761, -23.727105598098682 ], [ -46.695211685694396, -23.727211212249188 ], [ -46.69529749448165, -23.727267240154511 ], [ -46.696700080275534, -23.727465488167788 ], [ -46.696613634603928, -23.727957791507546 ] ] ] ] } },
{ "type": "Feature", "properties": { "id": "habi_nucleo2geosampa.119", "gid": 119, "uuid_id": "61ca27e2-d1b2-4bc2-8649-d2d173056b8f", "nome": "JARDIM HERCULANO", "nome_secundario": null, "localizacao": "RUA FRANCISCO SACCO", "tot_domicilio": 177, "areageo_m2": 24811.32, "anoimplant": 0, "propriedade_area": "Pública" }, "geometry": { "type": "MultiPolygon", "coordinates": [ [ [ [ -46.761924447357131, -23.691828515882587 ], [ -46.761938500082074, -23.69189375077077 ], [ -46.76190561583433, -23.6919320694779 ], [ -46.761819512155526, -23.691899117113955 ], [ -46.761746367971064, -23.69187468577385 ], [ -46.761654651471787, -23.691846099554798 ], [ -46.761585486721785, -23.691812794712902 ], [ -46.761497407678071, -23.691767195449895 ], [ -46.761307200026003, -23.691663866709252 ], [ -46.760791458145043, -23.691404712633297 ], [ -46.760462089348039, -23.691307750198924 ], [ -46.76021696876343, -23.691485452267383 ], [ -46.759663652994689, -23.691857473421283 ], [ -46.759441557409041, -23.692034912603479 ], [ -46.75934969777466, -23.692051857769009 ], [ -46.759227701758149, -23.691968436712678 ], [ -46.75889923965898, -23.691357318372376 ], [ -46.758706840005857, -23.690887765870229 ], [ -46.75871513282862, -23.690367747223878 ], [ -46.758696532171832, -23.690260116332752 ], [ -46.758863564466466, -23.690196476889568 ], [ -46.758943880530509, -23.690180402194475 ], [ -46.759174594691615, -23.690126374328894 ], [ -46.759330160942312, -23.69016512327919 ], [ -46.759524621222056, -23.690502140729311 ], [ -46.759715011974727, -23.690689122123665 ], [ -46.760001137142758, -23.690850146779901 ], [ -46.760546139367015, -23.691137180564297 ], [ -46.760984677932427, -23.691323367868879 ], [ -46.761327978017661, -23.691473030151663 ], [ -46.761629471171304, -23.69166019946206 ], [ -46.761699030398965, -23.69169836908241 ], [ -46.761924447357131, -23.691828515882587 ] ] ] ] } },
{ "type": "Feature", "properties": { "id": "habi_nucleo2geosampa.120", "gid": 120, "uuid_id": "fcc3b4d6-5561-4119-917d-3e85f0789810", "nome": "LAURO XERFAN", "nome_secundario": null, "localizacao": "AVENIDA LAURO XERFAN / RUA ARTUR MONTENEGRO", "tot_domicilio": 11, "areageo_m2": 1503.79, "anoimplant": 1969, "propriedade_area": "Pública" }, "geometry": { "type": "MultiPolygon", "coordinates": [ [ [ [ -46.517769580929482, -23.592057296510148 ], [ -46.517767891598794, -23.592094203473216 ], [ -46.517762445543667, -23.592169991372106 ], [ -46.517727792803647, -23.592271304089131 ], [ -46.517690658429103, -23.592339630617289 ], [ -46.517615573423861, -23.59240638523524 ], [ -46.517384201600862, -23.592624188002105 ], [ -46.517457225940213, -23.592011801783247 ], [ -46.517769580929482, -23.592057296510148 ] ] ] ] } },
{ "type": "Feature", "properties": { "id": "habi_nucleo2geosampa.121", "gid": 121, "uuid_id": "5519ee95-a22e-42c8-a5a2-00fc52ae0c03", "nome": "FERES BECHARA", "nome_secundario": null, "localizacao": "RUA FERES BECHARA", "tot_domicilio": 3, "areageo_m2": 195.24, "anoimplant": 1971, "propriedade_area": "Pública" }, "geometry": { "type": "MultiPolygon", "coordinates": [ [ [ [ -46.771618725760888, -23.671336494832037 ], [ -46.771932938889201, -23.67121582963626 ], [ -46.771950657755475, -23.671244008196368 ], [ -46.771750163602292, -23.671372241550646 ], [ -46.771699839376389, -23.671353305442853 ], [ -46.771645799498032, -23.671345054015177 ], [ -46.771618725760888, -23.671336494832037 ] ] ] ] } },
{ "type": "Feature", "properties": { "id": "habi_nucleo2geosampa.122", "gid": 122, "uuid_id": "3e2a86fe-9828-4ff0-953f-0c34c453a05f", "nome": "INAJAR DE SOUZA II", "nome_secundario": null, "localizacao": "AVENIDA INAJAR DE SOUZA / RUA DIRCEU DA CONCEIÇÃO PINTO 57", "tot_domicilio": 14, "areageo_m2": 1381.51, "anoimplant": 1981, "propriedade_area": "Pública" }, "geometry": { "type": "MultiPolygon", "coordinates": [ [ [ [ -46.671655469722687, -23.476015990364832 ], [ -46.671814312919835, -23.476091223927938 ], [ -46.671919331937417, -23.476150568557419 ], [ -46.672057912254701, -23.476272731761167 ], [ -46.672193862699324, -23.476422417855666 ], [ -46.672339716599041, -23.476648934614495 ], [ -46.672274634128563, -23.476685360690333 ], [ -46.672111288975586, -23.476489255984067 ], [ -46.672093659185478, -23.476508684865831 ], [ -46.672051331626044, -23.476459674650037 ], [ -46.671759517483046, -23.476234723028657 ], [ -46.671606564198534, -23.476153922888866 ], [ -46.671608190253714, -23.476046721872439 ], [ -46.671655469722687, -23.476015990364832 ] ] ] ] } },
{ "type": "Feature", "properties": { "id": "habi_nucleo2geosampa.123", "gid": 123, "uuid_id": "e4b6635a-0489-47d8-81b7-baf2885b0b54", "nome": "SÃO JOSÉ IV", "nome_secundario": null, "localizacao": "R SAINT PIERRE", "tot_domicilio": 326, "areageo_m2": 19519.89, "anoimplant": 1976, "propriedade_area": "Pública" }, "geometry": { "type": "MultiPolygon", "coordinates": [ [ [ [ -46.693432565054799, -23.738569703344677 ], [ -46.69342881537343, -23.738575075312408 ], [ -46.693339060823455, -23.738633324475643 ], [ -46.693252639647945, -23.738716829558832 ], [ -46.693155754627789, -23.738836704024518 ], [ -46.693089276478268, -23.738940132118525 ], [ -46.693033378161822, -23.739015251637849 ], [ -46.692986010232637, -23.739074164457694 ], [ -46.692969243598206, -23.739130733441964 ], [ -46.692961247669885, -23.739189220509061 ], [ -46.692951954764361, -23.739316181033676 ], [ -46.69295815184158, -23.739457076476008 ], [ -46.692956536685735, -23.739501394566162 ], [ -46.692950754365903, -23.739561866037018 ], [ -46.69292789311978, -23.73965475104816 ], [ -46.692876153920011, -23.739882867718869 ], [ -46.6928238159648, -23.740064670866079 ], [ -46.692807829876827, -23.740181644919783 ], [ -46.692784424553572, -23.740310774147282 ], [ -46.69278057116594, -23.74044170889939 ], [ -46.69278504290299, -23.74061886700645 ], [ -46.69278293577176, -23.740963233486735 ], [ -46.692851100656306, -23.74099067404434 ], [ -46.692885806783956, -23.741475595056894 ], [ -46.692878877740149, -23.741616628742879 ], [ -46.692858307948207, -23.74171753976195 ], [ -46.692822111857851, -23.741794457583286 ], [ -46.692774722931496, -23.741851361957025 ], [ -46.692733792974792, -23.741900138944974 ], [ -46.692653177894911, -23.741925186228695 ], [ -46.692591933944101, -23.741925856969367 ], [ -46.692565557260885, -23.741916075065696 ], [ -46.692508376491958, -23.741892536918126 ], [ -46.692484031443612, -23.74187065332681 ], [ -46.692182702357293, -23.740897313399781 ], [ -46.692157863257016, -23.740837171703447 ], [ -46.692372989895858, -23.740895229873679 ], [ -46.692381766687888, -23.740897147918975 ], [ -46.692404869410623, -23.740314930733081 ], [ -46.692405750273352, -23.740214235354696 ], [ -46.69244803728391, -23.739931856639011 ], [ -46.692486683210682, -23.739705897614098 ], [ -46.692495898502131, -23.739572895487903 ], [ -46.6925347003505, -23.739359014170375 ], [ -46.69254698995875, -23.73912528712475 ], [ -46.692561517143218, -23.739064719897378 ], [ -46.692624140872873, -23.739001611813521 ], [ -46.692686248823485, -23.738946053837765 ], [ -46.692755203534652, -23.738862727932403 ], [ -46.692807109871602, -23.73877205803004 ], [ -46.692769327206697, -23.738726157265514 ], [ -46.692864473232035, -23.73864053721239 ], [ -46.692972577012874, -23.738542695752255 ], [ -46.69300129679165, -23.738564531382497 ], [ -46.69308972347536, -23.738466905372864 ], [ -46.693243683529182, -23.738362518968575 ], [ -46.693262493576704, -23.738353051098169 ], [ -46.693310994236853, -23.73832352364688 ], [ -46.693363225529446, -23.738302809889138 ], [ -46.69344383229177, -23.738277762432801 ], [ -46.693565405603231, -23.738205951524005 ], [ -46.693596729582694, -23.738259979480318 ], [ -46.69364461162111, -23.738241332944231 ], [ -46.693660231577539, -23.738265326139402 ], [ -46.693829061799278, -23.738126541123048 ], [ -46.693964587449003, -23.738288169400203 ], [ -46.694046762406607, -23.738383926189609 ], [ -46.694073424816878, -23.738415849434681 ], [ -46.694080190161493, -23.738431888517436 ], [ -46.69407610727567, -23.738454083459985 ], [ -46.694054413013504, -23.738468414803801 ], [ -46.694017313019948, -23.738474863885596 ], [ -46.693794350573967, -23.738487378114186 ], [ -46.693623937748733, -23.738503339035702 ], [ -46.693530120881853, -23.738522488867215 ], [ -46.693447569435811, -23.738562201584752 ], [ -46.693432565054799, -23.738569703344677 ] ] ] ] } },
{ "type": "Feature", "properties": { "id": "habi_nucleo2geosampa.124", "gid": 124, "uuid_id": "fa9db20b-06b3-4cd7-bb75-9f8e41fa3edc", "nome": "AUGUSTO BENASSI", "nome_secundario": null, "localizacao": "RUA AUGUSTO BENASSI", "tot_domicilio": 17, "areageo_m2": 889.46, "anoimplant": 1975, "propriedade_area": "Pública" }, "geometry": { "type": "MultiPolygon", "coordinates": [ [ [ [ -46.783891337998675, -23.589438164644573 ], [ -46.783897428351629, -23.589408130464751 ], [ -46.783914076451033, -23.589388761031501 ], [ -46.783951702765741, -23.589382335982002 ], [ -46.783975247242516, -23.589391651877108 ], [ -46.78398466993368, -23.589415520518486 ], [ -46.784023544239339, -23.589501373118047 ], [ -46.784101137678263, -23.589661119897794 ], [ -46.784168023034397, -23.589799422317363 ], [ -46.784038796115283, -23.589852348131434 ], [ -46.784026496495834, -23.589825140078332 ], [ -46.783930854566336, -23.589858632133112 ], [ -46.783915714886952, -23.58979867698082 ], [ -46.783890712266867, -23.589584404942098 ], [ -46.783891337998675, -23.589438164644573 ] ] ] ] } },
{ "type": "Feature", "properties": { "id": "habi_nucleo2geosampa.125", "gid": 125, "uuid_id": "a1e60167-f032-376c-8afa-9323dcdd0a18", "nome": "BENVENUTO DE GIOVANI", "nome_secundario": null, "localizacao": "RUA BENVENUTO DE GIOVANI", "tot_domicilio": 12, "areageo_m2": 2149.2, "anoimplant": 0, "propriedade_area": "Pública" }, "geometry": { "type": "MultiPolygon", "coordinates": [ [ [ [ -46.759828019171344, -23.588107746636929 ], [ -46.75973482089347, -23.588121942967291 ], [ -46.759718098952192, -23.588039228902126 ], [ -46.759345548002919, -23.58809959460552 ], [ -46.75901016728902, -23.588148070527598 ], [ -46.759053392180277, -23.588395813784437 ], [ -46.759858028959144, -23.58825863982554 ], [ -46.759828019171344, -23.588107746636929 ] ] ] ] } },
{ "type": "Feature", "properties": { "id": "habi_nucleo2geosampa.126", "gid": 126, "uuid_id": "9031d1eb-ce22-438a-badb-14639600ec91", "nome": "TOMAS JUSTINO RODRIGUES", "nome_secundario": null, "localizacao": "R TOMAS JUSTINO RODRIGUES 1", "tot_domicilio": 4, "areageo_m2": 2679.32, "anoimplant": 1986, "propriedade_area": "Pública" }, "geometry": { "type": "MultiPolygon", "coordinates": [ [ [ [ -46.708042154811075, -23.723000213382985 ], [ -46.707767667767392, -23.723104323050819 ], [ -46.707682890024223, -23.722894083755815 ], [ -46.707572824223561, -23.722931712873926 ], [ -46.707526413227008, -23.722826415805969 ], [ -46.707751619696829, -23.722551667144167 ], [ -46.708080837142496, -23.722663247359282 ], [ -46.708328296430892, -23.722856234154602 ], [ -46.708042154811075, -23.723000213382985 ] ] ] ] } },
{ "type": "Feature", "properties": { "id": "habi_nucleo2geosampa.127", "gid": 127, "uuid_id": "384cd797-a57d-4534-bb32-7fd408c816ae", "nome": "DOMINGOS ELIAS DE ALMEIDA", "nome_secundario": null, "localizacao": "RUA DOMINGOS ELIAS DE ALMEIDA", "tot_domicilio": 4, "areageo_m2": 155.91, "anoimplant": 0, "propriedade_area": "Pública" }, "geometry": { "type": "MultiPolygon", "coordinates": [ [ [ [ -46.767840649184386, -23.664431652522016 ], [ -46.767991676624661, -23.664668251327594 ], [ -46.767895513601822, -23.664687111165986 ], [ -46.76782745563947, -23.664406638969609 ], [ -46.767840649184386, -23.664431652522016 ] ] ] ] } },
{ "type": "Feature", "properties": { "id": "habi_nucleo2geosampa.128", "gid": 128, "uuid_id": "f8886d04-4ee7-3de0-8fd6-4ff91325c3c1", "nome": "TOMAZ DE LIMA 115", "nome_secundario": null, "localizacao": "RUA DOUTOR TOMAZ DE LIMA, 115", "tot_domicilio": 1, "areageo_m2": 62.7, "anoimplant": 0, "propriedade_area": "Pública" }, "geometry": { "type": "MultiPolygon", "coordinates": [ [ [ [ -46.631910182248582, -23.554957901183101 ], [ -46.631824653228371, -23.554957843136329 ], [ -46.631825923907947, -23.554892841706238 ], [ -46.631910410413418, -23.554892432843509 ], [ -46.631910182248582, -23.554957901183101 ] ] ] ] } },
{ "type": "Feature", "properties": { "id": "habi_nucleo2geosampa.129", "gid": 129, "uuid_id": "e34e6366-e4bb-46d7-bf6c-27630e039cb8", "nome": "JARDIM ICARAÍ IV", "nome_secundario": null, "localizacao": "RUA GIUSEPPE TARTINI", "tot_domicilio": 74, "areageo_m2": 5930.52, "anoimplant": 1994, "propriedade_area": "Particular" }, "geometry": { "type": "MultiPolygon", "coordinates": [ [ [ [ -46.704174629501992, -23.753738918375802 ], [ -46.704336343471844, -23.753874960178997 ], [ -46.704160186748219, -23.754459535685747 ], [ -46.704686628165689, -23.754901659754825 ], [ -46.704792679463004, -23.754944343863997 ], [ -46.704888077782343, -23.754952690415667 ], [ -46.705162669072266, -23.75487134487436 ], [ -46.705474816128131, -23.754798989093924 ], [ -46.70553831035707, -23.754970568825772 ], [ -46.705299467735443, -23.754923088576906 ], [ -46.705272209538663, -23.754920258190754 ], [ -46.705234904242502, -23.754930063806114 ], [ -46.705201245252326, -23.75495862782784 ], [ -46.705157579995237, -23.755002964173165 ], [ -46.705049182015941, -23.755041752424848 ], [ -46.704957803017564, -23.755080347271985 ], [ -46.704838547812223, -23.755069132769943 ], [ -46.704784182603852, -23.755076000772799 ], [ -46.704712973334772, -23.755095579735848 ], [ -46.704617615690765, -23.755090363908156 ], [ -46.704542637907231, -23.75508179738252 ], [ -46.704511645939867, -23.755053946839354 ], [ -46.704462988271551, -23.754976174259781 ], [ -46.704434704373696, -23.754895040099086 ], [ -46.704410398997076, -23.754857721927561 ], [ -46.704368958139014, -23.754811193465954 ], [ -46.70431057976154, -23.754771114403749 ], [ -46.704262697185861, -23.754752849477129 ], [ -46.704191080197454, -23.754741108914168 ], [ -46.70408109177751, -23.754657750189633 ], [ -46.704025876314333, -23.754598842954529 ], [ -46.703964259821241, -23.754571330081813 ], [ -46.703916295773084, -23.754546797881812 ], [ -46.703874569814701, -23.754478347970025 ], [ -46.703832884586319, -23.754413023369942 ], [ -46.703760731882525, -23.754360570885556 ], [ -46.7036916196408, -23.754279886822641 ], [ -46.704174629501992, -23.753738918375802 ] ] ] ] } },
{ "type": "Feature", "properties": { "id": "habi_nucleo2geosampa.130", "gid": 130, "uuid_id": "0c442d9b-34ad-4cb4-9ac2-79123c874d7a", "nome": "NEFELI", "nome_secundario": null, "localizacao": "RUA NEFELI, 70, 72 E RUA OFION, 93", "tot_domicilio": 4, "areageo_m2": 390.45, "anoimplant": 1990, "propriedade_area": "Pública" }, "geometry": { "type": "MultiPolygon", "coordinates": [ [ [ [ -46.604469434776711, -23.510655491223019 ], [ -46.60410229325899, -23.510719006495609 ], [ -46.60411893660433, -23.510809628550238 ], [ -46.604488668960414, -23.510746086532055 ], [ -46.604469434776711, -23.510655491223019 ] ] ] ] } },
{ "type": "Feature", "properties": { "id": "habi_nucleo2geosampa.131", "gid": 131, "uuid_id": "13aba6be-8905-4254-b5ae-ddff92dbb6dc", "nome": "BENEDITO GUEDES DE OLIVEIRA", "nome_secundario": null, "localizacao": "AVENIDA INAJAR DE SOUZA, 903/903A", "tot_domicilio": 2, "areageo_m2": 211.5, "anoimplant": 1987, "propriedade_area": "Pública" }, "geometry": { "type": "MultiPolygon", "coordinates": [ [ [ [ -46.685320706041331, -23.497785507791836 ], [ -46.685130107217589, -23.497793548317357 ], [ -46.685083878758149, -23.49770619329917 ], [ -46.685317259691558, -23.497698323504984 ], [ -46.685320706041331, -23.497785507791836 ] ] ] ] } },
{ "type": "Feature", "properties": { "id": "habi_nucleo2geosampa.132", "gid": 132, "uuid_id": "eae2578a-2793-485a-84d2-05260f6be09f", "nome": "JARDIM SOUZA II", "nome_secundario": null, "localizacao": "RUA FRANCISCO SOBREIRA DA SILVA", "tot_domicilio": 502, "areageo_m2": 39114.88, "anoimplant": 0, "propriedade_area": "Pública" }, "geometry": { "type": "MultiPolygon", "coordinates": [ [ [ [ -46.747560753257979, -23.685093756198416 ], [ -46.747422948588799, -23.685987493724237 ], [ -46.746940997813979, -23.686244773660565 ], [ -46.746837354693419, -23.686228851452391 ], [ -46.74661680327295, -23.686854839586193 ], [ -46.747025750789533, -23.687609531146222 ], [ -46.74666363265122, -23.687774153034574 ], [ -46.745070271842373, -23.685321467638975 ], [ -46.745381346193398, -23.685196936533252 ], [ -46.746235989125204, -23.686006210264484 ], [ -46.746372192770359, -23.685945708116176 ], [ -46.746422595966855, -23.685759395216923 ], [ -46.745767762761048, -23.685121114458276 ], [ -46.746197366200562, -23.685031061978052 ], [ -46.746103972079034, -23.6847616359649 ], [ -46.746167587933165, -23.68474159156893 ], [ -46.74659266142551, -23.684612423180052 ], [ -46.74699454933792, -23.684640356580029 ], [ -46.747560753257979, -23.685093756198416 ] ] ] ] } },
{ "type": "Feature", "properties": { "id": "habi_nucleo2geosampa.159", "gid": 159, "uuid_id": "66de954b-d60b-4220-9596-020ae0f310d5", "nome": "JARDIM ANA MARIA II", "nome_secundario": "MARIA DE LOURDES SALOMÃO", "localizacao": "RUA PROFESSORA NINA STOCCO / RUA MARIA DE LOURDES SALOMÃO", "tot_domicilio": 105, "areageo_m2": 7235.46, "anoimplant": 1982, "propriedade_area": "Pública" }, "geometry": { "type": "MultiPolygon", "coordinates": [ [ [ [ -46.760592124006067, -23.628449789685575 ], [ -46.760595793602647, -23.62843923712455 ], [ -46.760718957454138, -23.628266159079317 ], [ -46.760845615163113, -23.62806851950187 ], [ -46.760946399101293, -23.627927228081905 ], [ -46.761077170368864, -23.627754068925082 ], [ -46.761125575301506, -23.627676437527835 ], [ -46.761379234102236, -23.627876770015444 ], [ -46.761152584443025, -23.628106768720599 ], [ -46.761341761390618, -23.628281073400977 ], [ -46.761267779376773, -23.62835803182897 ], [ -46.76114785210406, -23.62848902990341 ], [ -46.761076915010896, -23.628587933452319 ], [ -46.761032378698687, -23.628669026390853 ], [ -46.76096947140968, -23.628799371450075 ], [ -46.760917514000461, -23.62889455948746 ], [ -46.760876904293518, -23.628986118716512 ], [ -46.760843949666665, -23.629081090999282 ], [ -46.76081460577398, -23.62916200590918 ], [ -46.760795918864702, -23.629186745332476 ], [ -46.760638351104959, -23.629062403109106 ], [ -46.760538178981861, -23.628965436505347 ], [ -46.760342113688353, -23.628806492714634 ], [ -46.760413039519683, -23.628707589600332 ], [ -46.760502511552495, -23.628573432256513 ], [ -46.760592124006067, -23.628449789685575 ] ] ] ] } },
{ "type": "Feature", "properties": { "id": "habi_nucleo2geosampa.133", "gid": 133, "uuid_id": "0c413d2e-2e7f-4af8-bde2-61a079522bb2", "nome": "SANTA LUCIA II", "nome_secundario": null, "localizacao": "R AFONSO RUI", "tot_domicilio": 164, "areageo_m2": 12049.97, "anoimplant": 1967, "propriedade_area": "Pública" }, "geometry": { "type": "MultiPolygon", "coordinates": [ [ [ [ -46.767912673982778, -23.690463118009745 ], [ -46.767859528793629, -23.69054851027737 ], [ -46.767741197922177, -23.690702041272012 ], [ -46.767523859958423, -23.69092689559422 ], [ -46.767695160151334, -23.691139541307749 ], [ -46.767628222829558, -23.691253353234405 ], [ -46.767388716029416, -23.691173476365314 ], [ -46.767416820497694, -23.690903835692698 ], [ -46.767432927525746, -23.690775129329172 ], [ -46.767454186758435, -23.690600967159025 ], [ -46.767495316769754, -23.690324400416841 ], [ -46.767511521040994, -23.690300300558391 ], [ -46.767535121349212, -23.690300031089443 ], [ -46.7675801727869, -23.690314735337086 ], [ -46.767646616811788, -23.690340063795464 ], [ -46.767741498348435, -23.690373765040164 ], [ -46.767826969057651, -23.690409747405447 ], [ -46.767912673982778, -23.690463118009745 ] ] ], [ [ [ -46.768282465590772, -23.688647956414847 ], [ -46.768299389483204, -23.688678199041387 ], [ -46.768285785724473, -23.688719660926381 ], [ -46.768263063952809, -23.688785139737298 ], [ -46.768254326555954, -23.688837415917302 ], [ -46.768246028269459, -23.688922296023584 ], [ -46.768247550588086, -23.689035326193039 ], [ -46.768265469912642, -23.689139473573118 ], [ -46.768287652819637, -23.689208788234176 ], [ -46.768108121735466, -23.689199968962839 ], [ -46.768117244942275, -23.68935204443261 ], [ -46.768117344711605, -23.689358565079669 ], [ -46.768081533862969, -23.689504631972408 ], [ -46.768041559074355, -23.68969205152996 ], [ -46.767996202845396, -23.689829531938436 ], [ -46.767927936850825, -23.690019449662483 ], [ -46.767958740231578, -23.690027792668417 ], [ -46.768084278649255, -23.690058969883317 ], [ -46.767938389152761, -23.690269338856144 ], [ -46.767898760287842, -23.690306749849608 ], [ -46.767849954695208, -23.690363830315935 ], [ -46.767724006281, -23.690302223048374 ], [ -46.767676542246996, -23.690283198992251 ], [ -46.767595967329356, -23.690260205590754 ], [ -46.767541475790111, -23.690245609135307 ], [ -46.767524803276309, -23.690234929628911 ], [ -46.767522144617686, -23.69021322022769 ], [ -46.767528352737948, -23.690147930069632 ], [ -46.767545916014036, -23.690049899234296 ], [ -46.767560920376262, -23.689936680339727 ], [ -46.767580293569374, -23.68979732302747 ], [ -46.767587192075524, -23.689784200674602 ], [ -46.7676266287801, -23.689557654536483 ], [ -46.767661591444309, -23.689348551833934 ], [ -46.767672624616836, -23.689291902061949 ], [ -46.767701725743507, -23.688998080257658 ], [ -46.767845938272643, -23.689013825132445 ], [ -46.768080545628528, -23.689080713873636 ], [ -46.768091766176802, -23.689037105522605 ], [ -46.768083919093748, -23.688980671363794 ], [ -46.768111853492044, -23.688775996944972 ], [ -46.768157953110936, -23.688692858796127 ], [ -46.768172054568808, -23.688688349648292 ], [ -46.768187702335055, -23.688622950959818 ], [ -46.76806808240206, -23.68861754578478 ], [ -46.768115934172712, -23.688553882344504 ], [ -46.768213534395464, -23.688567397578403 ], [ -46.76825617758923, -23.688624343226731 ], [ -46.768282465590772, -23.688647956414847 ] ] ], [ [ [ -46.76854283919112, -23.688875426000813 ], [ -46.768602870120006, -23.688950830014651 ], [ -46.768605411778076, -23.688963844548947 ], [ -46.768612497963289, -23.689489870557555 ], [ -46.768558240917436, -23.689492664122064 ], [ -46.768513423928368, -23.689495349823513 ], [ -46.768480137520342, -23.689478338422177 ], [ -46.768446628831207, -23.68944393720869 ], [ -46.768419813620113, -23.689381197967499 ], [ -46.768364034155127, -23.689270961305091 ], [ -46.76833929222532, -23.689186457930742 ], [ -46.768309349936331, -23.689067230615947 ], [ -46.768296472643783, -23.688986939780783 ], [ -46.768300255823014, -23.688917328530021 ], [ -46.768308876106055, -23.688856358190545 ], [ -46.768322479877625, -23.68881489698996 ], [ -46.76834543582337, -23.688766807174396 ], [ -46.768361815435192, -23.688755750190893 ], [ -46.768399399806746, -23.688742276596368 ], [ -46.768442126029349, -23.688759180886873 ], [ -46.768485133080418, -23.688797821006414 ], [ -46.76854283919112, -23.688875426000813 ] ] ] ] } },
{ "type": "Feature", "properties": { "id": "habi_nucleo2geosampa.134", "gid": 134, "uuid_id": "aa5b49f7-f79c-421c-8b47-b15c2577217e", "nome": "JARDIM ICARAI I  (UNIFICAÇÃO DO ICARAÍ I - ICARAÍ II E III)", "nome_secundario": null, "localizacao": "RUA HANS GEORG EGGERT", "tot_domicilio": 1713, "areageo_m2": 119398.31, "anoimplant": 1980, "propriedade_area": "Pública" }, "geometry": { "type": "MultiPolygon", "coordinates": [ [ [ [ -46.704171311418811, -23.751088772461841 ], [ -46.704214282091833, -23.750862912843466 ], [ -46.704741540159624, -23.750807793110571 ], [ -46.70487769397841, -23.750686554691494 ], [ -46.70487622655147, -23.750573878081269 ], [ -46.704745247465929, -23.750504890286244 ], [ -46.70444531128247, -23.750388463203777 ], [ -46.704038540912599, -23.750294343709108 ], [ -46.704005829829256, -23.750132708508549 ], [ -46.704126865702158, -23.750025724075655 ], [ -46.704574862911933, -23.749760180183149 ], [ -46.705037150643115, -23.749417001062721 ], [ -46.705187595097378, -23.749218128427611 ], [ -46.705277568022552, -23.749076269464616 ], [ -46.70549622500701, -23.748827340624093 ], [ -46.705627753189155, -23.74893858159172 ], [ -46.70574599896095, -23.749204921649348 ], [ -46.705970620034392, -23.74941374074271 ], [ -46.705741835027517, -23.74947261298162 ], [ -46.705529543760626, -23.749622865722536 ], [ -46.70563111245302, -23.749783740429315 ], [ -46.705479934160294, -23.749926275188923 ], [ -46.705313454187959, -23.750068978698241 ], [ -46.705170347395153, -23.750831234452203 ], [ -46.705001810361622, -23.751403601643336 ], [ -46.704171311418811, -23.751088772461841 ] ] ], [ [ [ -46.705250079638937, -23.749030944338475 ], [ -46.705127244185633, -23.749132291718009 ], [ -46.704982718778218, -23.749355310310865 ], [ -46.704860161837374, -23.749478083595854 ], [ -46.704506154159219, -23.7497034130397 ], [ -46.703997999026647, -23.750009004444394 ], [ -46.703837116062736, -23.750167914950527 ], [ -46.703878043176836, -23.750331742966686 ], [ -46.704080975176204, -23.750422359201355 ], [ -46.704493291234158, -23.750503522354617 ], [ -46.704711835011658, -23.750601108551788 ], [ -46.704253893873961, -23.750591874343467 ], [ -46.703625079274374, -23.750570242352989 ], [ -46.703020563819742, -23.750626902607262 ], [ -46.702609356632216, -23.750631434520486 ], [ -46.702426679930404, -23.750904867309416 ], [ -46.701678856679294, -23.75178469818303 ], [ -46.703017863406281, -23.752815228965471 ], [ -46.70247614121191, -23.753366603447244 ], [ -46.700910310167238, -23.752194969297399 ], [ -46.700204350445567, -23.751830882066209 ], [ -46.699780253415653, -23.752295948796306 ], [ -46.69938572213384, -23.752091574599284 ], [ -46.699711758784296, -23.751522649959504 ], [ -46.699638589976416, -23.751104153115875 ], [ -46.699714703141602, -23.750898610412609 ], [ -46.699987325346548, -23.750663032115334 ], [ -46.700327248050385, -23.750306976461758 ], [ -46.70060319160504, -23.750310683561658 ], [ -46.700803709195618, -23.750215622056999 ], [ -46.700948799617642, -23.750035459207012 ], [ -46.70109064773834, -23.749605341109088 ], [ -46.70110221148957, -23.749898063017138 ], [ -46.701173707285669, -23.750025840038653 ], [ -46.70122174049984, -23.750139594729013 ], [ -46.701184900071532, -23.750289993731066 ], [ -46.70110944981603, -23.750455103945793 ], [ -46.700980428193382, -23.750677948451386 ], [ -46.701028838648995, -23.75082026578831 ], [ -46.701138846114404, -23.750926195103681 ], [ -46.701295043106896, -23.751003043465996 ], [ -46.702320018164279, -23.749863221404976 ], [ -46.703537363948108, -23.748599851394072 ], [ -46.703725425566617, -23.748740628117343 ], [ -46.703908747401314, -23.748517188300866 ], [ -46.70415176672752, -23.748707359857729 ], [ -46.704062476320807, -23.749001188049991 ], [ -46.703957016926708, -23.749245198595098 ], [ -46.703819783598512, -23.74943242048364 ], [ -46.703843705282893, -23.749482158110645 ], [ -46.703944194549372, -23.749452477722205 ], [ -46.704329982389396, -23.749283943468882 ], [ -46.704850489934579, -23.748735361858891 ], [ -46.705250079638937, -23.749030944338475 ] ] ] ] } },
{ "type": "Feature", "properties": { "id": "habi_nucleo2geosampa.135", "gid": 135, "uuid_id": "44798400-8588-4beb-acdf-7352c3630576", "nome": "VILA NOSSA SENHORA APARECIDA", "nome_secundario": null, "localizacao": "RUA ABEL TAVARES", "tot_domicilio": 235, "areageo_m2": 10800.9, "anoimplant": 1984, "propriedade_area": "Pública/Particular" }, "geometry": { "type": "MultiPolygon", "coordinates": [ [ [ [ -46.468370440140923, -23.495392209316069 ], [ -46.467534423728324, -23.494382466970727 ], [ -46.466758413330105, -23.495265254573553 ], [ -46.46785640857896, -23.495518364034499 ], [ -46.468182149843635, -23.49567144230404 ], [ -46.468370440140923, -23.495392209316069 ] ] ] ] } },
{ "type": "Feature", "properties": { "id": "habi_nucleo2geosampa.136", "gid": 136, "uuid_id": "2173949e-ae52-42d1-9cfa-5e2f00b86835", "nome": "SANTANA", "nome_secundario": null, "localizacao": "AVENIDA RIBEIRÃO JACU / RUA FLOR DA AURORA", "tot_domicilio": 100, "areageo_m2": 11543.84, "anoimplant": 1989, "propriedade_area": "Pública" }, "geometry": { "type": "MultiPolygon", "coordinates": [ [ [ [ -46.456621200871744, -23.512064410075425 ], [ -46.456331367420951, -23.512049883439825 ], [ -46.456530017707117, -23.509721377768035 ], [ -46.456516029094438, -23.509299262232286 ], [ -46.456358539382109, -23.508855533427202 ], [ -46.456520635971842, -23.508868353898915 ], [ -46.456674018588735, -23.50922022583779 ], [ -46.456752084542863, -23.509521100109758 ], [ -46.456859501352007, -23.509942341529158 ], [ -46.45686528356029, -23.510467937841021 ], [ -46.456807272857887, -23.511140618263866 ], [ -46.456621200871744, -23.512064410075425 ] ] ] ] } },
{ "type": "Feature", "properties": { "id": "habi_nucleo2geosampa.137", "gid": 137, "uuid_id": "8e81106b-b56c-469c-b5ed-9d98d3ccf275", "nome": "TIETÊ / VITOTOMA", "nome_secundario": "VITOTOMA MASTROROZA", "localizacao": "RUA VITOTOMA MASTROROZA", "tot_domicilio": 254, "areageo_m2": 20608.88, "anoimplant": 1960, "propriedade_area": "Pública" }, "geometry": { "type": "MultiPolygon", "coordinates": [ [ [ [ -46.492374017685904, -23.586516954682082 ], [ -46.492509761584529, -23.586930065747385 ], [ -46.492123183476899, -23.586956441626192 ], [ -46.492276460147465, -23.586518042338209 ], [ -46.492374017685904, -23.586516954682082 ] ] ], [ [ [ -46.493682388076913, -23.588192733032372 ], [ -46.493247341257202, -23.58816968504442 ], [ -46.493200745298502, -23.588072637818936 ], [ -46.492963255553718, -23.588153421749169 ], [ -46.492936785128961, -23.587899427513829 ], [ -46.49288419360424, -23.587719762456299 ], [ -46.492784498695265, -23.587398139275003 ], [ -46.49257704752057, -23.586873487222611 ], [ -46.492781971903852, -23.586761114673479 ], [ -46.49258038812517, -23.586281818665597 ], [ -46.492380196732661, -23.586363068840114 ], [ -46.49231896833826, -23.586261391825648 ], [ -46.492132211766958, -23.586196158320835 ], [ -46.492291568462143, -23.586120082439894 ], [ -46.492395846129384, -23.585838191704593 ], [ -46.492206400844708, -23.585305971130527 ], [ -46.492235162258133, -23.585052405662132 ], [ -46.492340869912432, -23.5850007194204 ], [ -46.493021783824439, -23.58657847136541 ], [ -46.493682388076913, -23.588192733032372 ] ] ], [ [ [ -46.49393023122861, -23.588717480393221 ], [ -46.494123041020039, -23.589247764943263 ], [ -46.493564813212494, -23.589440950363162 ], [ -46.49347636234203, -23.589128777155306 ], [ -46.493491749408115, -23.588987769614366 ], [ -46.493456369182638, -23.588862897006162 ], [ -46.49393023122861, -23.588717480393221 ] ] ] ] } },
{ "type": "Feature", "properties": { "id": "habi_nucleo2geosampa.138", "gid": 138, "uuid_id": "1c49458b-a7de-4384-bbdf-ee6853752672", "nome": "GAVIÃO REAL", "nome_secundario": null, "localizacao": "RUA GAVIÃO REAL / RUA DOS RALÍDEOS", "tot_domicilio": 45, "areageo_m2": 3998.43, "anoimplant": 1980, "propriedade_area": "Pública" }, "geometry": { "type": "MultiPolygon", "coordinates": [ [ [ [ -46.727961341560992, -23.430236253297487 ], [ -46.727899468999475, -23.430426955612365 ], [ -46.727845629827726, -23.430492864525196 ], [ -46.727751006975055, -23.430639396681347 ], [ -46.72769131214411, -23.430749902949252 ], [ -46.727647468737082, -23.430842447147942 ], [ -46.727156883337088, -23.430726142992729 ], [ -46.727181424594342, -23.430633834489342 ], [ -46.727294502218975, -23.430421785438693 ], [ -46.727443003113606, -23.430212294107406 ], [ -46.72748964266799, -23.430087095534226 ], [ -46.727961341560992, -23.430236253297487 ] ] ] ] } },
{ "type": "Feature", "properties": { "id": "habi_nucleo2geosampa.139", "gid": 139, "uuid_id": "21ae396f-faf5-4bc2-815f-a2c94c22c85e", "nome": "VILA UNIÃO", "nome_secundario": "FILIPE DE MOURA", "localizacao": "RUA FILIPE DE MOURA / RUA ORLANDO AUGUSTO DA SILVA / RUA GÊMEOS", "tot_domicilio": 403, "areageo_m2": 42866.48, "anoimplant": 1988, "propriedade_area": "Pública" }, "geometry": { "type": "MultiPolygon", "coordinates": [ [ [ [ -46.461502116079338, -23.613245806187379 ], [ -46.461581158730517, -23.613233833910396 ], [ -46.461613534098753, -23.613407488889163 ], [ -46.461645224862892, -23.613519415322244 ], [ -46.461779928184278, -23.613585484262828 ], [ -46.461240618596904, -23.61437617077166 ], [ -46.461050356169316, -23.614243287711123 ], [ -46.460830331091998, -23.614172407808173 ], [ -46.460745083684792, -23.614173210218514 ], [ -46.460562779227438, -23.614208598034701 ], [ -46.460375015808118, -23.614300145860685 ], [ -46.46016997271694, -23.61448164322049 ], [ -46.459821263272843, -23.614888952526563 ], [ -46.459514074929785, -23.614644937032448 ], [ -46.459286280669936, -23.614422617531876 ], [ -46.45915021165608, -23.614233107276164 ], [ -46.459106773810724, -23.614160564482869 ], [ -46.45904370680136, -23.613964759649058 ], [ -46.45902407756121, -23.613841491296686 ], [ -46.459035937966384, -23.613813322194368 ], [ -46.45942664395664, -23.613349504505742 ], [ -46.459444546234934, -23.613315669568813 ], [ -46.458941620996399, -23.612994933952905 ], [ -46.459271806067562, -23.61256535670568 ], [ -46.459430065828442, -23.612558255086281 ], [ -46.459588064258689, -23.612528711671445 ], [ -46.459727439233006, -23.612465676671423 ], [ -46.459878674127964, -23.612374467880926 ], [ -46.460030953897245, -23.61237864891994 ], [ -46.460380592399993, -23.612605429098593 ], [ -46.460376303298482, -23.612768201501844 ], [ -46.460415204543523, -23.612981074583676 ], [ -46.460434399555439, -23.613065061309594 ], [ -46.460471621014349, -23.613126440633586 ], [ -46.460630752050442, -23.613197894243392 ], [ -46.460783468075185, -23.613241344155568 ], [ -46.461027472963949, -23.61327832736448 ], [ -46.461173425298163, -23.613260122724594 ], [ -46.461343930654387, -23.613258517334245 ], [ -46.461502116079338, -23.613245806187379 ] ] ] ] } },
{ "type": "Feature", "properties": { "id": "habi_nucleo2geosampa.140", "gid": 140, "uuid_id": "27661237-8e3b-34be-8987-b0e9307bd034", "nome": "QUATÁ 1062", "nome_secundario": null, "localizacao": "RUA QUATÁ, 1062", "tot_domicilio": 0, "areageo_m2": 85.95, "anoimplant": 0, "propriedade_area": "Pública" }, "geometry": { "type": "MultiPolygon", "coordinates": [ [ [ [ -46.683268960471366, -23.595709563503373 ], [ -46.683299865182825, -23.595693459666656 ], [ -46.683177546140357, -23.59549409163375 ], [ -46.683149697168737, -23.595505861735848 ], [ -46.683268960471366, -23.595709563503373 ] ] ] ] } },
{ "type": "Feature", "properties": { "id": "habi_nucleo2geosampa.141", "gid": 141, "uuid_id": "295bb58f-b544-42d5-88f6-b56ef6847d39", "nome": "VILA SANTA FRANCISCA CABRINI IV", "nome_secundario": null, "localizacao": "RUA EURIDICE DE CACCINE", "tot_domicilio": 312, "areageo_m2": 23378.03, "anoimplant": 1979, "propriedade_area": "Pública" }, "geometry": { "type": "MultiPolygon", "coordinates": [ [ [ [ -46.706511914708479, -23.760597484015591 ], [ -46.70601940452007, -23.760419763366997 ], [ -46.706080046608037, -23.760287738205708 ], [ -46.706584486546753, -23.760437732165492 ], [ -46.70676579792093, -23.760046935134937 ], [ -46.707123835921813, -23.759234436720767 ], [ -46.707304987717414, -23.758725410552589 ], [ -46.707679563492057, -23.758061236804618 ], [ -46.706717174474889, -23.757810046458673 ], [ -46.70681578765079, -23.757693727111338 ], [ -46.706878073841068, -23.757708080314952 ], [ -46.70690734920899, -23.757673297063043 ], [ -46.70792537437061, -23.757867342384884 ], [ -46.707583753499605, -23.758698337954645 ], [ -46.707115883614193, -23.759899302521056 ], [ -46.707328038383139, -23.760017394759558 ], [ -46.70716134326792, -23.760280085745144 ], [ -46.707082703014237, -23.760495304630055 ], [ -46.707031504200955, -23.760599755783591 ], [ -46.706991368823623, -23.760672389865018 ], [ -46.706991358515218, -23.760696404597141 ], [ -46.706870006572409, -23.76204681514184 ], [ -46.706742788489301, -23.762106560513878 ], [ -46.706597623277347, -23.762100873299243 ], [ -46.706458859898831, -23.762051218879844 ], [ -46.706287460439704, -23.761972585119796 ], [ -46.706167334513054, -23.761919703788479 ], [ -46.706071050060004, -23.761872213466479 ], [ -46.706252430601971, -23.761375862027972 ], [ -46.706511914708479, -23.760597484015591 ] ] ] ] } },
{ "type": "Feature", "properties": { "id": "habi_nucleo2geosampa.142", "gid": 142, "uuid_id": "2a3d8e4a-fe24-4149-bb52-9eabce3c000a", "nome": "RAUL LINO", "nome_secundario": "JARDIM TAMOIS", "localizacao": "RUA RAUL LINO 632", "tot_domicilio": 9, "areageo_m2": 543.64, "anoimplant": 1976, "propriedade_area": "Pública" }, "geometry": { "type": "MultiPolygon", "coordinates": [ [ [ [ -46.775688491432611, -23.685899027626483 ], [ -46.775494287283259, -23.685838807212654 ], [ -46.775568789559038, -23.685590472769476 ], [ -46.775712415570297, -23.685625832031455 ], [ -46.775714104282123, -23.685750708656268 ], [ -46.775688491432611, -23.685899027626483 ] ] ] ] } },
{ "type": "Feature", "properties": { "id": "habi_nucleo2geosampa.143", "gid": 143, "uuid_id": "46eedb0e-304a-47f5-9a8d-b7c950f79358", "nome": "ALBERTO DE MELO", "nome_secundario": null, "localizacao": "RUA LOUREIRO DAS NEVES", "tot_domicilio": 25, "areageo_m2": 2969.25, "anoimplant": 1982, "propriedade_area": "Pública" }, "geometry": { "type": "MultiPolygon", "coordinates": [ [ [ [ -46.389110571281201, -23.515363002255878 ], [ -46.389231527032997, -23.51560226787101 ], [ -46.389047330873169, -23.51567385999947 ], [ -46.388470164704444, -23.515891892703188 ], [ -46.388408515611445, -23.515887654325699 ], [ -46.388358100672939, -23.515869390702054 ], [ -46.388250890240698, -23.515802802178811 ], [ -46.388161231926105, -23.515784326005981 ], [ -46.388048580676063, -23.515797117790232 ], [ -46.388036468406945, -23.515767037710535 ], [ -46.389110571281201, -23.515363002255878 ] ] ] ] } },
{ "type": "Feature", "properties": { "id": "habi_nucleo2geosampa.160", "gid": 160, "uuid_id": "4935439c-ec48-4a5e-8b95-5aa0bab26f70", "nome": "COLORADO", "nome_secundario": "JARDIM MARIA LUISA", "localizacao": "RUA RAFAEL BARBOSA", "tot_domicilio": 5, "areageo_m2": 2791.78, "anoimplant": 1968, "propriedade_area": "Pública" }, "geometry": { "type": "MultiPolygon", "coordinates": [ [ [ [ -46.754591951563377, -23.582046288667897 ], [ -46.754633776690923, -23.582033631544949 ], [ -46.754837347300189, -23.582137410574305 ], [ -46.754945887812234, -23.582151474992344 ], [ -46.755414366270145, -23.582254171570483 ], [ -46.755330691513038, -23.582647894379253 ], [ -46.754937787325794, -23.582438982038404 ], [ -46.754533871725961, -23.582220636381241 ], [ -46.754591951563377, -23.582046288667897 ] ] ] ] } },
{ "type": "Feature", "properties": { "id": "habi_nucleo2geosampa.144", "gid": 144, "uuid_id": "1a42d465-1c60-4ebf-83cb-01c2c5c23d29", "nome": "PARQUE FERNANDA I", "nome_secundario": null, "localizacao": "RUA SERAFIM PONTE GRANDE", "tot_domicilio": 809, "areageo_m2": 75709.1, "anoimplant": 1965, "propriedade_area": "Pública" }, "geometry": { "type": "MultiPolygon", "coordinates": [ [ [ [ -46.790728139144818, -23.668150820316061 ], [ -46.79075007545525, -23.668162037064533 ], [ -46.790797168386895, -23.668190168832286 ], [ -46.790925583507565, -23.66824603590894 ], [ -46.791069827736102, -23.66832179275881 ], [ -46.791191979434274, -23.668374864953755 ], [ -46.791285672776702, -23.668396722213203 ], [ -46.791388396336387, -23.668395534334444 ], [ -46.791472328887473, -23.66838596112872 ], [ -46.791689208804542, -23.668308895364714 ], [ -46.791881307427744, -23.668240718534527 ], [ -46.792067337663802, -23.668184082689034 ], [ -46.792286250151598, -23.668256107493313 ], [ -46.792439407768235, -23.66830021668536 ], [ -46.792464345179667, -23.668302795887037 ], [ -46.792424544242273, -23.668352004775663 ], [ -46.79232279835275, -23.668424871716692 ], [ -46.79222688592796, -23.668468995641575 ], [ -46.792214554058923, -23.668477740886331 ], [ -46.792264880920335, -23.668743843791091 ], [ -46.792544566268262, -23.668706196626037 ], [ -46.792601873567214, -23.66902670313905 ], [ -46.792567866901926, -23.669044302493656 ], [ -46.792273121678598, -23.669119402009944 ], [ -46.792167553035732, -23.669140696999488 ], [ -46.792012070109465, -23.669153966101049 ], [ -46.791778448740736, -23.669145198245403 ], [ -46.791557745668136, -23.669170691603451 ], [ -46.791330896026729, -23.669201990549293 ], [ -46.791128905680878, -23.669230134660722 ], [ -46.790871049883492, -23.669270394719032 ], [ -46.79075614984724, -23.669291795955615 ], [ -46.790656727236545, -23.669307283373378 ], [ -46.790336651870362, -23.669351128854863 ], [ -46.790343579618082, -23.669402665613418 ], [ -46.790225482948017, -23.669418368590243 ], [ -46.790169371151734, -23.66941328155713 ], [ -46.790195217470206, -23.669553488529555 ], [ -46.790210129059929, -23.669662290721334 ], [ -46.789890013576837, -23.669703268723268 ], [ -46.789604088422195, -23.669740983315123 ], [ -46.789408216204727, -23.669760451974923 ], [ -46.789128320200902, -23.669783757961827 ], [ -46.78909204878029, -23.66963506185752 ], [ -46.789065954307283, -23.669580859094484 ], [ -46.788958262745581, -23.669412935803887 ], [ -46.788819345330708, -23.669271160530474 ], [ -46.788746780394696, -23.669200308709513 ], [ -46.788724636975516, -23.669174755976979 ], [ -46.788680506272421, -23.669135119723059 ], [ -46.788655139466655, -23.669101001618426 ], [ -46.788648407523368, -23.66906380058203 ], [ -46.788657309212681, -23.66903215385285 ], [ -46.788767815261352, -23.668916174456143 ], [ -46.788838089328678, -23.668817864747759 ], [ -46.788874656432725, -23.668760090787885 ], [ -46.78888310166468, -23.668694038996691 ], [ -46.788876174542551, -23.668642502131434 ], [ -46.788715060147624, -23.668242900086629 ], [ -46.788711797732596, -23.668231467419048 ], [ -46.788695605918072, -23.668185773028817 ], [ -46.788592164619509, -23.667905943750583 ], [ -46.788511920392544, -23.667729079615537 ], [ -46.788464137709163, -23.667649338895405 ], [ -46.788419746449947, -23.667589631927861 ], [ -46.788331681440027, -23.667524694299249 ], [ -46.78820502151973, -23.667475208692789 ], [ -46.788132537900275, -23.667532727931718 ], [ -46.787994249889287, -23.667666233382086 ], [ -46.787893047916853, -23.66777923777402 ], [ -46.787675930448508, -23.66760968761519 ], [ -46.787543669909823, -23.667499378148804 ], [ -46.787704128196246, -23.667394293444829 ], [ -46.787926258519136, -23.667245482514726 ], [ -46.788058789748746, -23.667146454610304 ], [ -46.788230891614994, -23.66721042237328 ], [ -46.788337122806468, -23.667237872271475 ], [ -46.788552964724957, -23.66731280505935 ], [ -46.788772186343614, -23.667407772117787 ], [ -46.789016201323115, -23.667493849942982 ], [ -46.789035343327406, -23.667528039893611 ], [ -46.789128567408582, -23.667515492915907 ], [ -46.789175464610558, -23.667529288687039 ], [ -46.789400482129111, -23.667592644620367 ], [ -46.78972270116877, -23.667706493425403 ], [ -46.789895038765088, -23.667787662378782 ], [ -46.790252214697475, -23.667952722276642 ], [ -46.790515256797789, -23.668064386159461 ], [ -46.790537154011496, -23.668072735637011 ], [ -46.7906717934924, -23.668128530991208 ], [ -46.790728139144818, -23.668150820316061 ] ] ], [ [ [ -46.791891442091973, -23.669212713153961 ], [ -46.791904216044749, -23.669235506034457 ], [ -46.791889195853095, -23.669275826260005 ], [ -46.791846041572505, -23.669307868668636 ], [ -46.791740640996743, -23.669340631068991 ], [ -46.791619817236622, -23.669385042797749 ], [ -46.791496043385003, -23.669440958191505 ], [ -46.791406483764156, -23.669493610752212 ], [ -46.791332545907125, -23.669551817429859 ], [ -46.791316677617893, -23.66952906028305 ], [ -46.791282553380576, -23.669538057468447 ], [ -46.791262773222421, -23.669457993923686 ], [ -46.791257204729384, -23.669277400168259 ], [ -46.791586505110359, -23.669224842852142 ], [ -46.791738803677617, -23.669205876186727 ], [ -46.791860084415617, -23.669195870058598 ], [ -46.791891442091973, -23.669212713153961 ] ] ], [ [ [ -46.795012447362993, -23.668175792628237 ], [ -46.795019494317792, -23.668235930277934 ], [ -46.795010398408948, -23.668253240800176 ], [ -46.794988841428555, -23.668270696401418 ], [ -46.794874060626597, -23.66830070249144 ], [ -46.794746818671079, -23.668330852184376 ], [ -46.79460066802519, -23.668344015706527 ], [ -46.79435810880225, -23.668364031356472 ], [ -46.794155846654554, -23.668372108909583 ], [ -46.793984523593316, -23.668365490520628 ], [ -46.793766275445613, -23.668342209499336 ], [ -46.79353533148911, -23.668301870026724 ], [ -46.793210733272751, -23.668242540788107 ], [ -46.792929680122192, -23.668179839802896 ], [ -46.792811193853289, -23.66816687305025 ], [ -46.792717969824174, -23.668179422250958 ], [ -46.792547507345198, -23.668235879409711 ], [ -46.792482366045014, -23.668253838324159 ], [ -46.792438794029913, -23.668254342497882 ], [ -46.792329103113417, -23.66820112782084 ], [ -46.792263179766387, -23.66816174407662 ], [ -46.792234498514716, -23.668113326862301 ], [ -46.792230805699688, -23.668070356045654 ], [ -46.792422305142303, -23.667959171966618 ], [ -46.792567790897834, -23.66789726916469 ], [ -46.792648487424941, -23.667879130216487 ], [ -46.792863041692343, -23.667859441394945 ], [ -46.793018562068262, -23.667849038833811 ], [ -46.793211492726009, -23.66784107013444 ], [ -46.793411027208379, -23.66786170088362 ], [ -46.793779079006171, -23.66791192401854 ], [ -46.793919552673181, -23.667938972796374 ], [ -46.794094216331274, -23.667962758413349 ], [ -46.794243954620526, -23.667983964778553 ], [ -46.794352784807799, -23.667974101654686 ], [ -46.794492698586289, -23.66796101063338 ], [ -46.794682236864567, -23.667933006517767 ], [ -46.794946352154305, -23.667895535507924 ], [ -46.794976130800038, -23.668024231640889 ], [ -46.795012447362993, -23.668175792628237 ] ] ] ] } },
{ "type": "Feature", "properties": { "id": "habi_nucleo2geosampa.145", "gid": 145, "uuid_id": "ab03f889-ca13-350d-a74b-41bbdd64870c", "nome": "RICARDO CIPICCHIA", "nome_secundario": null, "localizacao": "RUA RICARDO CIPICCHIA", "tot_domicilio": 2, "areageo_m2": 97.4, "anoimplant": 2000, "propriedade_area": "Pública" }, "geometry": { "type": "MultiPolygon", "coordinates": [ [ [ [ -46.748694893762071, -23.565984702736724 ], [ -46.748694944372119, -23.565988524833685 ], [ -46.748677070090224, -23.566047977270436 ], [ -46.748787556691575, -23.566092606126411 ], [ -46.748807276359969, -23.566015930917523 ], [ -46.748696941649264, -23.565982768361849 ], [ -46.748694893762071, -23.565984702736724 ] ] ] ] } },
{ "type": "Feature", "properties": { "id": "habi_nucleo2geosampa.146", "gid": 146, "uuid_id": "1be2c820-2f79-4149-9398-cc58f2459b34", "nome": "BELEM DE MARIA", "nome_secundario": null, "localizacao": "RUA BELÉM DE MARIA / RUA ENSEADA DE LUCENA", "tot_domicilio": 35, "areageo_m2": 4202.13, "anoimplant": 1977, "propriedade_area": "Pública" }, "geometry": { "type": "MultiPolygon", "coordinates": [ [ [ [ -46.755678272119404, -23.456813166101565 ], [ -46.755454741910889, -23.456785744569654 ], [ -46.755243081713694, -23.456735714006626 ], [ -46.75510014481975, -23.456666198924271 ], [ -46.754985263527686, -23.45657017272746 ], [ -46.754833362262481, -23.456437097051303 ], [ -46.754745992509619, -23.456273379757796 ], [ -46.755239021615061, -23.456121843082528 ], [ -46.7552848334782, -23.456211162023877 ], [ -46.7553624595581, -23.456251474496469 ], [ -46.755440047844743, -23.45628802315462 ], [ -46.755553840643714, -23.45630173318364 ], [ -46.755557354841073, -23.456567476854186 ], [ -46.755687332762619, -23.456577240404098 ], [ -46.755678272119404, -23.456813166101565 ] ] ] ] } },
{ "type": "Feature", "properties": { "id": "habi_nucleo2geosampa.147", "gid": 147, "uuid_id": "1ffd8ec3-493b-4fc9-abab-d0e87c164feb", "nome": "GASPAR MADEIRA", "nome_secundario": "MANOEL CHAVES", "localizacao": "RUA MANOEL CHAVES / RUA FORTE DOS REIS MAGOS", "tot_domicilio": 233, "areageo_m2": 22310.16, "anoimplant": 1975, "propriedade_area": "Pública" }, "geometry": { "type": "MultiPolygon", "coordinates": [ [ [ [ -46.458958641050536, -23.623298923628347 ], [ -46.459496809327881, -23.624044097865347 ], [ -46.459219931057504, -23.62472594474011 ], [ -46.45947783477591, -23.624687598555905 ], [ -46.459453026567736, -23.624759015810962 ], [ -46.459441948876211, -23.624925836629 ], [ -46.459434829591629, -23.625449873210417 ], [ -46.459454748045204, -23.626080833497252 ], [ -46.458937949909625, -23.62609760434329 ], [ -46.459051496183939, -23.627013483259617 ], [ -46.458845113661937, -23.627051153900275 ], [ -46.458731132129913, -23.626088602862772 ], [ -46.458634664134159, -23.625600226815802 ], [ -46.458645326314709, -23.625350125619356 ], [ -46.458761363384518, -23.6253252147757 ], [ -46.459052427003535, -23.624786788611285 ], [ -46.459049603214346, -23.624524639797084 ], [ -46.458592968878236, -23.624124046273952 ], [ -46.458446456378518, -23.623732446242755 ], [ -46.458509761881395, -23.623612763076562 ], [ -46.45848114343837, -23.62336295708036 ], [ -46.458958641050536, -23.623298923628347 ] ] ] ] } },
{ "type": "Feature", "properties": { "id": "habi_nucleo2geosampa.148", "gid": 148, "uuid_id": "3d793617-6ac7-46d9-b4f0-f336e2565e0a", "nome": "ADALBERTO KURT 2", "nome_secundario": "JOÃO DE ALMEIDA E SILVA", "localizacao": "RUA ADALBERTO KURT / RUA JOÃO DE ALMEIDA E SILVA", "tot_domicilio": 7, "areageo_m2": 1590.61, "anoimplant": 1977, "propriedade_area": "Pública" }, "geometry": { "type": "MultiPolygon", "coordinates": [ [ [ [ -46.732009226119679, -23.483815064997547 ], [ -46.732148154056972, -23.483913032200633 ], [ -46.732153845636979, -23.483921547501208 ], [ -46.732252081421905, -23.484037124020144 ], [ -46.731904403352488, -23.48433437523116 ], [ -46.731702083649047, -23.484082698114481 ], [ -46.731849459314404, -23.483972970457334 ], [ -46.731922978985381, -23.483905240603427 ], [ -46.732009226119679, -23.483815064997547 ] ] ] ] } },
{ "type": "Feature", "properties": { "id": "habi_nucleo2geosampa.149", "gid": 149, "uuid_id": "4fabcd68-68d4-4e0c-b4aa-19826f76d173", "nome": "DEZENOVE", "nome_secundario": null, "localizacao": "AVENIDA DOUTOR SEBASTIÃO DE MEDEIROS", "tot_domicilio": 531, "areageo_m2": 22710.44, "anoimplant": 1957, "propriedade_area": "Pública" }, "geometry": { "type": "MultiPolygon", "coordinates": [ [ [ [ -46.697456669911055, -23.718671988454716 ], [ -46.69737933023201, -23.718863341087953 ], [ -46.697176716777001, -23.71909306631958 ], [ -46.697101842026413, -23.719262115399584 ], [ -46.697075700729172, -23.719383146652824 ], [ -46.697361105954911, -23.719639359980299 ], [ -46.696900432205645, -23.720020494149956 ], [ -46.696509587592637, -23.720223151760539 ], [ -46.696021035988139, -23.72043870066485 ], [ -46.695687068193891, -23.720667379905649 ], [ -46.695163044495885, -23.720845316680009 ], [ -46.694865174038185, -23.720886804015965 ], [ -46.694534072874212, -23.720935844045414 ], [ -46.694226284690984, -23.721019326232305 ], [ -46.694027137807176, -23.721172054092428 ], [ -46.693898601616574, -23.721283003915097 ], [ -46.693776187013192, -23.721213465541346 ], [ -46.694021386824673, -23.720904985476778 ], [ -46.694242903123538, -23.720731846644917 ], [ -46.694476770241074, -23.720614251964019 ], [ -46.694715793587278, -23.720562920867092 ], [ -46.695232291975017, -23.720487196687856 ], [ -46.695731755599063, -23.720271530557852 ], [ -46.696191519643186, -23.719943974708464 ], [ -46.697038966750547, -23.71924827576202 ], [ -46.697086109505378, -23.719079603899491 ], [ -46.697044850796367, -23.718809997713986 ], [ -46.697456669911055, -23.718671988454716 ] ] ], [ [ [ -46.698522354315607, -23.718621229574751 ], [ -46.698358879272597, -23.719009768560301 ], [ -46.698228637380097, -23.718960018625051 ], [ -46.697995346923989, -23.719190960506189 ], [ -46.697788815423422, -23.719369199542175 ], [ -46.697428646302122, -23.719058719090313 ], [ -46.697427668501753, -23.718992580649548 ], [ -46.69756644331769, -23.718860560355868 ], [ -46.69757915831206, -23.718664201420069 ], [ -46.697800175614475, -23.718583377092813 ], [ -46.698038954216152, -23.71856123435569 ], [ -46.698303684342598, -23.718478359916467 ], [ -46.698522354315607, -23.718621229574751 ] ] ] ] } },
{ "type": "Feature", "properties": { "id": "habi_nucleo2geosampa.150", "gid": 150, "uuid_id": "1a3dff26-5158-4f18-a0bb-f4d7c1e20917", "nome": "JOSÉ FERNANDES NUNES", "nome_secundario": null, "localizacao": "RUA JOSÉ FERNANDES NUNES / RUA JUVENTINO MIGUEL", "tot_domicilio": 20, "areageo_m2": 1259.76, "anoimplant": 1992, "propriedade_area": "Pública" }, "geometry": { "type": "MultiPolygon", "coordinates": [ [ [ [ -46.607348698203189, -23.64680651591523 ], [ -46.607350513967887, -23.646955135049609 ], [ -46.607177175978379, -23.646931082812788 ], [ -46.60703426237415, -23.646908866815583 ], [ -46.606870304958747, -23.646886871560753 ], [ -46.606684964736054, -23.646837093801789 ], [ -46.606579248547597, -23.646797258028602 ], [ -46.606539239324512, -23.646776132426524 ], [ -46.606536453635869, -23.646739539061095 ], [ -46.606535796100836, -23.646685692562656 ], [ -46.606638910596324, -23.646704012358384 ], [ -46.606749142952836, -23.64673087385097 ], [ -46.606873272068903, -23.646746821110494 ], [ -46.607023069520565, -23.646758193044683 ], [ -46.607170607368204, -23.646776049223739 ], [ -46.607348698203189, -23.64680651591523 ] ] ] ] } },
{ "type": "Feature", "properties": { "id": "habi_nucleo2geosampa.151", "gid": 151, "uuid_id": "ceaaddb8-dd20-3209-9adf-3a3f79517dcd", "nome": "PARAÍSO", "nome_secundario": null, "localizacao": "RUA DO PARAÍSO, 141", "tot_domicilio": 3, "areageo_m2": 236.77, "anoimplant": 2010, "propriedade_area": "Pública" }, "geometry": { "type": "MultiPolygon", "coordinates": [ [ [ [ -46.64157451374173, -23.572542677877792 ], [ -46.641586809365705, -23.572593439124326 ], [ -46.641457264929521, -23.572619177974431 ], [ -46.641512990671437, -23.572785598266645 ], [ -46.641420731858723, -23.572808076115894 ], [ -46.641412399885461, -23.572638288074522 ], [ -46.6414116826151, -23.572580595134554 ], [ -46.64157451374173, -23.572542677877792 ] ] ] ] } },
{ "type": "Feature", "properties": { "id": "habi_nucleo2geosampa.152", "gid": 152, "uuid_id": "7b581680-e81a-418f-9ae5-d114f05a4efa", "nome": "JARDIM SÃO JOAQUIM", "nome_secundario": null, "localizacao": null, "tot_domicilio": 23, "areageo_m2": 1706.26, "anoimplant": 0, "propriedade_area": "Pública" }, "geometry": { "type": "MultiPolygon", "coordinates": [ [ [ [ -46.750125802747903, -23.687985121315773 ], [ -46.749867590031947, -23.687547837709328 ], [ -46.750125236207481, -23.687368844388406 ], [ -46.750352413824039, -23.687486011132304 ], [ -46.750185428848305, -23.687868233824876 ], [ -46.750125802747903, -23.687985121315773 ] ] ] ] } },
{ "type": "Feature", "properties": { "id": "habi_nucleo2geosampa.153", "gid": 153, "uuid_id": "9a31f5cc-67a6-44ce-b093-e189bcddb0d2", "nome": "FUNAPS MUTIRÃO", "nome_secundario": null, "localizacao": null, "tot_domicilio": 0, "areageo_m2": 12899.41, "anoimplant": 0, "propriedade_area": "Sem informação" }, "geometry": { "type": "MultiPolygon", "coordinates": [ [ [ [ -46.686282487102361, -23.512853968886105 ], [ -46.686722877947787, -23.512849198489217 ], [ -46.68677460359963, -23.51335037733169 ], [ -46.687099570755649, -23.512928740289976 ], [ -46.687313518219923, -23.512944341052084 ], [ -46.687353746277388, -23.513051420605805 ], [ -46.687216974797245, -23.513500884210707 ], [ -46.687065423232902, -23.513807153838645 ], [ -46.686925910627345, -23.514041615874547 ], [ -46.686650621300892, -23.514295468073669 ], [ -46.686438725723775, -23.514441117591694 ], [ -46.686316282426155, -23.514490228578811 ], [ -46.686244693955537, -23.512938001432648 ], [ -46.686282487102361, -23.512853968886105 ] ] ] ] } },
{ "type": "Feature", "properties": { "id": "habi_nucleo2geosampa.154", "gid": 154, "uuid_id": "25aad998-cfda-49c5-86a1-f43153a2c6f5", "nome": "AGOSTINHO GUALDA MARTIN", "nome_secundario": null, "localizacao": "RUA AGOSTINHO GUALDA MARTIN", "tot_domicilio": 4, "areageo_m2": 1191.58, "anoimplant": 1982, "propriedade_area": "Pública" }, "geometry": { "type": "MultiPolygon", "coordinates": [ [ [ [ -46.692450021598106, -23.665654329354513 ], [ -46.692205765749172, -23.66515518496238 ], [ -46.692277240364334, -23.664907318626611 ], [ -46.692443146014021, -23.664905506390959 ], [ -46.69242588952563, -23.665068720456119 ], [ -46.692458581679269, -23.665674614207955 ], [ -46.692450021598106, -23.665654329354513 ] ] ] ] } },
{ "type": "Feature", "properties": { "id": "habi_nucleo2geosampa.155", "gid": 155, "uuid_id": "69884749-7855-4599-823a-53a16f129830", "nome": "ALTO DA RIVIERA IV", "nome_secundario": null, "localizacao": "R GIL SIMOES DA COSTA / AV. PROF. MARIO MAZAGÃO", "tot_domicilio": 73, "areageo_m2": 3114.55, "anoimplant": 1979, "propriedade_area": "Pública" }, "geometry": { "type": "MultiPolygon", "coordinates": [ [ [ [ -46.762739598017255, -23.698781907378784 ], [ -46.762867892407357, -23.698942129275927 ], [ -46.763099057042822, -23.699270388606983 ], [ -46.762717178086177, -23.699364826981043 ], [ -46.762437612882081, -23.698815607391378 ], [ -46.762369998499793, -23.698666728023046 ], [ -46.76230271937893, -23.698499959472443 ], [ -46.762368261018658, -23.698428947613152 ], [ -46.762739598017255, -23.698781907378784 ] ] ] ] } },
{ "type": "Feature", "properties": { "id": "habi_nucleo2geosampa.156", "gid": 156, "uuid_id": "c1be84d9-049d-41d7-9f64-7c36300ea2b4", "nome": "NICOLA CIOLA II", "nome_secundario": null, "localizacao": "RUA NICOLA CIOLA", "tot_domicilio": 15, "areageo_m2": 1010.3, "anoimplant": 2000, "propriedade_area": "Particular" }, "geometry": { "type": "MultiPolygon", "coordinates": [ [ [ [ -46.795935731472795, -23.604974466523199 ], [ -46.795677184746275, -23.604836499935526 ], [ -46.795444115507266, -23.605141418926738 ], [ -46.795602114662472, -23.605225599410449 ], [ -46.795935731472795, -23.604974466523199 ] ] ] ] } },
{ "type": "Feature", "properties": { "id": "habi_nucleo2geosampa.157", "gid": 157, "uuid_id": "e1c36c6a-99f6-443a-b910-26efae5b4846", "nome": "ALEIXO LEME DOS REIS", "nome_secundario": "ALEXANDRE LEME DOS REIS", "localizacao": "RUA ALEIXO LEME DOS REIS", "tot_domicilio": 8, "areageo_m2": 766.26, "anoimplant": 1976, "propriedade_area": "Pública" }, "geometry": { "type": "MultiPolygon", "coordinates": [ [ [ [ -46.672384455828222, -23.673662360383677 ], [ -46.672490388632532, -23.67389821794405 ], [ -46.672356203247027, -23.673940096364881 ], [ -46.672250309106076, -23.673707026364735 ], [ -46.672384455828222, -23.673662360383677 ] ] ], [ [ [ -46.672874373743127, -23.674639544559568 ], [ -46.67270707571803, -23.674335533727717 ], [ -46.672622091007518, -23.674384235525739 ], [ -46.672797048446803, -23.674678606927319 ], [ -46.672874373743127, -23.674639544559568 ] ] ] ] } },
{ "type": "Feature", "properties": { "id": "habi_nucleo2geosampa.161", "gid": 161, "uuid_id": "9053486d-c39e-33e0-a96b-07d520caa837", "nome": "NÚCLEO A - SÃO FRANCISCO GLOBAL", "nome_secundario": null, "localizacao": "RUA DONA MARIA FERRAZ DO AMARAL", "tot_domicilio": 844, "areageo_m2": 56050.95, "anoimplant": 1994, "propriedade_area": "Pública" }, "geometry": { "type": "MultiPolygon", "coordinates": [ [ [ [ -46.449709662906379, -23.623692976148664 ], [ -46.449782909158955, -23.623986186698538 ], [ -46.449723595029667, -23.62425196240947 ], [ -46.449741473260694, -23.625169320586565 ], [ -46.450221443222468, -23.625659437910432 ], [ -46.44994229656664, -23.62645054534509 ], [ -46.4495291323109, -23.626375556248139 ], [ -46.449312262225348, -23.626463600390927 ], [ -46.448594236373609, -23.626813199837439 ], [ -46.448562647811421, -23.626570712445506 ], [ -46.448392059903462, -23.626587532009896 ], [ -46.448358572920938, -23.626339352238702 ], [ -46.448451684002016, -23.62633213841444 ], [ -46.448387056532042, -23.626143041643598 ], [ -46.448264591658138, -23.626152644291064 ], [ -46.448250284372634, -23.62596307767085 ], [ -46.447448780018682, -23.626006933073615 ], [ -46.447411584578255, -23.625629994463072 ], [ -46.447217221737041, -23.625655493830923 ], [ -46.44720102743694, -23.625518603913104 ], [ -46.448033694984737, -23.625433642821548 ], [ -46.447981084300032, -23.624990865576077 ], [ -46.448268346378747, -23.625064318036387 ], [ -46.448296755944568, -23.624976075914226 ], [ -46.448425540401423, -23.624998559689885 ], [ -46.448558223951061, -23.624624264954566 ], [ -46.448450331184887, -23.624581283860827 ], [ -46.448454667236547, -23.624474655969021 ], [ -46.448683106578414, -23.624458988110565 ], [ -46.448679558633096, -23.624303369793964 ], [ -46.448550201015848, -23.624312191031073 ], [ -46.448564016401278, -23.624274418072094 ], [ -46.448323263520308, -23.624172193198291 ], [ -46.448404862371383, -23.624078378914934 ], [ -46.448396181589608, -23.624040393022788 ], [ -46.448314698059683, -23.623977708823158 ], [ -46.448277654923267, -23.623906996344783 ], [ -46.448262775041314, -23.62372272208512 ], [ -46.448257652044738, -23.62359080452228 ], [ -46.448442998832192, -23.623580614920833 ], [ -46.448635283381108, -23.623616886572336 ], [ -46.448861934828052, -23.623689212110179 ], [ -46.44912103961245, -23.623707094551698 ], [ -46.449510518253078, -23.623641703173821 ], [ -46.449601476580419, -23.623647620787853 ], [ -46.449693947114241, -23.623678786679221 ], [ -46.449709662906379, -23.623692976148664 ] ] ] ] } },
{ "type": "Feature", "properties": { "id": "habi_nucleo2geosampa.162", "gid": 162, "uuid_id": "99984444-d6e9-4c1f-80e0-4798b29005c8", "nome": "JOSÉ FERREIRA DE MENEZES", "nome_secundario": null, "localizacao": "RUA JOSÉ FERREIRA DE MENEZES", "tot_domicilio": 9, "areageo_m2": 451.77, "anoimplant": 1977, "propriedade_area": "Pública" }, "geometry": { "type": "MultiPolygon", "coordinates": [ [ [ [ -46.718185517018945, -23.455724723830841 ], [ -46.718140634966034, -23.455838101686698 ], [ -46.717656928095103, -23.455708312226236 ], [ -46.717665820469193, -23.455679134917364 ], [ -46.717825506080928, -23.455697892645404 ], [ -46.717903469085073, -23.455705597137232 ], [ -46.717979273276661, -23.455689375049811 ], [ -46.718083275313568, -23.455703616734272 ], [ -46.718185517018945, -23.455724723830841 ] ] ] ] } },
{ "type": "Feature", "properties": { "id": "habi_nucleo2geosampa.163", "gid": 163, "uuid_id": "821215c0-18c5-4b90-8a06-6ec341470af3", "nome": "PARQUE SANTO AMARO IV E VI", "nome_secundario": null, "localizacao": "RUA CAPÃO REDONDO", "tot_domicilio": 51, "areageo_m2": 2734.73, "anoimplant": 1979, "propriedade_area": "Pública" }, "geometry": { "type": "MultiPolygon", "coordinates": [ [ [ [ -46.756305473704089, -23.680964414212323 ], [ -46.75640130821391, -23.680937777285131 ], [ -46.75645160575953, -23.681127829726577 ], [ -46.756190897945622, -23.681218348906981 ], [ -46.756122869065855, -23.681226401096747 ], [ -46.755990202074805, -23.681276542661529 ], [ -46.755987926564181, -23.681272957303776 ], [ -46.75598538041438, -23.681263505098197 ], [ -46.755984719807856, -23.681255747168475 ], [ -46.75597597111679, -23.681242031195712 ], [ -46.755971351294541, -23.681229714294229 ], [ -46.755736158872473, -23.681303719495258 ], [ -46.755632229533134, -23.680955314449864 ], [ -46.755749933493448, -23.680931208576087 ], [ -46.75598249676694, -23.680862146247108 ], [ -46.755954565906528, -23.680786827362954 ], [ -46.756006632309088, -23.680773222851492 ], [ -46.756072318426831, -23.680947223968506 ], [ -46.756285893058468, -23.680896512210897 ], [ -46.756305473704089, -23.680964414212323 ] ] ] ] } },
{ "type": "Feature", "properties": { "id": "habi_nucleo2geosampa.164", "gid": 164, "uuid_id": "983c259b-8917-43ac-b835-39efec5f9d8a", "nome": "CAVAQUINHO", "nome_secundario": null, "localizacao": "RUA DO CAVAQUINHO X AV. DO POETA X RUA DAS HARPAS", "tot_domicilio": 3, "areageo_m2": 341.45, "anoimplant": 1988, "propriedade_area": "Pública" }, "geometry": { "type": "MultiPolygon", "coordinates": [ [ [ [ -46.569090688917562, -23.490605390504697 ], [ -46.569229516309939, -23.490836077981307 ], [ -46.56915548685096, -23.490868430527811 ], [ -46.568959283715657, -23.49067083078722 ], [ -46.569090688917562, -23.490605390504697 ] ] ] ] } },
{ "type": "Feature", "properties": { "id": "habi_nucleo2geosampa.165", "gid": 165, "uuid_id": "631f96d6-09a7-33ba-af7d-0946dd8a02ba", "nome": "FRANCISCO AMÊNDOLA", "nome_secundario": "ENXOVIA", "localizacao": "RUA FRANCISCO AMÊNDOLA", "tot_domicilio": 4, "areageo_m2": 435.67, "anoimplant": 1995, "propriedade_area": "Pública" }, "geometry": { "type": "MultiPolygon", "coordinates": [ [ [ [ -46.700032910610481, -23.627349506701847 ], [ -46.700119181168922, -23.627403512579932 ], [ -46.699895954454043, -23.627587537557879 ], [ -46.699754464839039, -23.627474406867808 ], [ -46.700032910610481, -23.627349506701847 ] ] ] ] } },
{ "type": "Feature", "properties": { "id": "habi_nucleo2geosampa.166", "gid": 166, "uuid_id": "64862a61-5f2a-4470-9a0e-36a9bbf326c9", "nome": "CRISTINA VITERBO CECCATO I", "nome_secundario": null, "localizacao": "R. CRISTINA DE VASCONCELOS CECCATO", "tot_domicilio": 9, "areageo_m2": 932.16, "anoimplant": 1982, "propriedade_area": "Pública" }, "geometry": { "type": "MultiPolygon", "coordinates": [ [ [ [ -46.704884532950963, -23.709402826937968 ], [ -46.704803100664897, -23.709451831195548 ], [ -46.704688237675519, -23.709539110625805 ], [ -46.704528885367345, -23.709438493898652 ], [ -46.704648619345697, -23.709299361095692 ], [ -46.704707331446748, -23.709247470266394 ], [ -46.704804651075221, -23.709223327341977 ], [ -46.704901049983093, -23.709202414463935 ], [ -46.705008696080618, -23.709299850079081 ], [ -46.704884532950963, -23.709402826937968 ] ] ] ] } },
{ "type": "Feature", "properties": { "id": "habi_nucleo2geosampa.167", "gid": 167, "uuid_id": "009ecc76-6190-4b12-bf2a-5fbc1041b77e", "nome": "MANUEL HOMEM DE ANDRADE II", "nome_secundario": null, "localizacao": "RUA MANUEL HOMEM DE ANDRADE", "tot_domicilio": 12, "areageo_m2": 514.17, "anoimplant": 1981, "propriedade_area": "Pública" }, "geometry": { "type": "MultiPolygon", "coordinates": [ [ [ [ -46.732385908068942, -23.640652449172997 ], [ -46.732366178810757, -23.64062790782646 ], [ -46.732363539670338, -23.640608232583759 ], [ -46.732385410215244, -23.6405976430562 ], [ -46.732494228746404, -23.640572702719673 ], [ -46.732506929533635, -23.640557604451729 ], [ -46.732526485354228, -23.640556143149869 ], [ -46.732528132300388, -23.640544082533758 ], [ -46.73253137587173, -23.640516139208341 ], [ -46.732506720034955, -23.640286009445266 ], [ -46.732590560004262, -23.640278807290006 ], [ -46.732586488371958, -23.64036350124745 ], [ -46.732622594152836, -23.640534740856925 ], [ -46.732673935603621, -23.640513025239223 ], [ -46.732698535540919, -23.640567822635255 ], [ -46.732419086936083, -23.640687867749286 ], [ -46.732385908068942, -23.640652449172997 ] ] ] ] } },
{ "type": "Feature", "properties": { "id": "habi_nucleo2geosampa.168", "gid": 168, "uuid_id": "8fd5585e-d76d-347f-8a1b-437cf79fc02b", "nome": "ANTÔNIO COELHO DA SILVEIRA", "nome_secundario": null, "localizacao": "ANTÔNIO COELHO DA SILVEIRA, 42, JARDIM FELICIDADE, PIRITUBA", "tot_domicilio": 2, "areageo_m2": 828.79, "anoimplant": 1977, "propriedade_area": "Pública" }, "geometry": { "type": "MultiPolygon", "coordinates": [ [ [ [ -46.724260205715758, -23.49502641382719 ], [ -46.724007872539971, -23.495224165907512 ], [ -46.72423970462269, -23.495362085473044 ], [ -46.724430247430767, -23.495193687517947 ], [ -46.724367543218023, -23.495152809407163 ], [ -46.724355396330701, -23.4950554642 ], [ -46.724260205715758, -23.49502641382719 ] ] ] ] } },
{ "type": "Feature", "properties": { "id": "habi_nucleo2geosampa.169", "gid": 169, "uuid_id": "f6f49788-222e-46eb-81cb-baec53981865", "nome": "JARDIM FLORESTA", "nome_secundario": null, "localizacao": "AV ORFEO PARAVANTE/ R FREI LUIS DE LEON/ R LECONTE DE LISLE", "tot_domicilio": 234, "areageo_m2": 14867.33, "anoimplant": 1972, "propriedade_area": "Pública" }, "geometry": { "type": "MultiPolygon", "coordinates": [ [ [ [ -46.713290030733852, -23.739632346256567 ], [ -46.713239172632953, -23.739646683013458 ], [ -46.713178333593909, -23.739667674882742 ], [ -46.71311603631306, -23.73970743750802 ], [ -46.713041733703065, -23.739737955861518 ], [ -46.712819132195172, -23.739852950603137 ], [ -46.712673351049915, -23.739740475466405 ], [ -46.712531420682133, -23.739662340976643 ], [ -46.712308577518442, -23.739499149579405 ], [ -46.712416340237894, -23.739430751624717 ], [ -46.712583005132188, -23.739322628811383 ], [ -46.71275649469284, -23.739217555988212 ], [ -46.712874442017622, -23.739149044864924 ], [ -46.712980506694635, -23.739080670848679 ], [ -46.713069739128819, -23.739023418028641 ], [ -46.713120133101967, -23.738982224468504 ], [ -46.713135104200674, -23.738958620769925 ], [ -46.713143244308668, -23.738931961499429 ], [ -46.713142937732314, -23.73890852161615 ], [ -46.713135861551073, -23.738886719661959 ], [ -46.713113507783767, -23.738865087028657 ], [ -46.713074035861858, -23.738832703920572 ], [ -46.713125534572569, -23.738746174459394 ], [ -46.71327053221485, -23.73879926827356 ], [ -46.713262479871503, -23.738832178118905 ], [ -46.713645742398448, -23.738929516887392 ], [ -46.713786226844604, -23.738896701577453 ], [ -46.71385897440851, -23.738877140329858 ], [ -46.713879978782067, -23.738795637422292 ], [ -46.713889652651979, -23.738756458039902 ], [ -46.713882474123231, -23.738726842822626 ], [ -46.713875668975355, -23.738656609086902 ], [ -46.713940817632896, -23.738644925870297 ], [ -46.714034282741707, -23.738651703853218 ], [ -46.714095597471427, -23.738666652742967 ], [ -46.71416368179257, -23.73867996364396 ], [ -46.714209821241653, -23.738702895202419 ], [ -46.714254283647392, -23.73872740823337 ], [ -46.714295535116129, -23.738766022830667 ], [ -46.714330160203616, -23.738817213981822 ], [ -46.714347830608538, -23.738870150556739 ], [ -46.714365828349287, -23.738948095146359 ], [ -46.714399410524514, -23.739049310151252 ], [ -46.714419003563897, -23.739119422618096 ], [ -46.714424586993701, -23.739156869903756 ], [ -46.714421682866053, -23.739194411343174 ], [ -46.714396751966561, -23.739235322869245 ], [ -46.714356625156611, -23.739282648972559 ], [ -46.71426939746928, -23.739363323561502 ], [ -46.714190330030583, -23.739418901444445 ], [ -46.714106073693671, -23.739466722417529 ], [ -46.714011483070166, -23.739503717757859 ], [ -46.713920266912062, -23.73953910723673 ], [ -46.713749185595063, -23.73956913617981 ], [ -46.713611952358846, -23.739590975247207 ], [ -46.713486505453908, -23.739604869109826 ], [ -46.713357698390318, -23.739621925886549 ], [ -46.713290030733852, -23.739632346256567 ] ] ] ] } },
{ "type": "Feature", "properties": { "id": "habi_nucleo2geosampa.170", "gid": 170, "uuid_id": "669dca1f-3084-4fdb-ab4b-a2701f5dc2cc", "nome": "TIRO AO POMBO", "nome_secundario": "SANTA DOMENICA", "localizacao": "RUA TIRO AO POMBO.", "tot_domicilio": 592, "areageo_m2": 21282.97, "anoimplant": 1992, "propriedade_area": "Pública" }, "geometry": { "type": "MultiPolygon", "coordinates": [ [ [ [ -46.689423353590328, -23.470974039303194 ], [ -46.689456451565128, -23.471196961985427 ], [ -46.689365870254719, -23.471211900003333 ], [ -46.689376187804669, -23.471428069302124 ], [ -46.689180086907612, -23.471472063522384 ], [ -46.689258472508648, -23.471687517323566 ], [ -46.688887800353477, -23.471684555033768 ], [ -46.688869298013508, -23.471419626720195 ], [ -46.68818036867858, -23.471371262376021 ], [ -46.687732917614788, -23.471278411624951 ], [ -46.687225850664205, -23.471256009108973 ], [ -46.686869863363945, -23.471217991852935 ], [ -46.686628030295985, -23.471234564749814 ], [ -46.686064005542605, -23.471491838093407 ], [ -46.685798682765366, -23.471445881631848 ], [ -46.685716202145507, -23.47150257737886 ], [ -46.685261277016345, -23.471416800534122 ], [ -46.685380069776009, -23.471241082400976 ], [ -46.685532302045779, -23.471316175261926 ], [ -46.68582725325097, -23.47131298616041 ], [ -46.686536212685901, -23.471151819195001 ], [ -46.686563446178042, -23.470914286541721 ], [ -46.686616829930671, -23.470948600221018 ], [ -46.686584984562806, -23.470823358472273 ], [ -46.686933868105186, -23.470303260419165 ], [ -46.688037936342795, -23.47087741609462 ], [ -46.688265794965318, -23.470951687387434 ], [ -46.688538947747645, -23.471018511561319 ], [ -46.689423353590328, -23.470974039303194 ] ] ] ] } },
{ "type": "Feature", "properties": { "id": "habi_nucleo2geosampa.171", "gid": 171, "uuid_id": "1ebbd090-90aa-4ca6-94a8-473765e2ac7d", "nome": "TRAVESSA PARAÍSO", "nome_secundario": "TARDE DO RECIFE", "localizacao": "RUA AMERICANOPOLIS", "tot_domicilio": 20, "areageo_m2": 567.3, "anoimplant": 1976, "propriedade_area": "Pública" }, "geometry": { "type": "MultiPolygon", "coordinates": [ [ [ [ -46.656415384035348, -23.681889228267195 ], [ -46.656519060790977, -23.682034776332021 ], [ -46.656502463266783, -23.682040069856747 ], [ -46.656437685783857, -23.682042467957753 ], [ -46.656362185341855, -23.682075676555474 ], [ -46.656206019341163, -23.682172844714096 ], [ -46.656085677586375, -23.682174131809404 ], [ -46.656053881643146, -23.682148892006964 ], [ -46.656415384035348, -23.681889228267195 ] ] ] ] } },
{ "type": "Feature", "properties": { "id": "habi_nucleo2geosampa.172", "gid": 172, "uuid_id": "5cf84ee7-cfb2-4aa2-a582-ce2d16876d26", "nome": "CATUÍRA", "nome_secundario": null, "localizacao": "RUA CATUIRA", "tot_domicilio": 9, "areageo_m2": 1229.34, "anoimplant": 1967, "propriedade_area": "Pública" }, "geometry": { "type": "MultiPolygon", "coordinates": [ [ [ [ -46.752997988099175, -23.629581222261223 ], [ -46.752919276300744, -23.629924850925669 ], [ -46.752567769859482, -23.629795818512257 ], [ -46.752543046687002, -23.629606823938961 ], [ -46.752997988099175, -23.629581222261223 ] ] ] ] } },
{ "type": "Feature", "properties": { "id": "habi_nucleo2geosampa.173", "gid": 173, "uuid_id": "70a596ad-1dfe-4ad4-b9c3-d564b6e09f7a", "nome": "RESISTENTE", "nome_secundario": "PIRAPORINHA", "localizacao": "RUA MANUEL PINTO GUEDES", "tot_domicilio": 48, "areageo_m2": 1552.69, "anoimplant": 1981, "propriedade_area": "Pública" }, "geometry": { "type": "MultiPolygon", "coordinates": [ [ [ [ -46.742490096707016, -23.672860815249429 ], [ -46.742372344028297, -23.672857321259954 ], [ -46.742065019762578, -23.67276199741265 ], [ -46.742036025186493, -23.672745458571445 ], [ -46.742028074927894, -23.672343195538879 ], [ -46.742034264044285, -23.672217842299794 ], [ -46.742165578365238, -23.672257323599652 ], [ -46.742140222573724, -23.672317840931917 ], [ -46.742109697399009, -23.672383235744288 ], [ -46.742114933044078, -23.672580738914398 ], [ -46.742332241240753, -23.672595159553268 ], [ -46.74241839442243, -23.672582144119481 ], [ -46.742436954430701, -23.672601209255195 ], [ -46.742542277695129, -23.672850590902726 ], [ -46.742490096707016, -23.672860815249429 ] ] ] ] } },
{ "type": "Feature", "properties": { "id": "habi_nucleo2geosampa.174", "gid": 174, "uuid_id": "c21f42a9-9bb2-4ff5-b31c-aeba793a55bd", "nome": "CARLOS CALVO", "nome_secundario": "CAVALGADA", "localizacao": "RUA DA CAVALGADA, 529 / RUA CARLOS CALVO", "tot_domicilio": 3, "areageo_m2": 84.11, "anoimplant": 1989, "propriedade_area": "Pública" }, "geometry": { "type": "MultiPolygon", "coordinates": [ [ [ [ -46.568020941836558, -23.487284124994268 ], [ -46.568047940058896, -23.487331715369734 ], [ -46.567930114855038, -23.487386181348839 ], [ -46.567902596905483, -23.487377427653911 ], [ -46.567895391698762, -23.487347699252712 ], [ -46.568020941836558, -23.487284124994268 ] ] ] ] } },
{ "type": "Feature", "properties": { "id": "habi_nucleo2geosampa.175", "gid": 175, "uuid_id": "503190f4-744f-40a6-9f80-1f4002fd24af", "nome": "FRANCISCO SOARES", "nome_secundario": null, "localizacao": "RUA FRANCISCO SOARES", "tot_domicilio": 14, "areageo_m2": 1100.17, "anoimplant": 1962, "propriedade_area": "Pública" }, "geometry": { "type": "MultiPolygon", "coordinates": [ [ [ [ -46.749109830495634, -23.633806942774132 ], [ -46.749052811180377, -23.633839338821392 ], [ -46.749069401601552, -23.633934416103134 ], [ -46.748924080891108, -23.633950167742725 ], [ -46.748741462100199, -23.634040433756912 ], [ -46.748608126930151, -23.633805542698671 ], [ -46.748813258063272, -23.633679739775484 ], [ -46.748867333672663, -23.63371441319202 ], [ -46.748929112598525, -23.633752527211414 ], [ -46.749017601316545, -23.633783284983842 ], [ -46.749109830495634, -23.633806942774132 ] ] ] ] } },
{ "type": "Feature", "properties": { "id": "habi_nucleo2geosampa.188", "gid": 188, "uuid_id": "25688b31-8e52-371c-8e88-499e862b9860", "nome": "VITORIO TREVILLATO", "nome_secundario": null, "localizacao": "RUA VITÓRIO TREVILLATO", "tot_domicilio": 10, "areageo_m2": 454.87, "anoimplant": 0, "propriedade_area": "Pública" }, "geometry": { "type": "MultiPolygon", "coordinates": [ [ [ [ -46.682708403957193, -23.673764695113743 ], [ -46.68275494466824, -23.673615616035679 ], [ -46.682841348576858, -23.673633098543267 ], [ -46.682962738717805, -23.673657536487347 ], [ -46.682889449665716, -23.67392099488168 ], [ -46.682838459664488, -23.673935726030468 ], [ -46.682876643534456, -23.673815417703857 ], [ -46.682708403957193, -23.673764695113743 ] ] ] ] } },
{ "type": "Feature", "properties": { "id": "habi_nucleo2geosampa.189", "gid": 189, "uuid_id": "57135bb1-ff5d-4b21-9bc6-b47b9b806c78", "nome": "MANOEL RIBEIRO ROSA", "nome_secundario": null, "localizacao": "RUA MANOEL RIBEIRO ROSA / AVENIDA RAIMUNDO PEREIRA DE MAGALHÃES", "tot_domicilio": 48, "areageo_m2": 2416.8, "anoimplant": 1977, "propriedade_area": "Pública" }, "geometry": { "type": "MultiPolygon", "coordinates": [ [ [ [ -46.725494005162197, -23.480101160070827 ], [ -46.726411192843635, -23.479528966507459 ], [ -46.726526222877041, -23.47952769231426 ], [ -46.726556708825974, -23.479578446847324 ], [ -46.725649983463946, -23.480299883855043 ], [ -46.725494005162197, -23.480101160070827 ] ] ] ] } },
{ "type": "Feature", "properties": { "id": "habi_nucleo2geosampa.258", "gid": 258, "uuid_id": "0ff9e00e-dd72-48eb-b3fd-8913b863c5c9", "nome": "DIAS MOREIRA", "nome_secundario": null, "localizacao": "RUA DIAS MOREIRA / AVENIDA SERTANISTAS", "tot_domicilio": 7, "areageo_m2": 499.45, "anoimplant": 1978, "propriedade_area": "Pública" }, "geometry": { "type": "MultiPolygon", "coordinates": [ [ [ [ -46.445661041513787, -23.627780801902052 ], [ -46.445598819130701, -23.62816791202226 ], [ -46.445561715645802, -23.628197335306076 ], [ -46.445492778213584, -23.627722504700568 ], [ -46.445661041513787, -23.627780801902052 ] ] ] ] } },
{ "type": "Feature", "properties": { "id": "habi_nucleo2geosampa.176", "gid": 176, "uuid_id": "6bb4882e-3eb0-4552-bbd4-b165be5f262d", "nome": "NOVA GUARAPIRANGA I E II", "nome_secundario": null, "localizacao": "R BENEDITO LEITE 12", "tot_domicilio": 250, "areageo_m2": 18651.0, "anoimplant": 1967, "propriedade_area": "Pública" }, "geometry": { "type": "MultiPolygon", "coordinates": [ [ [ [ -46.717476567641256, -23.682561982882135 ], [ -46.717455415299959, -23.682842137693214 ], [ -46.717446673091409, -23.682885079728777 ], [ -46.717431505171099, -23.682910954874096 ], [ -46.717375833988477, -23.682922997559722 ], [ -46.717332385299557, -23.682920622979537 ], [ -46.71726998967118, -23.682892751954238 ], [ -46.717229081651347, -23.682847504437365 ], [ -46.716585453189062, -23.682696275981701 ], [ -46.716432719766175, -23.682664959941537 ], [ -46.716246958063813, -23.68262635571125 ], [ -46.716115667257277, -23.682611347715934 ], [ -46.715976050406276, -23.682607182417748 ], [ -46.715818158550157, -23.68262892642473 ], [ -46.715693603537076, -23.68263881234812 ], [ -46.715670837557653, -23.682747668569998 ], [ -46.715550646135007, -23.682806126727062 ], [ -46.715504911411337, -23.682866616373051 ], [ -46.715453833025286, -23.682992861100665 ], [ -46.715433641686204, -23.683064090248344 ], [ -46.715475540219181, -23.683229695880406 ], [ -46.715480916683632, -23.68340387251099 ], [ -46.715450420120838, -23.683595917071305 ], [ -46.715360260694801, -23.68357027314137 ], [ -46.715305334065725, -23.683542884136582 ], [ -46.715212281359619, -23.683543905284559 ], [ -46.715129862148608, -23.683551087114022 ], [ -46.715025498662037, -23.683544786498317 ], [ -46.714971989558819, -23.683534444220047 ], [ -46.714909933809743, -23.683537959692583 ], [ -46.714809779938449, -23.683545931651256 ], [ -46.71480702764709, -23.683478654489836 ], [ -46.714940689636002, -23.683461751652686 ], [ -46.715059592596276, -23.683347397479736 ], [ -46.715080549837261, -23.683145525158501 ], [ -46.715080437950633, -23.683136957653257 ], [ -46.715094748541887, -23.683045396313055 ], [ -46.71512729701471, -23.682925069893553 ], [ -46.715181172161941, -23.68277594417054 ], [ -46.715226832410728, -23.682709742485212 ], [ -46.715303388794929, -23.682634629777574 ], [ -46.715389359414438, -23.68256798183852 ], [ -46.715469091037889, -23.68249854684219 ], [ -46.71543452858355, -23.682464653724441 ], [ -46.71551587669218, -23.68242353167361 ], [ -46.715425380055912, -23.682239104666046 ], [ -46.715536498440038, -23.68219788497689 ], [ -46.715619438143975, -23.682374058399404 ], [ -46.715671666749508, -23.682336347566679 ], [ -46.715832808334774, -23.682325992941983 ], [ -46.715931741362802, -23.682302045835772 ], [ -46.716068039164838, -23.682289110145177 ], [ -46.716161181027076, -23.682296646950082 ], [ -46.716179935085577, -23.682307864312353 ], [ -46.716321396469901, -23.68229270659231 ], [ -46.716331133712707, -23.682249062008232 ], [ -46.71638112566648, -23.68227707092845 ], [ -46.716462050965816, -23.682299024668783 ], [ -46.716530613111274, -23.682086896343087 ], [ -46.716667539220637, -23.682122510522227 ], [ -46.71673613595069, -23.682150313408833 ], [ -46.716672908410125, -23.682389200678461 ], [ -46.717156190256688, -23.682491271512063 ], [ -46.717150660784469, -23.682542746655642 ], [ -46.717476567641256, -23.682561982882135 ] ] ], [ [ [ -46.717413054577342, -23.679110404144836 ], [ -46.717368397959277, -23.679218918577238 ], [ -46.717355703556365, -23.679369514660895 ], [ -46.717348161392444, -23.679593352290485 ], [ -46.717493512580042, -23.679817423241424 ], [ -46.717368620512403, -23.679876675751281 ], [ -46.71724605229479, -23.679953262672388 ], [ -46.71716933032728, -23.679851880979395 ], [ -46.717113870694966, -23.679775339423557 ], [ -46.717066364675837, -23.679665918029169 ], [ -46.71705102865571, -23.679614007410287 ], [ -46.71675010505345, -23.679665566639521 ], [ -46.716734485909605, -23.679592441038018 ], [ -46.716722203815998, -23.67945369533405 ], [ -46.717035106819544, -23.679517738241643 ], [ -46.717037126742234, -23.679351829233426 ], [ -46.717046837599604, -23.679293854139722 ], [ -46.717054684307968, -23.6792532599315 ], [ -46.717076687999494, -23.679173930478871 ], [ -46.717145666446541, -23.679003421162133 ], [ -46.717168149088188, -23.678960735762907 ], [ -46.716962926839848, -23.678802911335733 ], [ -46.717004051090257, -23.678744587954608 ], [ -46.717123997906739, -23.678627523138228 ], [ -46.717276412534915, -23.678751212508594 ], [ -46.717352860684684, -23.678671279254278 ], [ -46.717325282368492, -23.678644580302638 ], [ -46.717364643168843, -23.678611352256546 ], [ -46.717394236872003, -23.678632242142367 ], [ -46.717473280243858, -23.678590858340886 ], [ -46.71762128397009, -23.678537136187 ], [ -46.717672599728459, -23.678617581383399 ], [ -46.717731812467058, -23.678661289641997 ], [ -46.717612194040413, -23.678803427126741 ], [ -46.717535903262821, -23.678894932229003 ], [ -46.717413054577342, -23.679110404144836 ] ] ] ] } },
{ "type": "Feature", "properties": { "id": "habi_nucleo2geosampa.177", "gid": 177, "uuid_id": "3a8fecaf-3ee4-455f-b271-be03e369ebb1", "nome": "SAMUEL GRACIE", "nome_secundario": null, "localizacao": "RUA EMBAIXADOR SAMUEL GRACIE", "tot_domicilio": 33, "areageo_m2": 4372.58, "anoimplant": 1992, "propriedade_area": "Pública" }, "geometry": { "type": "MultiPolygon", "coordinates": [ [ [ [ -46.49826599603886, -23.517870380015733 ], [ -46.498105950350386, -23.517565507075872 ], [ -46.497996827221414, -23.517372847650016 ], [ -46.49809174357901, -23.517322626444358 ], [ -46.498068072573453, -23.517255936404283 ], [ -46.498484738703141, -23.517287146304088 ], [ -46.498572854033135, -23.517310952067024 ], [ -46.498932833959778, -23.517395536245843 ], [ -46.498914266488327, -23.517779611873877 ], [ -46.498608070168068, -23.517722685890185 ], [ -46.49826599603886, -23.517870380015733 ] ] ] ] } },
{ "type": "Feature", "properties": { "id": "habi_nucleo2geosampa.178", "gid": 178, "uuid_id": "6d8f0595-7f40-4c31-b73f-c42d52bba17b", "nome": "MORRO DO MACACO", "nome_secundario": null, "localizacao": "RUA MANOEL QUIRINO DE MATOS / AVENIDA ARQUITETO VILANOVA ARTIGAS", "tot_domicilio": 200, "areageo_m2": 8188.27, "anoimplant": 1995, "propriedade_area": "Pública" }, "geometry": { "type": "MultiPolygon", "coordinates": [ [ [ [ -46.504162565842897, -23.60992371958978 ], [ -46.504011094382875, -23.609999139677075 ], [ -46.503998479054665, -23.609985297440794 ], [ -46.503902448070136, -23.610023209776518 ], [ -46.503859952054754, -23.610026196693408 ], [ -46.503682335634409, -23.610088775500312 ], [ -46.503636853406405, -23.610096552618124 ], [ -46.503459647214285, -23.610189401492395 ], [ -46.503302151906468, -23.610257632179078 ], [ -46.503148844068257, -23.610302026965389 ], [ -46.503051426883552, -23.610322513889262 ], [ -46.502989379078095, -23.610352215673512 ], [ -46.502889031791149, -23.610295620111245 ], [ -46.502845468345988, -23.610392746750421 ], [ -46.502792932657378, -23.610430704292863 ], [ -46.502756393993415, -23.610466741581845 ], [ -46.502707388642371, -23.610500988078865 ], [ -46.502401397454044, -23.610647140888599 ], [ -46.502153429161147, -23.610740882986885 ], [ -46.502096336827798, -23.610764407684236 ], [ -46.502048656034063, -23.61077963197074 ], [ -46.502039593273494, -23.610770588989226 ], [ -46.501909434550242, -23.610819294387145 ], [ -46.501914599043985, -23.610435648407922 ], [ -46.502229318202474, -23.610330624459394 ], [ -46.502257844891908, -23.610391085086896 ], [ -46.502324320112102, -23.610355506765472 ], [ -46.502339356299039, -23.610373901694544 ], [ -46.502417551470742, -23.610337208015221 ], [ -46.502525884201376, -23.61028378417323 ], [ -46.502485825442029, -23.610175120763369 ], [ -46.502661156369591, -23.610120664324366 ], [ -46.502689596253852, -23.610158301410358 ], [ -46.502746004368632, -23.610192800486661 ], [ -46.502803233969146, -23.61011682517432 ], [ -46.502828829176067, -23.610130600291107 ], [ -46.502881304611677, -23.610043449117796 ], [ -46.503061591276023, -23.610114859835758 ], [ -46.503333125368393, -23.609878977106877 ], [ -46.503563731949356, -23.6097384508057 ], [ -46.503815351925951, -23.609621614118971 ], [ -46.50392151060862, -23.609728460690501 ], [ -46.50401238609173, -23.609859348796899 ], [ -46.504090171961145, -23.609826808380419 ], [ -46.504162565842897, -23.60992371958978 ] ] ] ] } },
{ "type": "Feature", "properties": { "id": "habi_nucleo2geosampa.179", "gid": 179, "uuid_id": "732a577e-2895-4463-a1ec-e0c85962129f", "nome": "ALTO DA RIVIERA A", "nome_secundario": null, "localizacao": "RUA CABRAL DO NASCIMENTO / RUA BRASILINA", "tot_domicilio": 545, "areageo_m2": 32422.45, "anoimplant": 1990, "propriedade_area": "Pública/Particular" }, "geometry": { "type": "MultiPolygon", "coordinates": [ [ [ [ -46.762624460260326, -23.699949363023819 ], [ -46.762355533791549, -23.700068275576847 ], [ -46.761912126116655, -23.700009572776008 ], [ -46.761527688404499, -23.699942887722621 ], [ -46.761369424175058, -23.699732101494956 ], [ -46.761084733801368, -23.699987720832066 ], [ -46.760957121468095, -23.699905046552299 ], [ -46.760674583155762, -23.699798249899576 ], [ -46.760362647824607, -23.69959471746186 ], [ -46.760220461872983, -23.699473380169035 ], [ -46.760034217944551, -23.69921017579393 ], [ -46.759925951987775, -23.698997855720378 ], [ -46.759732335514606, -23.698708849778768 ], [ -46.759756885370315, -23.698443247944763 ], [ -46.759890220770551, -23.698428789961163 ], [ -46.759925516276439, -23.69844133038622 ], [ -46.759977220263323, -23.698628410152338 ], [ -46.760129122112637, -23.698950245395 ], [ -46.760257675759689, -23.699104094422744 ], [ -46.760789693258957, -23.698949202640158 ], [ -46.760660383306565, -23.698746453592619 ], [ -46.760904381803378, -23.698658618700588 ], [ -46.760848929549731, -23.698516129005871 ], [ -46.760915617540142, -23.698471591453377 ], [ -46.760928820664176, -23.698431184045113 ], [ -46.760974118071388, -23.698396866047357 ], [ -46.760975445778158, -23.698305860940575 ], [ -46.761517223770667, -23.698177313727424 ], [ -46.761559731763569, -23.698202714844559 ], [ -46.761649165565899, -23.698583502337701 ], [ -46.7617666322612, -23.698957499024829 ], [ -46.761990735544259, -23.698935909262001 ], [ -46.762139498864435, -23.698999695428469 ], [ -46.762305485310165, -23.699290400844284 ], [ -46.762572681682329, -23.699230408087853 ], [ -46.762763740212264, -23.699620602028904 ], [ -46.762509566949731, -23.699713130752258 ], [ -46.762624460260326, -23.699949363023819 ] ] ] ] } },
{ "type": "Feature", "properties": { "id": "habi_nucleo2geosampa.180", "gid": 180, "uuid_id": "0bf0b1e0-a917-4c3c-8f3f-7943770f9572", "nome": "PUJAIS SABATE", "nome_secundario": null, "localizacao": "AVENIDA PUJAIS SABATE", "tot_domicilio": 38, "areageo_m2": 2429.85, "anoimplant": 1972, "propriedade_area": "Pública/Particular" }, "geometry": { "type": "MultiPolygon", "coordinates": [ [ [ [ -46.752451385161201, -23.569508897836364 ], [ -46.752825847832227, -23.569550130677992 ], [ -46.752800310518886, -23.569903874836914 ], [ -46.75277631704008, -23.570014131352615 ], [ -46.752774768196389, -23.5700170875024 ], [ -46.752597218212429, -23.569956263629013 ], [ -46.752511863244784, -23.570006690486309 ], [ -46.752238841682086, -23.569917564736084 ], [ -46.752451385161201, -23.569508897836364 ] ] ] ] } },
{ "type": "Feature", "properties": { "id": "habi_nucleo2geosampa.181", "gid": 181, "uuid_id": "b7fb988d-7d64-4acd-81cf-c8d6ce30850c", "nome": "ALTO DA RIVIERA I", "nome_secundario": null, "localizacao": "RUA CABRAL DO NASCIMENTO", "tot_domicilio": 24, "areageo_m2": 1794.41, "anoimplant": 0, "propriedade_area": "Pública" }, "geometry": { "type": "MultiPolygon", "coordinates": [ [ [ [ -46.763688961163815, -23.702266871635342 ], [ -46.76377396547737, -23.702216308705587 ], [ -46.76376765442452, -23.702287740445019 ], [ -46.76372786869446, -23.702566293179771 ], [ -46.763699472175574, -23.702789668787787 ], [ -46.763629151665526, -23.702897864840974 ], [ -46.763516296609289, -23.702845452398158 ], [ -46.763329163696973, -23.702605868566248 ], [ -46.763473660305976, -23.702496905920974 ], [ -46.763431356813967, -23.702449541107093 ], [ -46.763688961163815, -23.702266871635342 ] ] ] ] } },
{ "type": "Feature", "properties": { "id": "habi_nucleo2geosampa.182", "gid": 182, "uuid_id": "749add00-acc3-4b23-b002-aca21be403e2", "nome": "JARDIM IRENE II", "nome_secundario": "TERRA PORTUCALENSE", "localizacao": "RUA DA TERRA PORTUCALENSE 101", "tot_domicilio": 151, "areageo_m2": 22476.15, "anoimplant": 1973, "propriedade_area": "Pública" }, "geometry": { "type": "MultiPolygon", "coordinates": [ [ [ [ -46.79450678239742, -23.664026164456164 ], [ -46.794552784923198, -23.66400218230579 ], [ -46.794632647671442, -23.664026545540931 ], [ -46.794751605737041, -23.664102729848604 ], [ -46.794816804766043, -23.664192915803245 ], [ -46.794929130794628, -23.664426162009573 ], [ -46.795006619126823, -23.66480018431394 ], [ -46.794943727972651, -23.664874144733385 ], [ -46.794825749699015, -23.664864885978826 ], [ -46.794275456067311, -23.664968902043668 ], [ -46.794256686764832, -23.665111748529501 ], [ -46.793492313047892, -23.665233566750402 ], [ -46.793404753436334, -23.665214476520884 ], [ -46.792976115047736, -23.665259646926788 ], [ -46.792953046582276, -23.665204845193898 ], [ -46.792741044402234, -23.665223137451616 ], [ -46.792480051006152, -23.66539883022212 ], [ -46.792222541810965, -23.665418078908338 ], [ -46.792221281207993, -23.665350284350055 ], [ -46.79178492962744, -23.665407455345768 ], [ -46.791269854177912, -23.665684180747899 ], [ -46.790996610729415, -23.665673935905499 ], [ -46.790568823806929, -23.665707575006859 ], [ -46.790387577526914, -23.665604453429296 ], [ -46.790248646840681, -23.665614017440568 ], [ -46.790066589584193, -23.665656571436212 ], [ -46.789867131328393, -23.665716527802019 ], [ -46.789702747898545, -23.66576174411205 ], [ -46.789667671092893, -23.665516144120911 ], [ -46.789594355442453, -23.665281497878816 ], [ -46.789912490004404, -23.665214655907004 ], [ -46.790815521281466, -23.664866281905169 ], [ -46.790980595491874, -23.665311923000836 ], [ -46.791215790796727, -23.66528671090828 ], [ -46.792348404443352, -23.665112778013729 ], [ -46.793502750351294, -23.664931884106171 ], [ -46.794382217189693, -23.664868088809698 ], [ -46.794569429632084, -23.664725190743329 ], [ -46.794617768191841, -23.664616016818588 ], [ -46.794599873107899, -23.66451907778443 ], [ -46.79450678239742, -23.664026164456164 ] ] ] ] } },
{ "type": "Feature", "properties": { "id": "habi_nucleo2geosampa.183", "gid": 183, "uuid_id": "038274b5-f56d-4df6-bd03-29113c19b7c7", "nome": "JARDIM DAS ROSAS", "nome_secundario": null, "localizacao": "RUA RAUL D'AVILA POMPÉIA", "tot_domicilio": 357, "areageo_m2": 39351.71, "anoimplant": 1968, "propriedade_area": "Pública" }, "geometry": { "type": "MultiPolygon", "coordinates": [ [ [ [ -46.793040793561119, -23.65889166506738 ], [ -46.793173386388851, -23.658928367412052 ], [ -46.793213697188925, -23.659044977942422 ], [ -46.793164716768736, -23.659148028618137 ], [ -46.792385101474565, -23.659383862499176 ], [ -46.792135593902842, -23.659737548213123 ], [ -46.790964691448629, -23.65975336385916 ], [ -46.790816194285526, -23.659958965603231 ], [ -46.79067926329116, -23.6601759012541 ], [ -46.79052745684713, -23.660811435631029 ], [ -46.790664950710912, -23.660797696751942 ], [ -46.790634247782165, -23.661003309992722 ], [ -46.790619502055513, -23.661031740737119 ], [ -46.790729528286263, -23.661048764202505 ], [ -46.790722216251972, -23.661147555426538 ], [ -46.789997085366807, -23.661692276833378 ], [ -46.78976751043205, -23.66168573884169 ], [ -46.789693678306534, -23.661392494144106 ], [ -46.789594423295632, -23.661430403451067 ], [ -46.789040761924007, -23.660983803462042 ], [ -46.788912095089984, -23.661097597674967 ], [ -46.788688949799138, -23.660880236576457 ], [ -46.788915897535283, -23.660693806199099 ], [ -46.788861506855525, -23.660363574973179 ], [ -46.789140718699095, -23.660351161221691 ], [ -46.789218396379233, -23.660194024059862 ], [ -46.789489496546686, -23.660319560753095 ], [ -46.789697116727588, -23.660179305448708 ], [ -46.790021325789958, -23.659807939871111 ], [ -46.790259871806583, -23.659740849616231 ], [ -46.790551952459353, -23.659692911313677 ], [ -46.790825826374132, -23.659414030272089 ], [ -46.791002470973794, -23.659202140234765 ], [ -46.791264756892744, -23.659279536063206 ], [ -46.79153936606523, -23.659307806787602 ], [ -46.792727034622615, -23.65897396288609 ], [ -46.793040793561119, -23.65889166506738 ] ] ] ] } },
{ "type": "Feature", "properties": { "id": "habi_nucleo2geosampa.184", "gid": 184, "uuid_id": "ecaaafdd-0295-4ac6-80a0-c0c46d3fa4d0", "nome": "MONTE KEMEL II", "nome_secundario": null, "localizacao": "AVENIDA PROFESSOR GIOIA MARTINS", "tot_domicilio": 22, "areageo_m2": 3038.12, "anoimplant": 1975, "propriedade_area": "Pública" }, "geometry": { "type": "MultiPolygon", "coordinates": [ [ [ [ -46.73357744662448, -23.603492375476794 ], [ -46.733780105281454, -23.603553172920012 ], [ -46.733274598155795, -23.60465916458655 ], [ -46.733044738737647, -23.604611283493995 ], [ -46.73357744662448, -23.603492375476794 ] ] ] ] } },
{ "type": "Feature", "properties": { "id": "habi_nucleo2geosampa.185", "gid": 185, "uuid_id": "041db59c-2bd1-405c-a45f-fa9d3980c7a9", "nome": "JARDIM BOA SORTE", "nome_secundario": null, "localizacao": "RUA PAULO SIMÕES DA COSTA", "tot_domicilio": 174, "areageo_m2": 17500.94, "anoimplant": 0, "propriedade_area": "Particular" }, "geometry": { "type": "MultiPolygon", "coordinates": [ [ [ [ -46.76510990923169, -23.70163619578528 ], [ -46.764373714831045, -23.702276760459768 ], [ -46.764207967999795, -23.701929184238299 ], [ -46.764114116878432, -23.701866022724158 ], [ -46.763992555831315, -23.701815887837594 ], [ -46.76392405486375, -23.701729932075686 ], [ -46.763782813431902, -23.701811623658408 ], [ -46.763519957049759, -23.702001824077094 ], [ -46.763265574703148, -23.701716260004687 ], [ -46.763580584939021, -23.70138897075585 ], [ -46.76351826108079, -23.70122417196934 ], [ -46.763426336831138, -23.701090032660556 ], [ -46.763380409494516, -23.701029322669708 ], [ -46.763401110961489, -23.700964952178801 ], [ -46.763346382327413, -23.700892207406305 ], [ -46.763298796073848, -23.700914146472197 ], [ -46.763262175008883, -23.700878437549413 ], [ -46.763264000930583, -23.700847339926366 ], [ -46.763169297129174, -23.700765116541117 ], [ -46.763054012549176, -23.700649907232233 ], [ -46.763144702595859, -23.700516839648831 ], [ -46.763210194221834, -23.700565570460409 ], [ -46.763403878322791, -23.700598975308417 ], [ -46.763640084604496, -23.700763446645347 ], [ -46.764043841578925, -23.700962241082451 ], [ -46.764277682198326, -23.701061274180816 ], [ -46.764481092083166, -23.701058954975991 ], [ -46.764539567320874, -23.701085050863405 ], [ -46.764621802134386, -23.701148344614854 ], [ -46.76510990923169, -23.70163619578528 ] ] ] ] } },
{ "type": "Feature", "properties": { "id": "habi_nucleo2geosampa.186", "gid": 186, "uuid_id": "29faf03a-7e48-4c8c-bb8b-162be665c7b2", "nome": "CECI", "nome_secundario": "BANDEIRANTES", "localizacao": "AVENIDA DOS BANDEIRANTES /AVENIDA JABAQUARA", "tot_domicilio": 25, "areageo_m2": 1106.88, "anoimplant": 1996, "propriedade_area": "Pública" }, "geometry": { "type": "MultiPolygon", "coordinates": [ [ [ [ -46.647424738076062, -23.628938758141338 ], [ -46.647069530565268, -23.629565637618107 ], [ -46.647024373783246, -23.629604348644946 ], [ -46.646958116216155, -23.629614605937881 ], [ -46.647253928218063, -23.628883227649528 ], [ -46.647424738076062, -23.628938758141338 ] ] ] ] } },
{ "type": "Feature", "properties": { "id": "habi_nucleo2geosampa.187", "gid": 187, "uuid_id": "171aafeb-b858-425c-9c8d-59fc68be7385", "nome": "ROSÁRIO SCAMARDI", "nome_secundario": null, "localizacao": "RUA ROSARIO SCAMARDI", "tot_domicilio": 4, "areageo_m2": 2294.06, "anoimplant": 1974, "propriedade_area": "Pública" }, "geometry": { "type": "MultiPolygon", "coordinates": [ [ [ [ -46.778519246308811, -23.679198553842721 ], [ -46.779012150788631, -23.679911641664653 ], [ -46.778734917725785, -23.67994807807607 ], [ -46.778681091438756, -23.679869403626451 ], [ -46.778301616012172, -23.679328944596733 ], [ -46.778519246308811, -23.679198553842721 ] ] ] ] } },
{ "type": "Feature", "properties": { "id": "habi_nucleo2geosampa.190", "gid": 190, "uuid_id": "789216bb-fa15-497f-b750-591ed39b186d", "nome": "JARDIM RAMALHO", "nome_secundario": null, "localizacao": "R POTOMAC / R OREGON", "tot_domicilio": 54, "areageo_m2": 10506.81, "anoimplant": 1977, "propriedade_area": "Pública" }, "geometry": { "type": "MultiPolygon", "coordinates": [ [ [ [ -46.712631791535387, -23.768097353199703 ], [ -46.712591688728324, -23.768290037137266 ], [ -46.712950738686914, -23.768748933202239 ], [ -46.713024229142519, -23.768840080216183 ], [ -46.713038450712304, -23.768871323118546 ], [ -46.712852965334882, -23.768975061445978 ], [ -46.712837276184345, -23.768973922738692 ], [ -46.712423732886755, -23.76916628908786 ], [ -46.712395268062032, -23.769191189147303 ], [ -46.712366618830472, -23.769202004714771 ], [ -46.712362174122767, -23.769203221357539 ], [ -46.712367603534609, -23.76920374482539 ], [ -46.712362666474853, -23.769204091412817 ], [ -46.712357913809996, -23.769218522487531 ], [ -46.712210026994818, -23.769196278942466 ], [ -46.712226604026569, -23.76896083539965 ], [ -46.712236580486397, -23.768063334893597 ], [ -46.712225270768876, -23.767692311063705 ], [ -46.712193290139382, -23.767483316742258 ], [ -46.712198558556182, -23.767317431933819 ], [ -46.712268049591096, -23.767220611161672 ], [ -46.712277802319605, -23.767237145045343 ], [ -46.712313814796985, -23.7673294564527 ], [ -46.71233800584411, -23.767368067607769 ], [ -46.712380752506654, -23.767406472998349 ], [ -46.712436183154971, -23.767420810242296 ], [ -46.712520462993204, -23.767404923702973 ], [ -46.712559291872118, -23.767392529355735 ], [ -46.712771456058903, -23.76721671863416 ], [ -46.712807854881966, -23.767267158047176 ], [ -46.712847472779117, -23.76731456805835 ], [ -46.71282539643768, -23.767365656052728 ], [ -46.712760913414328, -23.76743684459969 ], [ -46.712713552968687, -23.767486693082887 ], [ -46.712686277419131, -23.767529265361702 ], [ -46.712674674020349, -23.767599836886099 ], [ -46.712659394551366, -23.767665510131234 ], [ -46.712652227782357, -23.767766309732014 ], [ -46.712631791535387, -23.768097353199703 ] ] ] ] } },
{ "type": "Feature", "properties": { "id": "habi_nucleo2geosampa.191", "gid": 191, "uuid_id": "15f82132-b977-455d-a6f0-f09ff328dccb", "nome": "JOÃO CANUTO I", "nome_secundario": "VILA CISPER", "localizacao": "RUA BOA VENTURA / RUA SIRIRI / RUA ACESITA", "tot_domicilio": 61, "areageo_m2": 7083.9, "anoimplant": 1990, "propriedade_area": "Pública" }, "geometry": { "type": "MultiPolygon", "coordinates": [ [ [ [ -46.492304419441261, -23.490209406177783 ], [ -46.492263103772771, -23.490286528517277 ], [ -46.492266028638589, -23.490362299982973 ], [ -46.492006867656229, -23.490380767925799 ], [ -46.491705673293637, -23.490255318343404 ], [ -46.491793242877627, -23.490128402473143 ], [ -46.491913188309844, -23.489953483524911 ], [ -46.492006460394926, -23.489853357606417 ], [ -46.492207779803948, -23.490007377807753 ], [ -46.492368972393557, -23.490121583650033 ], [ -46.492304419441261, -23.490209406177783 ] ] ], [ [ [ -46.492944060753835, -23.490106807651571 ], [ -46.493042560956638, -23.490068190538437 ], [ -46.493152956561765, -23.490021574651937 ], [ -46.493450017326516, -23.489756362829709 ], [ -46.493824521983996, -23.490445050222224 ], [ -46.493789336728369, -23.490478147932393 ], [ -46.493684466914075, -23.490405488540077 ], [ -46.4936224206837, -23.490365153166884 ], [ -46.493552132417364, -23.490331203914184 ], [ -46.493479612373278, -23.490302008519521 ], [ -46.493411978212194, -23.490286331734119 ], [ -46.49334199574372, -23.490283304856746 ], [ -46.493284073206603, -23.49029801018234 ], [ -46.49311428658708, -23.490371521867896 ], [ -46.492879150179078, -23.49049776606034 ], [ -46.492483459846632, -23.490269359616239 ], [ -46.492458686254174, -23.490250735139831 ], [ -46.492458276497977, -23.49019523571426 ], [ -46.492517675489388, -23.490155284574907 ], [ -46.492944060753835, -23.490106807651571 ] ] ] ] } },
{ "type": "Feature", "properties": { "id": "habi_nucleo2geosampa.192", "gid": 192, "uuid_id": "30036e8b-7e97-4de2-b5aa-e590eee8977c", "nome": "JARDIM PIRACUAMA II", "nome_secundario": null, "localizacao": "RUA AUREA DA GAMA", "tot_domicilio": 45, "areageo_m2": 3822.85, "anoimplant": 1991, "propriedade_area": "Pública" }, "geometry": { "type": "MultiPolygon", "coordinates": [ [ [ [ -46.759721677140703, -23.646450421269023 ], [ -46.75965581916563, -23.646443314498992 ], [ -46.759408096900572, -23.64642822862054 ], [ -46.75919421172776, -23.646427564839268 ], [ -46.758997687318654, -23.646002114384121 ], [ -46.759099567778115, -23.645972563574926 ], [ -46.759214998456329, -23.64596791780728 ], [ -46.759500315234668, -23.645952984943705 ], [ -46.759644747549508, -23.645954082629803 ], [ -46.75975203169093, -23.64596993668507 ], [ -46.75981924101378, -23.645983233680912 ], [ -46.759890194971497, -23.646005537378592 ], [ -46.759721677140703, -23.646450421269023 ] ] ] ] } },
{ "type": "Feature", "properties": { "id": "habi_nucleo2geosampa.193", "gid": 193, "uuid_id": "a0696e57-0f56-4700-b57e-f79b8716db8b", "nome": "JARDIM MAIA II", "nome_secundario": null, "localizacao": "RUA CEREJA", "tot_domicilio": 150, "areageo_m2": 10987.4, "anoimplant": 1983, "propriedade_area": "Pública" }, "geometry": { "type": "MultiPolygon", "coordinates": [ [ [ [ -46.416440987623346, -23.482505633197071 ], [ -46.416440521395238, -23.482594047186588 ], [ -46.416415321964017, -23.483892077903949 ], [ -46.41579361964213, -23.483886618800863 ], [ -46.415771378485111, -23.482344260301165 ], [ -46.415931680568043, -23.482331483294686 ], [ -46.416096306167809, -23.482357250668471 ], [ -46.416440987623346, -23.482505633197071 ] ] ] ] } },
{ "type": "Feature", "properties": { "id": "habi_nucleo2geosampa.194", "gid": 194, "uuid_id": "e2f27e86-1e8b-455a-b2a7-58e41da0dab4", "nome": "ANGICO DE MINAS", "nome_secundario": null, "localizacao": "RUA ANGICO DE MINAS / RUA CAPITÃO MANUEL PINTO DE ALMEIDA", "tot_domicilio": 15, "areageo_m2": 862.98, "anoimplant": 1989, "propriedade_area": "Pública" }, "geometry": { "type": "MultiPolygon", "coordinates": [ [ [ [ -46.40979787286043, -23.528023001192789 ], [ -46.409872715255901, -23.528258223707041 ], [ -46.409581558234834, -23.528350967439383 ], [ -46.409488519734865, -23.528135035990335 ], [ -46.40979787286043, -23.528023001192789 ] ] ] ] } },
{ "type": "Feature", "properties": { "id": "habi_nucleo2geosampa.195", "gid": 195, "uuid_id": "75c0b185-1798-4ba4-a853-df753634081e", "nome": "JARDIM PAIOLZINHO", "nome_secundario": "JARDIM STA GERTRUDES", "localizacao": "R TALAMANCA", "tot_domicilio": 31, "areageo_m2": 4886.83, "anoimplant": 1967, "propriedade_area": "Pública" }, "geometry": { "type": "MultiPolygon", "coordinates": [ [ [ [ -46.748548065113823, -23.690443850387275 ], [ -46.748566480290634, -23.690469437386767 ], [ -46.748569371350648, -23.690481143463554 ], [ -46.748569602703967, -23.690499290737311 ], [ -46.748563990518861, -23.690524727852704 ], [ -46.74853321190573, -23.690550662373351 ], [ -46.748505870026221, -23.690562456338771 ], [ -46.748488060203641, -23.690568453872807 ], [ -46.748419325774705, -23.690548390345697 ], [ -46.748286821407504, -23.690520686847968 ], [ -46.74819290567649, -23.690475871766623 ], [ -46.748129492898762, -23.690449671578111 ], [ -46.748081321680608, -23.690418015527136 ], [ -46.748056372864994, -23.69040722695263 ], [ -46.748021620909412, -23.690377066165642 ], [ -46.747967657657561, -23.690340079056732 ], [ -46.747951070324255, -23.690321236030261 ], [ -46.74791544829894, -23.690292208609936 ], [ -46.747878402549823, -23.690269108034567 ], [ -46.7478142641217, -23.690221661989231 ], [ -46.747700956565247, -23.690155348454496 ], [ -46.747622764170757, -23.690084162843416 ], [ -46.747581267017054, -23.690058019783496 ], [ -46.74755619093235, -23.690038986574518 ], [ -46.747539735652211, -23.6900224709463 ], [ -46.747527244484537, -23.690016475430966 ], [ -46.747498110572934, -23.689979879911885 ], [ -46.74747188565447, -23.689947627271913 ], [ -46.747382161676065, -23.689854820111673 ], [ -46.747354339794541, -23.689886900219431 ], [ -46.747280649396345, -23.689877565728899 ], [ -46.747232095222408, -23.689878113753565 ], [ -46.747152859347217, -23.689871964801899 ], [ -46.747084812427225, -23.689861006625417 ], [ -46.747039612798169, -23.689842747333795 ], [ -46.746985179365225, -23.689828630052762 ], [ -46.746932040067094, -23.689798000494545 ], [ -46.746909863580449, -23.689795194495428 ], [ -46.746901311261269, -23.68978557255523 ], [ -46.746874273609343, -23.689779926425633 ], [ -46.746854789248879, -23.689767151813609 ], [ -46.746876902747374, -23.689733870074623 ], [ -46.746909670647327, -23.689656148747893 ], [ -46.746943811417317, -23.68951927539575 ], [ -46.746951765634265, -23.689482942334386 ], [ -46.747092602464427, -23.689514690090085 ], [ -46.747252338598202, -23.689595380304606 ], [ -46.747267673851979, -23.689598310643575 ], [ -46.747282811360826, -23.689602518338027 ], [ -46.747296185647834, -23.689609839081339 ], [ -46.747305877024012, -23.689627766267424 ], [ -46.747313700297454, -23.689640925990382 ], [ -46.747333408384534, -23.689655875184236 ], [ -46.747353069612217, -23.689667303282526 ], [ -46.747393153574968, -23.689710562971324 ], [ -46.747478157405446, -23.689741771937989 ], [ -46.74757848864634, -23.689764715727634 ], [ -46.747636855236031, -23.689795176459214 ], [ -46.747671655517216, -23.689828286312096 ], [ -46.747725245177541, -23.689836532678651 ], [ -46.747764222218564, -23.689884348101845 ], [ -46.747820887131496, -23.689926203403179 ], [ -46.747835352969126, -23.689957970279295 ], [ -46.747841464970911, -23.689976062080653 ], [ -46.747886429250478, -23.690011789194255 ], [ -46.747919829291192, -23.690040603617454 ], [ -46.747951842847769, -23.690070452276185 ], [ -46.748008082341038, -23.6901196726458 ], [ -46.748083298754352, -23.690158113829376 ], [ -46.748175580020281, -23.690188821082952 ], [ -46.748298839962345, -23.690282833673159 ], [ -46.748381164082296, -23.690350252952133 ], [ -46.748509229725855, -23.690406590671582 ], [ -46.748548065113823, -23.690443850387275 ] ] ] ] } },
{ "type": "Feature", "properties": { "id": "habi_nucleo2geosampa.196", "gid": 196, "uuid_id": "9ec176b9-56e3-40ea-ad16-61ae67b6c85a", "nome": "ANTÔNIO GALVÃO MEDEIROS", "nome_secundario": null, "localizacao": "RUA ANTÔNIO GALVÃO MEDEIROS", "tot_domicilio": 22, "areageo_m2": 1725.2, "anoimplant": 1982, "propriedade_area": "Pública" }, "geometry": { "type": "MultiPolygon", "coordinates": [ [ [ [ -46.730828415682062, -23.447492677950336 ], [ -46.730535869831613, -23.447589896861334 ], [ -46.730385457800821, -23.447099242529656 ], [ -46.73036816405947, -23.447045986560212 ], [ -46.730399215871593, -23.447023959295429 ], [ -46.730416798092811, -23.447020154152629 ], [ -46.730431903118031, -23.447026142328919 ], [ -46.730529044965131, -23.447138890640318 ], [ -46.730828415682062, -23.447492677950336 ] ] ], [ [ [ -46.731033827071485, -23.447544595284761 ], [ -46.73101529611872, -23.447553870268209 ], [ -46.730876461174816, -23.447421681090898 ], [ -46.731162943444708, -23.447310066256698 ], [ -46.73120806071438, -23.44749355093041 ], [ -46.731033827071485, -23.447544595284761 ] ] ] ] } },
{ "type": "Feature", "properties": { "id": "habi_nucleo2geosampa.197", "gid": 197, "uuid_id": "78bd5668-abae-4286-ab66-c5b44e01d564", "nome": "ISABEL FARNESE", "nome_secundario": null, "localizacao": "ESTRADA MOGI DAS CRUZES", "tot_domicilio": 9, "areageo_m2": 854.62, "anoimplant": 1985, "propriedade_area": "Pública" }, "geometry": { "type": "MultiPolygon", "coordinates": [ [ [ [ -46.482348793536111, -23.516788390533854 ], [ -46.482432900911995, -23.516794150173684 ], [ -46.482440328709217, -23.516805373583313 ], [ -46.482391065058977, -23.516844614851554 ], [ -46.482188985002551, -23.516971146776591 ], [ -46.482165267901891, -23.516881949919394 ], [ -46.482276595539759, -23.516860326383046 ], [ -46.482380043519797, -23.516829220216003 ], [ -46.482348793536111, -23.516788390533854 ] ] ], [ [ [ -46.481719890920751, -23.517174811439364 ], [ -46.481718928244653, -23.517088802361542 ], [ -46.481876971586964, -23.517087298094154 ], [ -46.481877399488106, -23.517125524348689 ], [ -46.481719890920751, -23.517174811439364 ] ] ], [ [ [ -46.482749149928267, -23.516531822325842 ], [ -46.482600202087006, -23.516535630230475 ], [ -46.482600324734456, -23.516662267000143 ], [ -46.482654278029472, -23.516621133472945 ], [ -46.482687785339493, -23.516605283297977 ], [ -46.482749711864287, -23.516581994267938 ], [ -46.482749149928267, -23.516531822325842 ] ] ], [ [ [ -46.482895266034937, -23.516506536697573 ], [ -46.482894543477904, -23.516442029918011 ], [ -46.483008501192906, -23.516437360347215 ], [ -46.483007540304925, -23.516467236934371 ], [ -46.482895266034937, -23.516506536697573 ] ] ], [ [ [ -46.483163551312394, -23.516400042396665 ], [ -46.483163963460989, -23.516321188445939 ], [ -46.483395671218453, -23.516303449818952 ], [ -46.483395938920552, -23.516327341213568 ], [ -46.483163551312394, -23.516400042396665 ] ] ], [ [ [ -46.484226043239538, -23.515949073607768 ], [ -46.48397083117402, -23.515950311719777 ], [ -46.483970660516277, -23.516050667903055 ], [ -46.483986406479858, -23.516068438272402 ], [ -46.484226043239538, -23.515949073607768 ] ] ], [ [ [ -46.483488768055885, -23.516287031684708 ], [ -46.483488045217285, -23.516222524920632 ], [ -46.483642174341306, -23.516218666805528 ], [ -46.483641026173416, -23.516231819416724 ], [ -46.483488768055885, -23.516287031684708 ] ] ] ] } },
{ "type": "Feature", "properties": { "id": "habi_nucleo2geosampa.198", "gid": 198, "uuid_id": "d63a1b47-7cb7-4153-a149-a30ebc25b79f", "nome": "CAMPOS MELLO II", "nome_secundario": "JARDIM BANDEIRANTES", "localizacao": "RUA DOUTOR CAMPOS MELLO", "tot_domicilio": 8, "areageo_m2": 466.38, "anoimplant": 1977, "propriedade_area": "Pública" }, "geometry": { "type": "MultiPolygon", "coordinates": [ [ [ [ -46.733303391572683, -23.457225192322429 ], [ -46.733360542579383, -23.457214563283994 ], [ -46.733369816333472, -23.457213029375357 ], [ -46.733501358706818, -23.457681545662528 ], [ -46.733416348795615, -23.45769391522758 ], [ -46.73341315928792, -23.457680680224282 ], [ -46.733414816744016, -23.457695363101379 ], [ -46.733287945515528, -23.457228225665773 ], [ -46.733303391572683, -23.457225192322429 ] ] ] ] } },
{ "type": "Feature", "properties": { "id": "habi_nucleo2geosampa.199", "gid": 199, "uuid_id": "05cf83c1-2f9d-491b-b437-e2cdc1354cbf", "nome": "JARDIM NAKAMURA III", "nome_secundario": null, "localizacao": "R MANUEL DA COSTA DANTAS 50", "tot_domicilio": 6, "areageo_m2": 972.22, "anoimplant": 1980, "propriedade_area": "Pública" }, "geometry": { "type": "MultiPolygon", "coordinates": [ [ [ [ -46.779420888753315, -23.694798738004177 ], [ -46.779288073037364, -23.695336260902369 ], [ -46.779103362484086, -23.69519219774482 ], [ -46.779219078830231, -23.694981427037884 ], [ -46.779297260430376, -23.69475050007253 ], [ -46.779420888753315, -23.694798738004177 ] ] ] ] } },
{ "type": "Feature", "properties": { "id": "habi_nucleo2geosampa.200", "gid": 200, "uuid_id": "7a3a9090-7bfd-434e-9837-7827428bf598", "nome": "JARDIM FRATERNIDADE", "nome_secundario": "AGLAÊ REIS", "localizacao": "RUA AGLAÊ REIS", "tot_domicilio": 119, "areageo_m2": 8183.74, "anoimplant": 1980, "propriedade_area": "Pública" }, "geometry": { "type": "MultiPolygon", "coordinates": [ [ [ [ -46.773381991549968, -23.679040893984553 ], [ -46.773347408943287, -23.679064676999744 ], [ -46.773346287096643, -23.679069026737228 ], [ -46.773313391815435, -23.679064976215223 ], [ -46.773269861392372, -23.679072175118538 ], [ -46.772921144562851, -23.679286645233816 ], [ -46.772804974109938, -23.67936570830441 ], [ -46.772785751633663, -23.679481508861144 ], [ -46.772846277121189, -23.67954926127176 ], [ -46.772999889968524, -23.679750942271376 ], [ -46.773079558074755, -23.679851538694823 ], [ -46.773054679130276, -23.679858581384739 ], [ -46.772967756989424, -23.679883595683517 ], [ -46.772890433043422, -23.679893330107731 ], [ -46.77288971136403, -23.679889553920745 ], [ -46.772825962471586, -23.679896506237533 ], [ -46.772775649912624, -23.679902878710536 ], [ -46.772723289044094, -23.679909510599863 ], [ -46.77268287835907, -23.679915571639334 ], [ -46.772647220611738, -23.679925099853207 ], [ -46.77260162708582, -23.679924899393132 ], [ -46.772565399322907, -23.679921250712916 ], [ -46.772416845859013, -23.679894059665646 ], [ -46.772306191392325, -23.679915639326882 ], [ -46.772022532064526, -23.679958074606905 ], [ -46.771986258643615, -23.679958309096353 ], [ -46.771967292001534, -23.679947780755295 ], [ -46.771948554271525, -23.679925149956087 ], [ -46.771944385208776, -23.679899553232843 ], [ -46.771950692547207, -23.679880157440095 ], [ -46.771996575794596, -23.679843694080251 ], [ -46.772163137998483, -23.67973352156346 ], [ -46.772274062484598, -23.679634460137237 ], [ -46.772305604024574, -23.679595993695933 ], [ -46.77235966304805, -23.679489316498625 ], [ -46.77229648586777, -23.679457943250728 ], [ -46.772271478582937, -23.679442969214524 ], [ -46.772215945665799, -23.679366939138998 ], [ -46.77214661312437, -23.679272022471928 ], [ -46.772168718217415, -23.679260570867875 ], [ -46.772229568620389, -23.679228902515458 ], [ -46.772396348581651, -23.679142204587137 ], [ -46.772542179021471, -23.679079675030643 ], [ -46.772565192502775, -23.679066384082322 ], [ -46.772747568674006, -23.67899927949118 ], [ -46.773011925949547, -23.678884853778168 ], [ -46.77308329779224, -23.678840964810565 ], [ -46.773180368835902, -23.678792188050434 ], [ -46.77319185920993, -23.678808395857793 ], [ -46.773319632860826, -23.678976834324811 ], [ -46.773327139721083, -23.678986711695092 ], [ -46.773348160834757, -23.679007476226086 ], [ -46.773381991549968, -23.679040893984553 ] ] ] ] } },
{ "type": "Feature", "properties": { "id": "habi_nucleo2geosampa.201", "gid": 201, "uuid_id": "38ae1ab3-9a80-4fa0-9ead-17b78be1f1a4", "nome": "ROSSINI PINTO", "nome_secundario": null, "localizacao": "RUA ROSSINI PINTO", "tot_domicilio": 100, "areageo_m2": 4718.78, "anoimplant": 1991, "propriedade_area": "Pública" }, "geometry": { "type": "MultiPolygon", "coordinates": [ [ [ [ -46.394458203196201, -23.516435105508986 ], [ -46.394505026224664, -23.516453795422432 ], [ -46.394502807926358, -23.516537906570157 ], [ -46.394564439252903, -23.516583227212084 ], [ -46.394649733962495, -23.516614947065662 ], [ -46.394738032347078, -23.516636131123885 ], [ -46.394915304904323, -23.516643140199822 ], [ -46.39564545606067, -23.516605060538655 ], [ -46.395682538587508, -23.516977408217226 ], [ -46.395458485628133, -23.516956481006783 ], [ -46.39522523130691, -23.516947108513286 ], [ -46.395002025295412, -23.516908021132661 ], [ -46.39483082648762, -23.516885657399882 ], [ -46.394557020871744, -23.516864223607641 ], [ -46.394463985246539, -23.516884169418201 ], [ -46.394270989958393, -23.516862008112412 ], [ -46.394313520136528, -23.516667644743436 ], [ -46.394458203196201, -23.516435105508986 ] ] ] ] } },
{ "type": "Feature", "properties": { "id": "habi_nucleo2geosampa.202", "gid": 202, "uuid_id": "05fbf4c9-8d04-4727-b0dc-af053bc59a6d", "nome": "NICOLA CIOLA I", "nome_secundario": null, "localizacao": "RUA NICOLA CIOLA", "tot_domicilio": 58, "areageo_m2": 2294.97, "anoimplant": 2000, "propriedade_area": "Pública" }, "geometry": { "type": "MultiPolygon", "coordinates": [ [ [ [ -46.796174057919487, -23.604557241134117 ], [ -46.796217272596536, -23.604490705008846 ], [ -46.796402769043674, -23.604570931475724 ], [ -46.796369875412864, -23.604661974659226 ], [ -46.796272408426425, -23.604729716827027 ], [ -46.796071200587264, -23.604884420729533 ], [ -46.795964630997737, -23.604904502879005 ], [ -46.795773354016575, -23.604796552783807 ], [ -46.795980153515103, -23.604457268011824 ], [ -46.796174057919487, -23.604557241134117 ] ] ], [ [ [ -46.794557176218767, -23.603701447741923 ], [ -46.794476298771677, -23.603664156859171 ], [ -46.794437481314162, -23.603669383816815 ], [ -46.794249465081514, -23.603951083678815 ], [ -46.794257469194662, -23.603967714971716 ], [ -46.794348878050222, -23.604016829803328 ], [ -46.794348845534543, -23.604014441063452 ], [ -46.794557176218767, -23.603701447741923 ] ] ] ] } },
{ "type": "Feature", "properties": { "id": "habi_nucleo2geosampa.203", "gid": 203, "uuid_id": "e252ef2f-954b-4850-9c01-64b778a1cb47", "nome": "GOITI", "nome_secundario": null, "localizacao": "RUA GOITI", "tot_domicilio": 250, "areageo_m2": 14869.82, "anoimplant": 1988, "propriedade_area": "Pública" }, "geometry": { "type": "MultiPolygon", "coordinates": [ [ [ [ -46.467466906408397, -23.539165778759866 ], [ -46.468046819566695, -23.539372373381809 ], [ -46.46774022322991, -23.539737894491324 ], [ -46.467406810404221, -23.540022428417441 ], [ -46.467270795766041, -23.540121940139741 ], [ -46.467035249619208, -23.540126814400683 ], [ -46.467059099779128, -23.539546217137591 ], [ -46.46728904439918, -23.539515872422648 ], [ -46.467308543333559, -23.539944629282779 ], [ -46.467466906408397, -23.539165778759866 ] ] ], [ [ [ -46.468769071213259, -23.539100396727235 ], [ -46.468219229694164, -23.539268096168303 ], [ -46.46828317568162, -23.538564610081728 ], [ -46.468893379496393, -23.538674316249239 ], [ -46.468769071213259, -23.539100396727235 ] ] ], [ [ [ -46.46892993954399, -23.538156995181815 ], [ -46.468878195533144, -23.538607277929778 ], [ -46.468365103543121, -23.53852281437144 ], [ -46.467921820735356, -23.538484236722926 ], [ -46.467728960512915, -23.538586689626126 ], [ -46.467718762965497, -23.539044647729249 ], [ -46.467727183972585, -23.539115008572111 ], [ -46.467979750079614, -23.539154889733048 ], [ -46.467958395836348, -23.539295971797117 ], [ -46.467484722408962, -23.53912433988684 ], [ -46.467545445282155, -23.538400000588066 ], [ -46.46892993954399, -23.538156995181815 ] ] ] ] } },
{ "type": "Feature", "properties": { "id": "habi_nucleo2geosampa.204", "gid": 204, "uuid_id": "e8d9225e-6216-4b53-a15d-85250b0c32c2", "nome": "HENRIQUE GRANADO", "nome_secundario": null, "localizacao": "RUA ANA REIMBERG HEMMEL", "tot_domicilio": 59, "areageo_m2": 6617.12, "anoimplant": 1968, "propriedade_area": "Pública" }, "geometry": { "type": "MultiPolygon", "coordinates": [ [ [ [ -46.699983405936514, -23.753039309948672 ], [ -46.699859002864315, -23.753153140789163 ], [ -46.699715699799704, -23.753236499516408 ], [ -46.699571859737659, -23.753278975744458 ], [ -46.6995346237101, -23.753262347664073 ], [ -46.699491721347385, -23.753218744313489 ], [ -46.699532489517402, -23.752917612571668 ], [ -46.699700908698198, -23.752962054269307 ], [ -46.699757247269268, -23.752919687545962 ], [ -46.699983405936514, -23.753039309948672 ] ] ], [ [ [ -46.700198922325221, -23.753632506285427 ], [ -46.700170684659604, -23.753691094168374 ], [ -46.700119611081732, -23.753720843876739 ], [ -46.699989136925566, -23.753718757986274 ], [ -46.699633303755128, -23.753686211682659 ], [ -46.69947552437835, -23.753681930025849 ], [ -46.69944877274223, -23.753617704873552 ], [ -46.699474968965113, -23.753363759818242 ], [ -46.699662094841294, -23.753309277187707 ], [ -46.699822579636482, -23.753265652424634 ], [ -46.700198922325221, -23.753632506285427 ] ] ], [ [ [ -46.700375351692287, -23.753856278558938 ], [ -46.700472138860569, -23.753934897071744 ], [ -46.70035906260447, -23.753914354617219 ], [ -46.700255741339106, -23.754055700822843 ], [ -46.700178459210193, -23.754039216588975 ], [ -46.700127788838103, -23.754304171821456 ], [ -46.700021833675898, -23.754288415329128 ], [ -46.700095185495918, -23.753778363848902 ], [ -46.700375351692287, -23.753856278558938 ] ] ], [ [ [ -46.700784543275994, -23.753549609905395 ], [ -46.700761288430144, -23.753792617572682 ], [ -46.700537280418587, -23.753781337001556 ], [ -46.700279194039872, -23.753750217461878 ], [ -46.70026686157226, -23.753675263305961 ], [ -46.700397521899369, -23.753520590202729 ], [ -46.700571218192188, -23.753353737185751 ], [ -46.700784543275994, -23.753549609905395 ] ] ] ] } },
{ "type": "Feature", "properties": { "id": "habi_nucleo2geosampa.205", "gid": 205, "uuid_id": "77d7cc2b-cc02-318f-9dc9-3d453b7c4f87", "nome": "PEDRO ALBA", "nome_secundario": null, "localizacao": "RUA PEDRO ALBA / TRAVESSA PAULO FIORINI / TRAVESSA INACIO GORITI / RUA MANUEL AQUILINO DOS SANTOS", "tot_domicilio": 13, "areageo_m2": 955.63, "anoimplant": 0, "propriedade_area": "Pública" }, "geometry": { "type": "MultiPolygon", "coordinates": [ [ [ [ -46.680783809348831, -23.45538971144709 ], [ -46.6809485078699, -23.455429748656694 ], [ -46.681036305841467, -23.455143764313984 ], [ -46.681076402446003, -23.455140226162644 ], [ -46.68115997821716, -23.455154855597328 ], [ -46.681173644647238, -23.455047908589435 ], [ -46.681229429850774, -23.455045993254366 ], [ -46.681246638088524, -23.455019346779618 ], [ -46.681234433498503, -23.454960523445784 ], [ -46.680821633121582, -23.455124813281198 ], [ -46.680834767219736, -23.455211043346953 ], [ -46.680810686304788, -23.455303408635846 ], [ -46.680783809348831, -23.45538971144709 ] ] ] ] } },
{ "type": "Feature", "properties": { "id": "habi_nucleo2geosampa.206", "gid": 206, "uuid_id": "df0b8bfe-f641-4410-9ddd-6dfd5e63f89c", "nome": "LINCOLN JUNQUEIRA", "nome_secundario": null, "localizacao": "RUA FRANCISCO ALBANI / RUA ALCIDES QUINTAR / RUA MANUEL DE AGREDA /RUA LINCOLN JUNQUEIRA", "tot_domicilio": 41, "areageo_m2": 4105.65, "anoimplant": 1983, "propriedade_area": "Pública" }, "geometry": { "type": "MultiPolygon", "coordinates": [ [ [ [ -46.432052299948467, -23.545126698340571 ], [ -46.433092892176404, -23.545454152897523 ], [ -46.432926801237386, -23.545924180082075 ], [ -46.432608987894255, -23.545895388102021 ], [ -46.432618583704418, -23.545747413999386 ], [ -46.432602915413966, -23.545678772464015 ], [ -46.432577068031051, -23.54561247531349 ], [ -46.432560802552636, -23.545579421404796 ], [ -46.432511787256324, -23.545531726041897 ], [ -46.432437621294788, -23.545482022657293 ], [ -46.432367476993058, -23.545444686057895 ], [ -46.431976195413164, -23.545333745587282 ], [ -46.432052299948467, -23.545126698340571 ] ] ] ] } },
{ "type": "Feature", "properties": { "id": "habi_nucleo2geosampa.207", "gid": 207, "uuid_id": "6e5064a4-c487-4d1a-87a0-f123d8838644", "nome": "SANTA MARGARIDA I", "nome_secundario": null, "localizacao": "RUA RIBEIRAO PONTE BAIXA", "tot_domicilio": 9, "areageo_m2": 1235.58, "anoimplant": 0, "propriedade_area": "Particular" }, "geometry": { "type": "MultiPolygon", "coordinates": [ [ [ [ -46.757607834882748, -23.682750202621463 ], [ -46.757880757731591, -23.683080967856057 ], [ -46.757757339738426, -23.683154254165213 ], [ -46.757679798245363, -23.683188846379686 ], [ -46.757655562020851, -23.683170249278501 ], [ -46.757339452366153, -23.682779240086909 ], [ -46.757449163677919, -23.682774778234389 ], [ -46.757607834882748, -23.682750202621463 ] ] ] ] } },
{ "type": "Feature", "properties": { "id": "habi_nucleo2geosampa.208", "gid": 208, "uuid_id": "f6c68713-1c33-40ac-8903-011ddcfe1fd5", "nome": "CALIL JORGE CALIXTO", "nome_secundario": null, "localizacao": "RUA CALIL JORGE CALIXTO", "tot_domicilio": 25, "areageo_m2": 770.79, "anoimplant": 1990, "propriedade_area": "Particular" }, "geometry": { "type": "MultiPolygon", "coordinates": [ [ [ [ -46.758741863916306, -23.659795619466948 ], [ -46.758714335538713, -23.659791465206677 ], [ -46.758623417347394, -23.659684888508238 ], [ -46.758539287392509, -23.659549121803526 ], [ -46.758401914181796, -23.659266766438193 ], [ -46.758458173436587, -23.659216738376944 ], [ -46.758651935376577, -23.659435925182489 ], [ -46.758592940333706, -23.659490263439977 ], [ -46.758817350891405, -23.659727847135162 ], [ -46.758741863916306, -23.659795619466948 ] ] ] ] } },
{ "type": "Feature", "properties": { "id": "habi_nucleo2geosampa.209", "gid": 209, "uuid_id": "44460c83-9f4d-42ae-b2ba-41e2a48d5510", "nome": "RECANTO DO PARAÍSO", "nome_secundario": null, "localizacao": "RUA PAVÃO / RUA JAMAICA", "tot_domicilio": 4000, "areageo_m2": 284591.1, "anoimplant": 1992, "propriedade_area": "Pública" }, "geometry": { "type": "MultiPolygon", "coordinates": [ [ [ [ -46.750766310265618, -23.417891003975278 ], [ -46.750616570761984, -23.417431779761205 ], [ -46.749937811494291, -23.415469996671508 ], [ -46.748914505405537, -23.414274457893654 ], [ -46.747952818594506, -23.413362223200199 ], [ -46.749696421440404, -23.413956787821999 ], [ -46.750428691642909, -23.415206355515931 ], [ -46.751781066893642, -23.414985203033048 ], [ -46.752792139824649, -23.414732224966311 ], [ -46.753168087741436, -23.415713970663184 ], [ -46.753650410188918, -23.416410026400154 ], [ -46.754026663945979, -23.416641620541924 ], [ -46.754799043440705, -23.417513218581046 ], [ -46.755056569961404, -23.417853700688241 ], [ -46.755464455446756, -23.420155263590981 ], [ -46.755303162358523, -23.420376463345193 ], [ -46.755148375051718, -23.420409934299403 ], [ -46.754842537278613, -23.420454659421623 ], [ -46.754275540030136, -23.420555313078772 ], [ -46.753703519567011, -23.419911060195624 ], [ -46.753332933916326, -23.420419635002315 ], [ -46.753313594601963, -23.420433215523662 ], [ -46.752873494484795, -23.421292874277061 ], [ -46.752237642058617, -23.422373920725171 ], [ -46.752017911331343, -23.422847676678952 ], [ -46.751914411374941, -23.423162148564309 ], [ -46.751693298983682, -23.424076149847238 ], [ -46.751729686447909, -23.423164221029808 ], [ -46.751716632204783, -23.422859401680657 ], [ -46.751680279917174, -23.422554843677435 ], [ -46.751607615401049, -23.421784170425671 ], [ -46.751434289402766, -23.420985955620363 ], [ -46.751266979204672, -23.420270656451994 ], [ -46.751138500458417, -23.419554921525418 ], [ -46.750766310265618, -23.417891003975278 ] ] ] ] } },
{ "type": "Feature", "properties": { "id": "habi_nucleo2geosampa.210", "gid": 210, "uuid_id": "17c99e91-81ef-456b-aa15-f2714b304e00", "nome": "CINCO DE JULHO", "nome_secundario": null, "localizacao": "RUA ANDRÉ DE ALMEIDA / RUA SILVA ORTIZ", "tot_domicilio": 180, "areageo_m2": 7053.59, "anoimplant": 1972, "propriedade_area": "Pública" }, "geometry": { "type": "MultiPolygon", "coordinates": [ [ [ [ -46.480070554868611, -23.593137783998987 ], [ -46.480202894450805, -23.593472288603152 ], [ -46.480308414364551, -23.593708291444315 ], [ -46.480365322871464, -23.593814403953914 ], [ -46.480512374958266, -23.59393150641219 ], [ -46.480659193646495, -23.594028858394175 ], [ -46.480818874619558, -23.594126087579458 ], [ -46.480952444507913, -23.59418801761587 ], [ -46.481120035366715, -23.594225924408192 ], [ -46.481223907056901, -23.594492521881993 ], [ -46.480536029760692, -23.594511953039298 ], [ -46.480513186082867, -23.594385763311681 ], [ -46.480464896262731, -23.594283520325313 ], [ -46.48036900227634, -23.594142231520308 ], [ -46.48029942080251, -23.594052040764023 ], [ -46.480194875727193, -23.593902931073469 ], [ -46.480073548024706, -23.593785583134508 ], [ -46.479506703346175, -23.593309063879058 ], [ -46.480070554868611, -23.593137783998987 ] ] ] ] } },
{ "type": "Feature", "properties": { "id": "habi_nucleo2geosampa.211", "gid": 211, "uuid_id": "25e5a394-a074-4b4b-95aa-22fa66e522ff", "nome": "VILA BOM JARDIM", "nome_secundario": null, "localizacao": "RUA COMANDANTE BRÁS DIAS DE AGUIAR", "tot_domicilio": 19, "areageo_m2": 2624.51, "anoimplant": 0, "propriedade_area": "Particular" }, "geometry": { "type": "MultiPolygon", "coordinates": [ [ [ [ -46.761775779942141, -23.686498911874224 ], [ -46.761668953985343, -23.686991144014478 ], [ -46.761464027525626, -23.686954110936426 ], [ -46.761343556825985, -23.686834137222625 ], [ -46.761216912455644, -23.686681437340415 ], [ -46.761290818672883, -23.686372549168723 ], [ -46.761775779942141, -23.686498911874224 ] ] ] ] } },
{ "type": "Feature", "properties": { "id": "habi_nucleo2geosampa.212", "gid": 212, "uuid_id": "0d0c6bec-8154-4e6e-9ef7-29c735dbd2a2", "nome": "COIMBRA", "nome_secundario": null, "localizacao": "AVENIDA FREDERICK HOFFMANN / RUA SINO VITÓRIA", "tot_domicilio": 3, "areageo_m2": 252.55, "anoimplant": 1986, "propriedade_area": "Pública" }, "geometry": { "type": "MultiPolygon", "coordinates": [ [ [ [ -46.479792765674233, -23.529234146580421 ], [ -46.479804078397258, -23.529230549674658 ], [ -46.479811697187493, -23.529233966560881 ], [ -46.479874711333757, -23.52945328339656 ], [ -46.479780323558515, -23.529475116950145 ], [ -46.479717258719639, -23.529252322226707 ], [ -46.479792765674233, -23.529234146580421 ] ] ] ] } },
{ "type": "Feature", "properties": { "id": "habi_nucleo2geosampa.213", "gid": 213, "uuid_id": "a8a3ac1a-a855-448a-b808-b251bd2b2dbd", "nome": "JARDIM EDUCANDÁRIO", "nome_secundario": null, "localizacao": "RUA CARLOS FARIA", "tot_domicilio": 7, "areageo_m2": 552.39, "anoimplant": 1970, "propriedade_area": "Pública" }, "geometry": { "type": "MultiPolygon", "coordinates": [ [ [ [ -46.783545415148176, -23.603251165855223 ], [ -46.783460204463829, -23.603210913229518 ], [ -46.783379979945202, -23.603269228076339 ], [ -46.783248319530749, -23.60312054825037 ], [ -46.783302479942783, -23.603083290120971 ], [ -46.783390025581966, -23.603062277570437 ], [ -46.783452209251877, -23.603062952729164 ], [ -46.783518992879827, -23.60307642546185 ], [ -46.783578639594189, -23.603092713197661 ], [ -46.783625686830462, -23.603111149555627 ], [ -46.783545415148176, -23.603251165855223 ] ] ] ] } },
{ "type": "Feature", "properties": { "id": "habi_nucleo2geosampa.214", "gid": 214, "uuid_id": "d61b31ac-0007-4541-8150-00fe578867dc", "nome": "PARQUE SANTA EDWIGES", "nome_secundario": "SANTA EDWIGES", "localizacao": "RUA BENTO LEITE DA SILVA", "tot_domicilio": 43, "areageo_m2": 1114.49, "anoimplant": 1985, "propriedade_area": "Particular" }, "geometry": { "type": "MultiPolygon", "coordinates": [ [ [ [ -46.742550294979317, -23.676607589271644 ], [ -46.742810422876524, -23.676436097811994 ], [ -46.742912209946944, -23.677127487796245 ], [ -46.742550294979317, -23.676607589271644 ] ] ] ] } },
{ "type": "Feature", "properties": { "id": "habi_nucleo2geosampa.215", "gid": 215, "uuid_id": "46f7240a-9599-4a5c-8461-263f69b5f735", "nome": "JARDIM ALFREDO II", "nome_secundario": null, "localizacao": "R JAGUARIBARA 195", "tot_domicilio": 53, "areageo_m2": 3475.9, "anoimplant": 1971, "propriedade_area": "Particular" }, "geometry": { "type": "MultiPolygon", "coordinates": [ [ [ [ -46.735212356995206, -23.677968178682082 ], [ -46.735203368528289, -23.677835055319861 ], [ -46.735481166858818, -23.677785314057992 ], [ -46.735695113026793, -23.677829544721028 ], [ -46.736031998436658, -23.677872397066569 ], [ -46.736267367494015, -23.677896403170283 ], [ -46.736462927657392, -23.677917524700916 ], [ -46.736691388064095, -23.677964921884097 ], [ -46.736770841840126, -23.677957369589649 ], [ -46.736901009880057, -23.67795590972538 ], [ -46.736981928708758, -23.678058250744517 ], [ -46.736979100897834, -23.678118233243165 ], [ -46.736748220435636, -23.678160789865686 ], [ -46.736632510011326, -23.67816208748425 ], [ -46.73636847695402, -23.67815838695191 ], [ -46.736295943815023, -23.67814254718364 ], [ -46.735620235689751, -23.677910318330305 ], [ -46.735212356995206, -23.677968178682082 ] ] ] ] } },
{ "type": "Feature", "properties": { "id": "habi_nucleo2geosampa.216", "gid": 216, "uuid_id": "d650270c-a906-4ab6-b7ca-d12a0ea3495a", "nome": "SERRA DA CANASTRA", "nome_secundario": null, "localizacao": "RUA SERRA DA CANASTRA", "tot_domicilio": 40, "areageo_m2": 1093.62, "anoimplant": 1986, "propriedade_area": "Pública" }, "geometry": { "type": "MultiPolygon", "coordinates": [ [ [ [ -46.786431645766882, -23.664651329030765 ], [ -46.786509553302501, -23.664564326335704 ], [ -46.786722819735139, -23.664647971298145 ], [ -46.786727631057495, -23.664737330209544 ], [ -46.786980577778181, -23.664830451487553 ], [ -46.786949215429978, -23.664903670417875 ], [ -46.786786551598972, -23.664839313594108 ], [ -46.786628372185994, -23.664841137816822 ], [ -46.786624191019023, -23.664798134554243 ], [ -46.786431645766882, -23.664651329030765 ] ] ], [ [ [ -46.787324093508424, -23.664180711305509 ], [ -46.787342433982062, -23.664206993993897 ], [ -46.78734661535028, -23.664249997226978 ], [ -46.787314668002338, -23.664280170121231 ], [ -46.787254357410944, -23.664340477297046 ], [ -46.787190282543662, -23.664387579362696 ], [ -46.787110202710288, -23.66431564592007 ], [ -46.787066443673801, -23.664269787759441 ], [ -46.787098526125149, -23.664249547676384 ], [ -46.787230992139428, -23.664208279600974 ], [ -46.787324093508424, -23.664180711305509 ] ] ] ] } },
{ "type": "Feature", "properties": { "id": "habi_nucleo2geosampa.217", "gid": 217, "uuid_id": "52836008-3933-3fda-85b6-3a94814c0256", "nome": "PEDRO DA ESPERANÇA", "nome_secundario": null, "localizacao": "RUA PEDRO DA ESPERANÇA", "tot_domicilio": 9, "areageo_m2": 626.97, "anoimplant": 1991, "propriedade_area": "Pública" }, "geometry": { "type": "MultiPolygon", "coordinates": [ [ [ [ -46.445804990755455, -23.598683588093433 ], [ -46.445776473770728, -23.59892040405456 ], [ -46.445998605884576, -23.598961344746069 ], [ -46.446026925983617, -23.598706610108465 ], [ -46.445804990755455, -23.598683588093433 ] ] ] ] } },
{ "type": "Feature", "properties": { "id": "habi_nucleo2geosampa.218", "gid": 218, "uuid_id": "e601acef-a9a3-4ed0-8c95-f3e643c7a008", "nome": "CARA PINTADA", "nome_secundario": null, "localizacao": "AV. MARIA SANTANA / R. ERVA DE OVELHA", "tot_domicilio": 3, "areageo_m2": 544.16, "anoimplant": 1978, "propriedade_area": "Pública" }, "geometry": { "type": "MultiPolygon", "coordinates": [ [ [ [ -46.446194011902747, -23.510547883583371 ], [ -46.446185064485107, -23.510741786714512 ], [ -46.446069988877689, -23.510738771632059 ], [ -46.446068048295636, -23.510763281338242 ], [ -46.446145580556582, -23.510974741849417 ], [ -46.446084037957377, -23.511012034405393 ], [ -46.446019866723333, -23.510808606344749 ], [ -46.446032440443034, -23.510541227505804 ], [ -46.446194011902747, -23.510547883583371 ] ] ] ] } },
{ "type": "Feature", "properties": { "id": "habi_nucleo2geosampa.219", "gid": 219, "uuid_id": "7c158d9b-2497-4476-be71-f83363f68928", "nome": "CORTIS", "nome_secundario": null, "localizacao": "RUA CORTIS", "tot_domicilio": 8, "areageo_m2": 1195.28, "anoimplant": 1994, "propriedade_area": "Pública" }, "geometry": { "type": "MultiPolygon", "coordinates": [ [ [ [ -46.421042092707054, -23.551024949539304 ], [ -46.421016956391135, -23.551186930508724 ], [ -46.420832072240273, -23.551127860064796 ], [ -46.420820711777871, -23.55117711790605 ], [ -46.420612509604105, -23.551139935841228 ], [ -46.420605183175311, -23.551067420491773 ], [ -46.420488142334129, -23.551038870068464 ], [ -46.420366418979022, -23.550980231013519 ], [ -46.420350635716517, -23.550800439689159 ], [ -46.420298316678839, -23.550692928377341 ], [ -46.420331571951458, -23.550677155448192 ], [ -46.420400448003051, -23.550814072976074 ], [ -46.420636329600192, -23.550976012111484 ], [ -46.420645036949239, -23.550996149596084 ], [ -46.42073149258033, -23.551015576815551 ], [ -46.421042092707054, -23.551024949539304 ] ] ] ] } },
{ "type": "Feature", "properties": { "id": "habi_nucleo2geosampa.220", "gid": 220, "uuid_id": "272899e8-0a0b-4d7b-9042-8ad393b174e6", "nome": "VISCONDE DO RIO GRANDE", "nome_secundario": "VISCONDE DO RIO GRANDE II", "localizacao": "AV VISCONDE DO RIO GRANDE / RUA GAGLIANO NETTO", "tot_domicilio": 6, "areageo_m2": 671.1, "anoimplant": 1970, "propriedade_area": "Pública" }, "geometry": { "type": "MultiPolygon", "coordinates": [ [ [ [ -46.773470127220108, -23.682594117532595 ], [ -46.773465916184392, -23.682599100608773 ], [ -46.773460511200788, -23.682596201539752 ], [ -46.773306092721896, -23.682509145306874 ], [ -46.773309916621983, -23.682503474818841 ], [ -46.773421636905944, -23.682336094000618 ], [ -46.773504112467322, -23.682253232940539 ], [ -46.77354316408146, -23.682279933550749 ], [ -46.773617688055566, -23.682330887481879 ], [ -46.773639751868998, -23.682378008293345 ], [ -46.773470127220108, -23.682594117532595 ] ] ] ] } },
{ "type": "Feature", "properties": { "id": "habi_nucleo2geosampa.221", "gid": 221, "uuid_id": "dbc710ba-1733-4369-aa5a-cbbfa5f23387", "nome": "ENTRE RIOS I", "nome_secundario": null, "localizacao": "RUA ENTRE RIOS / RUA MARCOS JUARES", "tot_domicilio": 116, "areageo_m2": 6382.31, "anoimplant": 1980, "propriedade_area": "Pública" }, "geometry": { "type": "MultiPolygon", "coordinates": [ [ [ [ -46.518110075343351, -23.508113349122929 ], [ -46.517782815478405, -23.508028778234106 ], [ -46.517782097156541, -23.507966098902145 ], [ -46.517713651311368, -23.507924982438105 ], [ -46.517505418400155, -23.507943720751182 ], [ -46.517437403538928, -23.507940211765874 ], [ -46.517441064931731, -23.5078649524798 ], [ -46.517524335506415, -23.507617567442541 ], [ -46.517572450222801, -23.507466651355799 ], [ -46.517630209609131, -23.507365790339588 ], [ -46.517738046697346, -23.507285344043375 ], [ -46.518146598118179, -23.506951210106617 ], [ -46.518315258836019, -23.507037326696487 ], [ -46.518209961089589, -23.507339247654532 ], [ -46.518176195010845, -23.507556893113083 ], [ -46.518129853130361, -23.507862411011537 ], [ -46.518110075343351, -23.508113349122929 ] ] ] ] } },
{ "type": "Feature", "properties": { "id": "habi_nucleo2geosampa.222", "gid": 222, "uuid_id": "60308965-ab6d-43f0-94e4-f9dec4ed6e31", "nome": "VILA ANASTÁCIO", "nome_secundario": "PARQUE MARIA DOMITILA", "localizacao": "RUA CORONEL WILLIS ROBERTO BANKS", "tot_domicilio": 12, "areageo_m2": 1800.51, "anoimplant": 1986, "propriedade_area": "Pública" }, "geometry": { "type": "MultiPolygon", "coordinates": [ [ [ [ -46.738512734330122, -23.488923581709351 ], [ -46.738501033721327, -23.488807572147035 ], [ -46.7386822199514, -23.488755118852708 ], [ -46.738796497439523, -23.488740944046469 ], [ -46.738983566088471, -23.488749400517694 ], [ -46.739299727022853, -23.488806869364886 ], [ -46.73927001993642, -23.489062924881082 ], [ -46.739139696948079, -23.489017448068985 ], [ -46.739013331013702, -23.488982515186251 ], [ -46.738869178372966, -23.488948925370735 ], [ -46.738732880987627, -23.488932858086571 ], [ -46.738512734330122, -23.488923581709351 ] ] ] ] } },
{ "type": "Feature", "properties": { "id": "habi_nucleo2geosampa.223", "gid": 223, "uuid_id": "b4a2f035-3f6a-443c-96cc-b9ae06e3ff7a", "nome": "SEBASTIÃO AMÂNCIO PINTO I", "nome_secundario": null, "localizacao": "RUA SEBASTIÃO AMANCIO PINTO", "tot_domicilio": 3, "areageo_m2": 284.6, "anoimplant": 1978, "propriedade_area": "Pública" }, "geometry": { "type": "MultiPolygon", "coordinates": [ [ [ [ -46.731478311593314, -23.653704105360294 ], [ -46.731581389394968, -23.653752708437832 ], [ -46.731520929472694, -23.653828873792932 ], [ -46.731470074267904, -23.653927235650276 ], [ -46.731415539685813, -23.654029069955826 ], [ -46.731374480127826, -23.654022665936505 ], [ -46.731408304302164, -23.653903906222734 ], [ -46.731436586890162, -23.653788639769694 ], [ -46.731478311593314, -23.653704105360294 ] ] ] ] } },
{ "type": "Feature", "properties": { "id": "habi_nucleo2geosampa.224", "gid": 224, "uuid_id": "f8930616-b15f-48c0-ac36-fbf8b7ab1cf6", "nome": "SÃO ROQUE DE MINAS", "nome_secundario": "FRANCISCO MACHADO DA SILVA", "localizacao": "AVENIDA FRANCISCO MACHADO DA SILVA / RUA SÃO ROQUE DE MINAS", "tot_domicilio": 20, "areageo_m2": 1843.0, "anoimplant": 1994, "propriedade_area": "Pública" }, "geometry": { "type": "MultiPolygon", "coordinates": [ [ [ [ -46.657681648846882, -23.453709259728104 ], [ -46.657854734265079, -23.454119474584765 ], [ -46.6576635837149, -23.454096853153121 ], [ -46.657204901709974, -23.454048899202753 ], [ -46.657181605023666, -23.454017450207708 ], [ -46.657237846940937, -23.453935850581928 ], [ -46.657332081467437, -23.453839759969537 ], [ -46.657419297555101, -23.453793049520261 ], [ -46.657681648846882, -23.453709259728104 ] ] ] ] } },
{ "type": "Feature", "properties": { "id": "habi_nucleo2geosampa.225", "gid": 225, "uuid_id": "ac866402-dedc-4bfc-92a3-c331496d8b89", "nome": "JARDIM ARACATI I", "nome_secundario": null, "localizacao": "R RUI BOTO DE SOUSA", "tot_domicilio": 299, "areageo_m2": 22609.18, "anoimplant": 1976, "propriedade_area": "Pública" }, "geometry": { "type": "MultiPolygon", "coordinates": [ [ [ [ -46.768044128006444, -23.721293248515966 ], [ -46.767570331971569, -23.721068407234782 ], [ -46.76732045991664, -23.72108480751594 ], [ -46.767105770056084, -23.720437122332175 ], [ -46.766911084669921, -23.720182000228597 ], [ -46.766613437241524, -23.71992805400232 ], [ -46.766722713945398, -23.719303756128578 ], [ -46.766660228502985, -23.719033578777307 ], [ -46.766465363754257, -23.718764913418578 ], [ -46.766564676131061, -23.718492887916973 ], [ -46.766499819458765, -23.718046658253936 ], [ -46.766656871383091, -23.717692705864533 ], [ -46.767090649672035, -23.717132423592016 ], [ -46.767685123380339, -23.716489036454032 ], [ -46.767631035865868, -23.716841813049001 ], [ -46.767829003878184, -23.717340698971569 ], [ -46.767008420594614, -23.717580333455825 ], [ -46.766865896005392, -23.71792057563956 ], [ -46.766784213337345, -23.71840911283379 ], [ -46.766788775814781, -23.718747674644018 ], [ -46.767318737597989, -23.719865817558443 ], [ -46.767621498948778, -23.720498951327617 ], [ -46.768044128006444, -23.721293248515966 ] ] ] ] } },
{ "type": "Feature", "properties": { "id": "habi_nucleo2geosampa.226", "gid": 226, "uuid_id": "f6c907ce-034e-40b2-8e37-7e71d7eaca1c", "nome": "JARDIM MAIA I", "nome_secundario": null, "localizacao": "R ESTRELA AZUL", "tot_domicilio": 124, "areageo_m2": 8230.87, "anoimplant": 1983, "propriedade_area": "Pública" }, "geometry": { "type": "MultiPolygon", "coordinates": [ [ [ [ -46.415221306996308, -23.491364965853187 ], [ -46.415250628628442, -23.492090491932672 ], [ -46.415266885401586, -23.492999646411548 ], [ -46.414846657452578, -23.493025604196585 ], [ -46.414769614863843, -23.491358391311465 ], [ -46.415221306996308, -23.491364965853187 ] ] ] ] } },
{ "type": "Feature", "properties": { "id": "habi_nucleo2geosampa.227", "gid": 227, "uuid_id": "3a7c3df7-f836-4756-9a93-d714b5e2d6eb", "nome": "LAVÍNIA RIBEIRO", "nome_secundario": "PRAÇA HENRIQUE MANOGRASSO", "localizacao": "RUA LAVÍNIA RIBEIRO", "tot_domicilio": 24, "areageo_m2": 4521.03, "anoimplant": 1950, "propriedade_area": "Pública" }, "geometry": { "type": "MultiPolygon", "coordinates": [ [ [ [ -46.566488740352312, -23.573284400110321 ], [ -46.564428943305671, -23.57357985814312 ], [ -46.564191739970916, -23.573554070863437 ], [ -46.564175623635322, -23.573483795239543 ], [ -46.566455586174655, -23.573066377143437 ], [ -46.566488740352312, -23.573284400110321 ] ] ] ] } },
{ "type": "Feature", "properties": { "id": "habi_nucleo2geosampa.228", "gid": 228, "uuid_id": "fdd2b1a3-3cb3-4132-ad7f-79b7e4d56381", "nome": "BERNARDINO BRITO FONSECA DE CARVALHO", "nome_secundario": null, "localizacao": "RUA DOUTOR BERNADINO BRITO FONSECA DA SILVA", "tot_domicilio": 15, "areageo_m2": 1850.86, "anoimplant": 1985, "propriedade_area": "Pública" }, "geometry": { "type": "MultiPolygon", "coordinates": [ [ [ [ -46.504934948592343, -23.546458931224098 ], [ -46.505137067368821, -23.546763442906215 ], [ -46.505080081925627, -23.546905872607887 ], [ -46.504833894858947, -23.546517462138056 ], [ -46.504934948592343, -23.546458931224098 ] ] ], [ [ [ -46.503647789352748, -23.54751256520133 ], [ -46.503577128621423, -23.547110639384716 ], [ -46.503859858098203, -23.547017109783916 ], [ -46.503929858314706, -23.547247007164152 ], [ -46.503822816406988, -23.547292245548391 ], [ -46.503862403578935, -23.547468676180848 ], [ -46.503647789352748, -23.54751256520133 ] ] ] ] } },
{ "type": "Feature", "properties": { "id": "habi_nucleo2geosampa.229", "gid": 229, "uuid_id": "ff3f0471-e610-42dd-9211-94215a83a09c", "nome": "NICARÁGUA", "nome_secundario": "VILA DA PAZ", "localizacao": "AV INTERLAGOS, 77", "tot_domicilio": 372, "areageo_m2": 93349.72, "anoimplant": 1984, "propriedade_area": "Pública" }, "geometry": { "type": "MultiPolygon", "coordinates": [ [ [ [ -46.696611638643283, -23.688262676381445 ], [ -46.69695292997546, -23.688574307114997 ], [ -46.697212141969331, -23.688958512157342 ], [ -46.697362655063863, -23.689363021918023 ], [ -46.697551338375817, -23.689910463455963 ], [ -46.697720012716218, -23.690515464300056 ], [ -46.697915432321061, -23.691182290045774 ], [ -46.69807916947228, -23.691806457806045 ], [ -46.698327446737188, -23.692547883244973 ], [ -46.698418103523423, -23.692817184301987 ], [ -46.698276304307697, -23.692941444125537 ], [ -46.698299394402419, -23.693056727304295 ], [ -46.698203640922806, -23.693145500412406 ], [ -46.697743424838031, -23.6932485846589 ], [ -46.69757111409902, -23.693044846291794 ], [ -46.697428751375782, -23.692990182308343 ], [ -46.697406375591683, -23.693005320231585 ], [ -46.697148436613119, -23.692830672635626 ], [ -46.696856616281558, -23.692669158158818 ], [ -46.695979296957923, -23.692243773615143 ], [ -46.695617070864394, -23.692043143701071 ], [ -46.695829631006745, -23.691718733053676 ], [ -46.696187271231302, -23.691298121146449 ], [ -46.695942234611699, -23.691018223782695 ], [ -46.695776163469013, -23.690720110693302 ], [ -46.695527220935702, -23.689697476739141 ], [ -46.695915841682123, -23.689055199405608 ], [ -46.696386626913515, -23.688266758957731 ], [ -46.696443267364195, -23.688236292122419 ], [ -46.696611638643283, -23.688262676381445 ] ] ] ] } },
{ "type": "Feature", "properties": { "id": "habi_nucleo2geosampa.230", "gid": 230, "uuid_id": "67b4479d-0689-3a94-8525-4cd2f30c70cb", "nome": "JOAQUIM CELIDÔNIO", "nome_secundario": null, "localizacao": "RUA JOAQUIM CELIDÔNIO, 35", "tot_domicilio": 5, "areageo_m2": 1313.24, "anoimplant": 1992, "propriedade_area": "Pública" }, "geometry": { "type": "MultiPolygon", "coordinates": [ [ [ [ -46.763207111239701, -23.577936163777419 ], [ -46.763178086901313, -23.577859084695309 ], [ -46.76311287170698, -23.577866992249472 ], [ -46.762843369850465, -23.577950325900648 ], [ -46.762761432169583, -23.577987092865147 ], [ -46.762863748647781, -23.578195221536483 ], [ -46.762999097632481, -23.578081873432648 ], [ -46.763207111239701, -23.577936163777419 ] ] ], [ [ [ -46.763293724302578, -23.578039825566837 ], [ -46.763419543287171, -23.578144475787905 ], [ -46.763493533378131, -23.578094897282593 ], [ -46.763583862622347, -23.57798779366836 ], [ -46.763592560766796, -23.577940389757838 ], [ -46.76344211046213, -23.577854654623778 ], [ -46.763293724302578, -23.578039825566837 ] ] ] ] } },
{ "type": "Feature", "properties": { "id": "habi_nucleo2geosampa.231", "gid": 231, "uuid_id": "b05a2c12-e4dc-3ddc-97b3-44937d7879f8", "nome": "BERNARDO FONSECA LOBO", "nome_secundario": null, "localizacao": "RUA BERNARDO FONSECA LOBO/RUA ANTONIO JOAQUIM DE OLIVEIRA", "tot_domicilio": 40, "areageo_m2": 1847.91, "anoimplant": 1918, "propriedade_area": "Pública" }, "geometry": { "type": "MultiPolygon", "coordinates": [ [ [ [ -46.608800558015353, -23.448644750252498 ], [ -46.608563499321022, -23.448636442528805 ], [ -46.608317283826302, -23.448513541607326 ], [ -46.608496406521532, -23.448228560999059 ], [ -46.608802856698574, -23.44819314566104 ], [ -46.608800558015353, -23.448644750252498 ] ] ] ] } },
{ "type": "Feature", "properties": { "id": "habi_nucleo2geosampa.232", "gid": 232, "uuid_id": "e22f7232-f5fa-4b11-af69-197ca54d1411", "nome": "JARARAÚ I", "nome_secundario": null, "localizacao": "ESTRADA DO JARARAÚ", "tot_domicilio": 121, "areageo_m2": 9059.61, "anoimplant": 0, "propriedade_area": "Pública" }, "geometry": { "type": "MultiPolygon", "coordinates": [ [ [ [ -46.792566200817646, -23.707883989884067 ], [ -46.792585404321137, -23.707974506306421 ], [ -46.792568926239802, -23.708093011974935 ], [ -46.792557688893062, -23.708203152396425 ], [ -46.792041445569566, -23.708298101654538 ], [ -46.79187853728908, -23.707938431113387 ], [ -46.79181189808935, -23.707714366323891 ], [ -46.791759991731162, -23.707595101400557 ], [ -46.791734708539323, -23.707473229804997 ], [ -46.791717188677687, -23.707364081725519 ], [ -46.791687715558794, -23.707213940820733 ], [ -46.791667976608153, -23.70707373179895 ], [ -46.791634202822806, -23.706944644805954 ], [ -46.792088526634252, -23.706925574569532 ], [ -46.792118596820544, -23.706984991253261 ], [ -46.792175164245954, -23.707087492589608 ], [ -46.792213568681113, -23.707195622087109 ], [ -46.792239221104346, -23.70727400826657 ], [ -46.792298912042533, -23.707365325575751 ], [ -46.792380436797707, -23.707493893040436 ], [ -46.792436636478953, -23.707589563228492 ], [ -46.792494407115406, -23.707669487171966 ], [ -46.792566200817646, -23.707883989884067 ] ] ] ] } },
{ "type": "Feature", "properties": { "id": "habi_nucleo2geosampa.233", "gid": 233, "uuid_id": "e3fcc8ef-44df-333c-a242-733515f39add", "nome": "ANTÔNIO ANTUNES", "nome_secundario": null, "localizacao": "RUA ANTÔNIO ANTUNES", "tot_domicilio": 2, "areageo_m2": 180.47, "anoimplant": 1980, "propriedade_area": "Pública" }, "geometry": { "type": "MultiPolygon", "coordinates": [ [ [ [ -46.771244525305946, -23.636235669601522 ], [ -46.771347518776196, -23.636180976703827 ], [ -46.77129429897159, -23.636080285626399 ], [ -46.771148183039337, -23.63616796315123 ], [ -46.771182039989561, -23.6362172702934 ], [ -46.771212819748555, -23.636192071806693 ], [ -46.771244525305946, -23.636235669601522 ] ] ] ] } },
{ "type": "Feature", "properties": { "id": "habi_nucleo2geosampa.234", "gid": 234, "uuid_id": "2e50d9ef-2468-4256-9f40-627afbe49a59", "nome": "ALTO DA RIVIERA B", "nome_secundario": null, "localizacao": "AVENIDA NOVA ARCADIA", "tot_domicilio": 521, "areageo_m2": 28056.81, "anoimplant": 0, "propriedade_area": "Particular" }, "geometry": { "type": "MultiPolygon", "coordinates": [ [ [ [ -46.763308201736315, -23.694971492175334 ], [ -46.76253449119703, -23.695360561127572 ], [ -46.761983886670166, -23.695591526538664 ], [ -46.761788118302057, -23.695688820223683 ], [ -46.761611563165992, -23.695820462387015 ], [ -46.76118584022862, -23.696266058871419 ], [ -46.760832866657807, -23.696537982738253 ], [ -46.760358020234492, -23.696819934635752 ], [ -46.760015583101755, -23.697178158217408 ], [ -46.759758407492171, -23.697595908075996 ], [ -46.759499608385603, -23.697892684568789 ], [ -46.759257832568075, -23.698059635917996 ], [ -46.759070732433891, -23.698104972615148 ], [ -46.758707890406413, -23.697718256645803 ], [ -46.758978635878911, -23.69753563490428 ], [ -46.759506669566484, -23.697019743319334 ], [ -46.760135594772152, -23.696329858791259 ], [ -46.760404581649851, -23.696093460553666 ], [ -46.760807033331687, -23.69601110239234 ], [ -46.760852585599146, -23.695966458888968 ], [ -46.760991914999835, -23.69580158626194 ], [ -46.761005974886515, -23.695746830607359 ], [ -46.761067748042969, -23.695706611722112 ], [ -46.761154316743074, -23.695632644609418 ], [ -46.761232072265933, -23.695559252406895 ], [ -46.76129453317391, -23.695486034226096 ], [ -46.7613780262757, -23.695438370607434 ], [ -46.76153035828689, -23.695363350017193 ], [ -46.761867349615336, -23.695299019309093 ], [ -46.762185335060728, -23.695217619190558 ], [ -46.76235697066933, -23.695164519281494 ], [ -46.762668507959894, -23.694857788571447 ], [ -46.762918725710037, -23.694621600027851 ], [ -46.763308201736315, -23.694971492175334 ] ] ] ] } },
{ "type": "Feature", "properties": { "id": "habi_nucleo2geosampa.235", "gid": 235, "uuid_id": "bf85d8ed-a686-4195-b933-ff8bdc9472ad", "nome": "NATALINO ALMEIDA II", "nome_secundario": null, "localizacao": "RUA ESTADO DE PERNAMBUCO", "tot_domicilio": 65, "areageo_m2": 9112.26, "anoimplant": 1980, "propriedade_area": "Pública" }, "geometry": { "type": "MultiPolygon", "coordinates": [ [ [ [ -46.498225618834027, -23.59053758580712 ], [ -46.498055383788845, -23.591287631640455 ], [ -46.497810763621878, -23.591235537566163 ], [ -46.49767379999308, -23.591074883673365 ], [ -46.497319559049096, -23.590409222466231 ], [ -46.497756402137057, -23.59017362889325 ], [ -46.498278616706628, -23.589872381865394 ], [ -46.498385820376924, -23.5900286727192 ], [ -46.498463443343397, -23.59018585669574 ], [ -46.498338207565112, -23.590250015912957 ], [ -46.498267923775877, -23.590285700758727 ], [ -46.498225618834027, -23.59053758580712 ] ] ] ] } },
{ "type": "Feature", "properties": { "id": "habi_nucleo2geosampa.236", "gid": 236, "uuid_id": "83f5aa12-3e8b-47eb-8866-293ee80b0599", "nome": "BATAIPORÃ", "nome_secundario": null, "localizacao": "RUA BATAIPORÃ", "tot_domicilio": 8, "areageo_m2": 978.46, "anoimplant": 1967, "propriedade_area": "Pública" }, "geometry": { "type": "MultiPolygon", "coordinates": [ [ [ [ -46.717700478572048, -23.449780258642466 ], [ -46.717875545109912, -23.44981551129818 ], [ -46.717922601044975, -23.449819109611109 ], [ -46.717940671395546, -23.449831304045027 ], [ -46.717785866983391, -23.450151076987876 ], [ -46.71769575395335, -23.45028011981654 ], [ -46.717610347312537, -23.450254226079476 ], [ -46.717700478572048, -23.449780258642466 ] ] ] ] } },
{ "type": "Feature", "properties": { "id": "habi_nucleo2geosampa.237", "gid": 237, "uuid_id": "408b3866-8387-4d45-82b0-3eedf6df15fe", "nome": "BELMIRA MARIN", "nome_secundario": null, "localizacao": "R. GIOVANNI BONONCINI", "tot_domicilio": 14, "areageo_m2": 1896.12, "anoimplant": 0, "propriedade_area": "Particular" }, "geometry": { "type": "MultiPolygon", "coordinates": [ [ [ [ -46.695963113146817, -23.735950401403432 ], [ -46.695495950388406, -23.735372092909792 ], [ -46.695653591990393, -23.735247248081336 ], [ -46.696172630691848, -23.735824293869648 ], [ -46.695963113146817, -23.735950401403432 ] ] ] ] } },
{ "type": "Feature", "properties": { "id": "habi_nucleo2geosampa.238", "gid": 238, "uuid_id": "602c95c7-ca20-4f7c-96de-ea7757de9627", "nome": "VERGUEIRINHO/NOVA DIVINÉIA", "nome_secundario": null, "localizacao": "RUA DOUTOR LUIS DE SIMONI", "tot_domicilio": 1007, "areageo_m2": 53545.8, "anoimplant": 1952, "propriedade_area": "Pública" }, "geometry": { "type": "MultiPolygon", "coordinates": [ [ [ [ -46.485953155727834, -23.602157616293802 ], [ -46.485395575201125, -23.60490484730224 ], [ -46.485117617545107, -23.605489962807535 ], [ -46.485234859986043, -23.605797989454476 ], [ -46.485095869385717, -23.606377271350073 ], [ -46.484650432744957, -23.606257825246367 ], [ -46.484722746653226, -23.605909901146436 ], [ -46.484391813088578, -23.604147047051537 ], [ -46.484338275698022, -23.603859763480042 ], [ -46.484225997798177, -23.603507630894459 ], [ -46.484132788604661, -23.603259972815476 ], [ -46.483800931511908, -23.60267447168906 ], [ -46.483905113313348, -23.602416380204094 ], [ -46.484575247153892, -23.602211482415314 ], [ -46.48498549757285, -23.602195612134778 ], [ -46.485953155727834, -23.602157616293802 ] ] ] ] } },
{ "type": "Feature", "properties": { "id": "habi_nucleo2geosampa.239", "gid": 239, "uuid_id": "878fb226-2ad0-3d36-ad1f-89c01b3238fb", "nome": "CURUENA", "nome_secundario": null, "localizacao": "RUA CURUENA / RUA AURORA DAS DORES", "tot_domicilio": 51, "areageo_m2": 9572.43, "anoimplant": 1960, "propriedade_area": "Pública" }, "geometry": { "type": "MultiPolygon", "coordinates": [ [ [ [ -46.533332702833889, -23.57494960781559 ], [ -46.533793819083954, -23.575815971291924 ], [ -46.534282075713868, -23.575671374619834 ], [ -46.534467988675381, -23.57560861064719 ], [ -46.534560840941879, -23.575568269586991 ], [ -46.533961561890678, -23.574524072015034 ], [ -46.533907339386595, -23.574542527319373 ], [ -46.533923307395909, -23.574578209790925 ], [ -46.533695419552778, -23.574709483554379 ], [ -46.533332702833889, -23.57494960781559 ] ] ] ] } },
{ "type": "Feature", "properties": { "id": "habi_nucleo2geosampa.240", "gid": 240, "uuid_id": "a1872ccb-6e12-4399-b917-8f25c142ed94", "nome": "CANDOR", "nome_secundario": null, "localizacao": "RUA DO CANDOR", "tot_domicilio": 21, "areageo_m2": 1162.65, "anoimplant": 1972, "propriedade_area": "Pública" }, "geometry": { "type": "MultiPolygon", "coordinates": [ [ [ [ -46.77750865508574, -23.67302670771797 ], [ -46.777660408339351, -23.673108219027931 ], [ -46.777431695706873, -23.673277350076699 ], [ -46.77730757844229, -23.673382840813719 ], [ -46.777269680314014, -23.67336477484611 ], [ -46.777151870286012, -23.673380002196637 ], [ -46.777129089111241, -23.673366388037952 ], [ -46.777226114810162, -23.673206313180327 ], [ -46.777369646905989, -23.672958925201112 ], [ -46.777490923336423, -23.673015348311125 ], [ -46.77750865508574, -23.67302670771797 ] ] ] ] } },
{ "type": "Feature", "properties": { "id": "habi_nucleo2geosampa.241", "gid": 241, "uuid_id": "f0807ae3-58df-4cfc-99cc-d2da895a24a6", "nome": "JARDIM MAZZA III", "nome_secundario": null, "localizacao": "RUA MARIO ARCONIO", "tot_domicilio": 7, "areageo_m2": 662.82, "anoimplant": 1982, "propriedade_area": "Pública" }, "geometry": { "type": "MultiPolygon", "coordinates": [ [ [ [ -46.749600555415974, -23.674475277640141 ], [ -46.749586529272889, -23.674521279886935 ], [ -46.749450819852832, -23.674444609180107 ], [ -46.749434603590935, -23.674326138240755 ], [ -46.749401613381373, -23.674267183816376 ], [ -46.749347808973987, -23.674184194487101 ], [ -46.749317746144257, -23.674125206976509 ], [ -46.749272855399596, -23.674052903677378 ], [ -46.749233938943334, -23.67398862277124 ], [ -46.749192382408985, -23.673945945490356 ], [ -46.749126940875172, -23.673868480518433 ], [ -46.749082337484801, -23.673817747386128 ], [ -46.749076088058672, -23.673788154598785 ], [ -46.749158782180452, -23.673841154422824 ], [ -46.749235897002748, -23.673915790344257 ], [ -46.74930138646836, -23.673995951236627 ], [ -46.749346337059016, -23.674073647221149 ], [ -46.749409138733448, -23.674172715035859 ], [ -46.749445271639388, -23.674247814068359 ], [ -46.749469587652577, -23.674314956343586 ], [ -46.749481763619833, -23.674349875532446 ], [ -46.749505768486927, -23.674392751328085 ], [ -46.749526690495124, -23.674424875206086 ], [ -46.749576885603489, -23.674456668406158 ], [ -46.749600555415974, -23.674475277640141 ] ] ], [ [ [ -46.749157407907546, -23.6736158529107 ], [ -46.749256884987901, -23.673711439335726 ], [ -46.749176065795112, -23.673775930281614 ], [ -46.749066982153565, -23.673688511217055 ], [ -46.749157407907546, -23.6736158529107 ] ] ] ] } },
{ "type": "Feature", "properties": { "id": "habi_nucleo2geosampa.242", "gid": 242, "uuid_id": "6459a817-3239-379f-954a-e6759f891a33", "nome": "VICENTE PINHEIRO", "nome_secundario": null, "localizacao": "RUA VICENTE PINHEIRO", "tot_domicilio": 5, "areageo_m2": 531.22, "anoimplant": 1982, "propriedade_area": "Pública" }, "geometry": { "type": "MultiPolygon", "coordinates": [ [ [ [ -46.772821407224214, -23.646232175476662 ], [ -46.772442932187161, -23.645955781292958 ], [ -46.772684447003961, -23.645883735159661 ], [ -46.772821407224214, -23.646232175476662 ] ] ] ] } },
{ "type": "Feature", "properties": { "id": "habi_nucleo2geosampa.243", "gid": 243, "uuid_id": "bb868de2-991f-4fa8-9c43-e41a66d140c0", "nome": "FREVO", "nome_secundario": null, "localizacao": null, "tot_domicilio": null, "areageo_m2": 2503.84, "anoimplant": 1985, "propriedade_area": "Pública/Particular" }, "geometry": { "type": "MultiPolygon", "coordinates": [ [ [ [ -46.671189384455168, -23.682912253411974 ], [ -46.67126860330491, -23.682922294942308 ], [ -46.671270081729013, -23.68287084619481 ], [ -46.671391743646907, -23.682875190007579 ], [ -46.671572111294353, -23.682883426311705 ], [ -46.67150182458905, -23.682697770673769 ], [ -46.671460305538204, -23.682550362957333 ], [ -46.671357924719025, -23.682571574335931 ], [ -46.671271744950225, -23.682512960962431 ], [ -46.671328109847629, -23.682333058947595 ], [ -46.671205585512453, -23.682140125169546 ], [ -46.671145832565358, -23.682535300611654 ], [ -46.671081644349982, -23.682753732532596 ], [ -46.6710111728407, -23.683113647996802 ], [ -46.671168378504206, -23.683165773606859 ], [ -46.671189384455168, -23.682912253411974 ] ] ] ] } },
{ "type": "Feature", "properties": { "id": "habi_nucleo2geosampa.244", "gid": 244, "uuid_id": "285720bb-de97-4797-b4b0-cde640deb0b4", "nome": "VIELA DO CÓRREGO", "nome_secundario": null, "localizacao": "AVENIDA CARLOS CALDEIRA FILHO", "tot_domicilio": 46, "areageo_m2": 940.69, "anoimplant": 1970, "propriedade_area": "Pública" }, "geometry": { "type": "MultiPolygon", "coordinates": [ [ [ [ -46.759528515556603, -23.650717006222489 ], [ -46.759501734285017, -23.650732614308541 ], [ -46.759387883034059, -23.650605726149021 ], [ -46.759361141007552, -23.650625161158498 ], [ -46.759331487973682, -23.650581495099384 ], [ -46.759292311870809, -23.65060298355214 ], [ -46.759215942168574, -23.650483321852992 ], [ -46.759246918142004, -23.650469578527819 ], [ -46.759576895530856, -23.650607405198894 ], [ -46.7597044407214, -23.650671006397651 ], [ -46.759939652657557, -23.650865633846504 ], [ -46.759845598710243, -23.650919076575903 ], [ -46.759528515556603, -23.650717006222489 ] ] ] ] } },
{ "type": "Feature", "properties": { "id": "habi_nucleo2geosampa.245", "gid": 245, "uuid_id": "40c3edd1-95d0-4776-bdfd-adc434accdf8", "nome": "LINCOLN", "nome_secundario": null, "localizacao": "RUA LINCOLN", "tot_domicilio": 3, "areageo_m2": 541.03, "anoimplant": 0, "propriedade_area": "Pública" }, "geometry": { "type": "MultiPolygon", "coordinates": [ [ [ [ -46.70581970396357, -23.717290021516465 ], [ -46.70559358899169, -23.717475585642521 ], [ -46.705474944862054, -23.717341936540418 ], [ -46.705721823844478, -23.717178360799604 ], [ -46.70581970396357, -23.717290021516465 ] ] ] ] } },
{ "type": "Feature", "properties": { "id": "habi_nucleo2geosampa.246", "gid": 246, "uuid_id": "92df5e7b-4582-4e1a-b77a-4e91043450f1", "nome": "NUPUTIRA", "nome_secundario": null, "localizacao": "RUA NUPUTIRA", "tot_domicilio": 4, "areageo_m2": 831.25, "anoimplant": 1992, "propriedade_area": "Pública" }, "geometry": { "type": "MultiPolygon", "coordinates": [ [ [ [ -46.684897406766083, -23.687337264541885 ], [ -46.684921238203522, -23.687291764870164 ], [ -46.684992291119173, -23.686949842799827 ], [ -46.68505941630724, -23.686957529517862 ], [ -46.685106751623493, -23.686962950016643 ], [ -46.685150919541805, -23.686968773972762 ], [ -46.685141839022457, -23.68705310448594 ], [ -46.685132360343957, -23.687140797410361 ], [ -46.685116285329066, -23.687232120923667 ], [ -46.685111173687623, -23.687264853926134 ], [ -46.685102954624881, -23.68732036240565 ], [ -46.685091971376906, -23.687392286144487 ], [ -46.685000296767996, -23.6873724614486 ], [ -46.684897406766083, -23.687337264541885 ] ] ] ] } },
{ "type": "Feature", "properties": { "id": "habi_nucleo2geosampa.247", "gid": 247, "uuid_id": "ca9d4e7b-1b17-43bd-8bee-39319af84a30", "nome": "PEDRO RABELO", "nome_secundario": null, "localizacao": "RUA PEDRO RABELO / RUA AMÉLIA VANSO MAGNOLI", "tot_domicilio": 32, "areageo_m2": 2626.89, "anoimplant": 1991, "propriedade_area": "Pública" }, "geometry": { "type": "MultiPolygon", "coordinates": [ [ [ [ -46.506947308790217, -23.585023542648354 ], [ -46.506929111531157, -23.585241199317149 ], [ -46.506280792714989, -23.585211991269524 ], [ -46.505669429406424, -23.585158400783424 ], [ -46.505673593082243, -23.585110670664413 ], [ -46.505786914781929, -23.585084238888079 ], [ -46.505847919469417, -23.585041155952737 ], [ -46.505901359853802, -23.585035667075658 ], [ -46.506129367207933, -23.584992453446517 ], [ -46.506251320781288, -23.585003381487997 ], [ -46.506654996322389, -23.585015994409282 ], [ -46.506947308790217, -23.585023542648354 ] ] ] ] } },
{ "type": "Feature", "properties": { "id": "habi_nucleo2geosampa.248", "gid": 248, "uuid_id": "95583bd6-768c-49f1-8071-8bc16ae547a9", "nome": "MANUEL CARDOSO", "nome_secundario": null, "localizacao": "RUA MANUEL CARDOSO / RUA RAFAEL DA SILVA E SOUZA", "tot_domicilio": 7, "areageo_m2": 957.61, "anoimplant": 1992, "propriedade_area": "Pública" }, "geometry": { "type": "MultiPolygon", "coordinates": [ [ [ [ -46.479601809369463, -23.557131387341869 ], [ -46.479619155404457, -23.557313415504538 ], [ -46.479619643846505, -23.557357032882319 ], [ -46.479604452808232, -23.557367447280118 ], [ -46.479586422380891, -23.557372748276624 ], [ -46.479320134349898, -23.557332936935143 ], [ -46.47930608844743, -23.557004411418948 ], [ -46.479463386236283, -23.557029038745974 ], [ -46.479459617217117, -23.557113499613962 ], [ -46.479601809369463, -23.557131387341869 ] ] ] ] } },
{ "type": "Feature", "properties": { "id": "habi_nucleo2geosampa.249", "gid": 249, "uuid_id": "efe50c4b-5525-4eb2-ac4d-d2fd878b5554", "nome": "DOM JOSÉ", "nome_secundario": "BEIRA CENTRAL / ANUM BRANCO", "localizacao": "RUA ANUM BRANCO", "tot_domicilio": 45, "areageo_m2": 2492.31, "anoimplant": 1982, "propriedade_area": "Pública" }, "geometry": { "type": "MultiPolygon", "coordinates": [ [ [ [ -46.796891178870638, -23.676671870827512 ], [ -46.796903991746539, -23.676874353091094 ], [ -46.796716584709607, -23.676876741055654 ], [ -46.796523964204724, -23.676876232195617 ], [ -46.796461006343918, -23.676846842692861 ], [ -46.796430108468655, -23.676752120140232 ], [ -46.796423949273645, -23.67668110269431 ], [ -46.796455887208552, -23.676625360902804 ], [ -46.796799860671797, -23.676203371497088 ], [ -46.796986399839788, -23.676424805385832 ], [ -46.796901990430186, -23.676512051408299 ], [ -46.796798105383111, -23.67663371269116 ], [ -46.796803136073621, -23.676677355702036 ], [ -46.796850145472199, -23.676677541167344 ], [ -46.796891178870638, -23.676671870827512 ] ] ] ] } },
{ "type": "Feature", "properties": { "id": "habi_nucleo2geosampa.250", "gid": 250, "uuid_id": "92eb4494-dd15-4e23-8729-7abd16f13f26", "nome": "JOÃO BATISTA NOGUEIRA", "nome_secundario": null, "localizacao": "RUA JOÃO BATISTA NOGUEIRA", "tot_domicilio": 65, "areageo_m2": 9650.71, "anoimplant": 1991, "propriedade_area": "Pública" }, "geometry": { "type": "MultiPolygon", "coordinates": [ [ [ [ -46.412906557655511, -23.53255701272511 ], [ -46.412648696056706, -23.533211792518895 ], [ -46.41234457244537, -23.533805822159469 ], [ -46.412094833288535, -23.533668783311416 ], [ -46.412167824942323, -23.533575291194069 ], [ -46.412117484401541, -23.533453826859677 ], [ -46.412098455527328, -23.533158127034145 ], [ -46.412097881473976, -23.53297068066232 ], [ -46.412087290608326, -23.532882785638915 ], [ -46.41206089783369, -23.532804621621565 ], [ -46.412091418276638, -23.532782346875329 ], [ -46.412075414391687, -23.532674474431939 ], [ -46.411755664727714, -23.53267975798336 ], [ -46.412001887918336, -23.532366778660776 ], [ -46.412060801277768, -23.532374728197304 ], [ -46.412135698924267, -23.532253384958189 ], [ -46.412906557655511, -23.53255701272511 ] ] ] ] } },
{ "type": "Feature", "properties": { "id": "habi_nucleo2geosampa.251", "gid": 251, "uuid_id": "d46375cf-c5ba-399f-b586-643a23042ae6", "nome": "NÚCLEO 1 - A - SÃO FRANCISCO GLOBAL", "nome_secundario": null, "localizacao": "RUA MORRO DAS PEDRAS", "tot_domicilio": 808, "areageo_m2": 92743.77, "anoimplant": 1990, "propriedade_area": "Pública" }, "geometry": { "type": "MultiPolygon", "coordinates": [ [ [ [ -46.459479849442204, -23.633700686964911 ], [ -46.456279738654459, -23.634189528131451 ], [ -46.455875753800719, -23.634243497828525 ], [ -46.455440808565257, -23.63431209331128 ], [ -46.455200591097281, -23.634400365087956 ], [ -46.454994360010296, -23.634043892723678 ], [ -46.456167256545406, -23.633868017856617 ], [ -46.456618076211932, -23.633827943883325 ], [ -46.456647053334329, -23.633634131927849 ], [ -46.456427322222318, -23.633464160023777 ], [ -46.456310708021277, -23.633472423158956 ], [ -46.456219107557345, -23.632928504381262 ], [ -46.456125753140022, -23.632929380834863 ], [ -46.456099957123328, -23.632707410572174 ], [ -46.456340091599486, -23.632611970167765 ], [ -46.45621666041329, -23.632003836884572 ], [ -46.454846679454533, -23.631945011378583 ], [ -46.454823834322895, -23.631285756134819 ], [ -46.455251703606478, -23.631281742448078 ], [ -46.456255806109311, -23.63132249570014 ], [ -46.456250801268517, -23.631573427728167 ], [ -46.456951189978952, -23.63158835493995 ], [ -46.456985639033725, -23.63188909332424 ], [ -46.458640442186216, -23.631672832416488 ], [ -46.458615356950517, -23.631515369264239 ], [ -46.45878706057313, -23.631563931474535 ], [ -46.458996946730039, -23.631547621096772 ], [ -46.459078792050917, -23.631912426235914 ], [ -46.459303999301248, -23.63187446688692 ], [ -46.459369571731507, -23.632174911688026 ], [ -46.459279872332502, -23.632505489915715 ], [ -46.459479849442204, -23.633700686964911 ] ] ] ] } },
{ "type": "Feature", "properties": { "id": "habi_nucleo2geosampa.252", "gid": 252, "uuid_id": "7bd48086-2c5a-454e-803d-67fc91f58f9b", "nome": "ACOMAYO", "nome_secundario": null, "localizacao": "RUA ACOMAYO", "tot_domicilio": 3, "areageo_m2": 142.75, "anoimplant": 1969, "propriedade_area": "Particular" }, "geometry": { "type": "MultiPolygon", "coordinates": [ [ [ [ -46.793567592970533, -23.682190143505608 ], [ -46.793639366197965, -23.682229407943048 ], [ -46.79353974400793, -23.682372719334261 ], [ -46.793482692035298, -23.68234907964661 ], [ -46.793567592970533, -23.682190143505608 ] ] ] ] } },
{ "type": "Feature", "properties": { "id": "habi_nucleo2geosampa.253", "gid": 253, "uuid_id": "dbf98e4c-dd89-4d12-9f37-76248d4b9c1c", "nome": "JARDIM DIONÍSIO I, III E VILA SANTA LÚCIA", "nome_secundario": null, "localizacao": "R DOS TROMBONES / EST GUAVIRITUBA", "tot_domicilio": 549, "areageo_m2": 2778.87, "anoimplant": 1973, "propriedade_area": "Pública" }, "geometry": { "type": "MultiPolygon", "coordinates": [ [ [ [ -46.766997395075826, -23.685947818107802 ], [ -46.76688243932157, -23.686498499360173 ], [ -46.766468663871883, -23.686439832244059 ], [ -46.766605708714039, -23.685825510394178 ], [ -46.766997395075826, -23.685947818107802 ] ] ] ] } },
{ "type": "Feature", "properties": { "id": "habi_nucleo2geosampa.254", "gid": 254, "uuid_id": "a04e48f8-f99e-3b00-ab50-cbfe036f1cb3", "nome": "AURÉLIA DE SOUSA", "nome_secundario": null, "localizacao": "RUA AURÉLIA DE SOUSA", "tot_domicilio": 8, "areageo_m2": 272.65, "anoimplant": 1979, "propriedade_area": "Pública" }, "geometry": { "type": "MultiPolygon", "coordinates": [ [ [ [ -46.788368592040293, -23.692605055381094 ], [ -46.788359544114869, -23.692702635047635 ], [ -46.78830881103913, -23.692787317380631 ], [ -46.788238672647012, -23.692818708128705 ], [ -46.788178545493253, -23.69282322531226 ], [ -46.788180021889836, -23.69277924888161 ], [ -46.788259572755187, -23.692677032164546 ], [ -46.788289502340454, -23.69258876763945 ], [ -46.788368592040293, -23.692605055381094 ] ] ] ] } },
{ "type": "Feature", "properties": { "id": "habi_nucleo2geosampa.255", "gid": 255, "uuid_id": "bd03bca2-251f-46b3-953f-6967fde0595a", "nome": "RECANTO DOS HUMILDES I", "nome_secundario": "JÚLIO MACIEL / CÓRREGO DA CODORNA", "localizacao": "RUA JÚLIO MACIEL / RUA VIOLETA DOS ALPES", "tot_domicilio": 2370, "areageo_m2": 211342.54, "anoimplant": 1981, "propriedade_area": "Pública" }, "geometry": { "type": "MultiPolygon", "coordinates": [ [ [ [ -46.75004750497132, -23.409653213387003 ], [ -46.750090137901609, -23.40962740066449 ], [ -46.750135273250301, -23.409607734243306 ], [ -46.750334408348422, -23.409520039038053 ], [ -46.750506353832051, -23.409412759473216 ], [ -46.750627830023134, -23.409315290021599 ], [ -46.750756085005044, -23.409213415577621 ], [ -46.750854743451242, -23.409182307403693 ], [ -46.751095645033026, -23.409454028009076 ], [ -46.751328916821038, -23.409725833724483 ], [ -46.751393191185905, -23.409858390282949 ], [ -46.751515279812288, -23.410259054274075 ], [ -46.751625912641508, -23.410546595707142 ], [ -46.751911678337244, -23.411561442046587 ], [ -46.751974212600679, -23.412074913258035 ], [ -46.752210212454891, -23.412743020086751 ], [ -46.752208287355593, -23.412730580178536 ], [ -46.752325275227669, -23.413301175312697 ], [ -46.752557803226928, -23.413798797731637 ], [ -46.752620959890379, -23.414294978330716 ], [ -46.752739556536412, -23.414732546464247 ], [ -46.752022971846905, -23.414930217870047 ], [ -46.751281335737524, -23.415075882843308 ], [ -46.751198388377055, -23.415086106310802 ], [ -46.75064025180459, -23.41516003619817 ], [ -46.750421028981087, -23.415184842736846 ], [ -46.750335934420917, -23.415020132146516 ], [ -46.750322271471539, -23.414979499229986 ], [ -46.750199747355197, -23.414799104161943 ], [ -46.750019714306355, -23.414446502613469 ], [ -46.749706732305292, -23.413954521095089 ], [ -46.74793909797409, -23.413352139652801 ], [ -46.747893459817156, -23.413226755875982 ], [ -46.74782263083636, -23.412955893328256 ], [ -46.747788600621099, -23.41259687648229 ], [ -46.747804914392233, -23.412325791237297 ], [ -46.747763402740837, -23.411988455126792 ], [ -46.747803838866709, -23.411454136149139 ], [ -46.747893872881846, -23.411210144056703 ], [ -46.748095803002933, -23.410940179851259 ], [ -46.748538639857451, -23.410543242406863 ], [ -46.749089945019676, -23.410220349442529 ], [ -46.749379980316895, -23.410029628545516 ], [ -46.7496817098611, -23.409842359977066 ], [ -46.749927257713182, -23.409724210670976 ], [ -46.749989744847916, -23.409687548375985 ], [ -46.75004750497132, -23.409653213387003 ] ] ] ] } },
{ "type": "Feature", "properties": { "id": "habi_nucleo2geosampa.256", "gid": 256, "uuid_id": "be747757-ed60-4648-9532-fa06fa370e68", "nome": "SEBASTIÃO MUNIZ", "nome_secundario": "SEBASTIÃO MUNIZ 2", "localizacao": "RUA SEBASTIÃO MUNIZ", "tot_domicilio": 7, "areageo_m2": 653.77, "anoimplant": 1972, "propriedade_area": "Pública" }, "geometry": { "type": "MultiPolygon", "coordinates": [ [ [ [ -46.481967119934858, -23.514305677006146 ], [ -46.481965344868669, -23.514428053796589 ], [ -46.481724104990214, -23.514431140842994 ], [ -46.481725880358006, -23.514308764111412 ], [ -46.481967119934858, -23.514305677006146 ] ] ], [ [ [ -46.481965954424894, -23.515679026594295 ], [ -46.481714914756076, -23.51567215252572 ], [ -46.48171738617549, -23.515561956751601 ], [ -46.481967097447431, -23.515563246865813 ], [ -46.481965954424894, -23.515679026594295 ] ] ] ] } },
{ "type": "Feature", "properties": { "id": "habi_nucleo2geosampa.257", "gid": 257, "uuid_id": "e0610ec1-a947-4c24-956a-1cda603dc7a5", "nome": "JARDIM SÃO FRANCISCO", "nome_secundario": null, "localizacao": "RUA JOSÉ BARROS MAGALDI 41", "tot_domicilio": 36, "areageo_m2": 1932.76, "anoimplant": 1974, "propriedade_area": "Particular" }, "geometry": { "type": "MultiPolygon", "coordinates": [ [ [ [ -46.737231919594059, -23.662107960695064 ], [ -46.737253934603125, -23.66212010000347 ], [ -46.73722261356361, -23.662166898875935 ], [ -46.736959739660591, -23.662498080916482 ], [ -46.736957421012598, -23.662450110082062 ], [ -46.736939670430949, -23.6623790890824 ], [ -46.736942393504464, -23.662331061727517 ], [ -46.736935290566308, -23.662301724430396 ], [ -46.736921203971733, -23.662253885514573 ], [ -46.736900525796969, -23.662215409753685 ], [ -46.736866263914543, -23.662166249242016 ], [ -46.736793177432723, -23.66210513777478 ], [ -46.736646881956389, -23.661973625456799 ], [ -46.73650731301035, -23.661842037598472 ], [ -46.736423836795055, -23.661757819210138 ], [ -46.736378073089682, -23.661728913758612 ], [ -46.736381205318764, -23.661711847875111 ], [ -46.736404741156029, -23.661711584120223 ], [ -46.736501146668182, -23.661756952799198 ], [ -46.73660938149785, -23.661806832090313 ], [ -46.736753112765577, -23.661871796456808 ], [ -46.736952907933741, -23.661981033529838 ], [ -46.737231919594059, -23.662107960695064 ] ] ] ] } },
{ "type": "Feature", "properties": { "id": "habi_nucleo2geosampa.259", "gid": 259, "uuid_id": "1a93c8bc-8bca-4914-9a6e-1c2de31944d0", "nome": "JARDIM ALPINO II", "nome_secundario": "SÃO JOSÉ", "localizacao": "AV CARLOS OBERHUBER 120 / R LUIZ BRAZ DE LARA", "tot_domicilio": 77, "areageo_m2": 8012.18, "anoimplant": 1972, "propriedade_area": "Pública" }, "geometry": { "type": "MultiPolygon", "coordinates": [ [ [ [ -46.710535498085903, -23.743510948278537 ], [ -46.710746455064957, -23.743343941430034 ], [ -46.710900519990098, -23.74321196105026 ], [ -46.711056424993664, -23.743126139439415 ], [ -46.711181710012447, -23.743010114286925 ], [ -46.711368468897845, -23.743206960362283 ], [ -46.711437473239947, -23.743287990377166 ], [ -46.71154545783417, -23.743387005883214 ], [ -46.711610894727173, -23.743444232800297 ], [ -46.711438806747573, -23.744011926730792 ], [ -46.711225723881867, -23.744229696421431 ], [ -46.710945463029468, -23.744094948914618 ], [ -46.711076065800349, -23.743916021940304 ], [ -46.710472357447202, -23.743590288553868 ], [ -46.710535498085903, -23.743510948278537 ] ] ] ] } },
{ "type": "Feature", "properties": { "id": "habi_nucleo2geosampa.260", "gid": 260, "uuid_id": "8b480ab4-85dd-4571-9f6b-fdbab3f33504", "nome": "PARQUE SANTO AMARO II", "nome_secundario": null, "localizacao": "R RIBEIRAO PONTE BAIXA / R ITAQUAXIARA", "tot_domicilio": 93, "areageo_m2": 2090.59, "anoimplant": 1977, "propriedade_area": "Pública" }, "geometry": { "type": "MultiPolygon", "coordinates": [ [ [ [ -46.757204127266242, -23.679813541446993 ], [ -46.757233540058834, -23.679887594653554 ], [ -46.757239787616612, -23.679937499213324 ], [ -46.757250887522275, -23.67998701226816 ], [ -46.757211767787048, -23.679998357468943 ], [ -46.757193253453053, -23.680005056440791 ], [ -46.757174605569865, -23.680009375069329 ], [ -46.757171250455627, -23.680013520163744 ], [ -46.757158893349114, -23.680014330438585 ], [ -46.757157958707744, -23.680011489485622 ], [ -46.757129420692948, -23.680024783467569 ], [ -46.757046532272042, -23.680053708588456 ], [ -46.756978345736627, -23.680089057204711 ], [ -46.756951884586677, -23.680099281088363 ], [ -46.756951545009876, -23.680048699980389 ], [ -46.756916490389983, -23.679897602686744 ], [ -46.756823735727536, -23.679641392925376 ], [ -46.756734192421021, -23.679339365670813 ], [ -46.756753611226948, -23.679282430966474 ], [ -46.756968062720659, -23.67945478624549 ], [ -46.757068443052674, -23.679600908862977 ], [ -46.757114810129721, -23.679674013527087 ], [ -46.757161262503061, -23.679734953106994 ], [ -46.757204127266242, -23.679813541446993 ] ] ] ] } },
{ "type": "Feature", "properties": { "id": "habi_nucleo2geosampa.261", "gid": 261, "uuid_id": "e6e79897-1eef-4c78-b356-b48c12aaebfe", "nome": "BARBOSA DE FREITAS", "nome_secundario": null, "localizacao": "R BARBOSA DE FREITAS 630 / R ANTONIO DE MELO FREITAS", "tot_domicilio": 10, "areageo_m2": 762.97, "anoimplant": 1979, "propriedade_area": "Pública" }, "geometry": { "type": "MultiPolygon", "coordinates": [ [ [ [ -46.783951065125031, -23.699895915612977 ], [ -46.783938418778355, -23.699924218382751 ], [ -46.783888376190205, -23.699998185931943 ], [ -46.783795507458436, -23.700097127047975 ], [ -46.783675932590917, -23.700186768457094 ], [ -46.783560195001222, -23.700010441818296 ], [ -46.78361631568643, -23.699987229806343 ], [ -46.783674220642602, -23.699958217995853 ], [ -46.783732390627449, -23.69992839541516 ], [ -46.783778403429338, -23.69990268040139 ], [ -46.78382177480259, -23.69987673046737 ], [ -46.783861979054379, -23.69984380706401 ], [ -46.7838072953611, -23.699820555619048 ], [ -46.783877727410022, -23.699782678540689 ], [ -46.783934212878272, -23.699815303313844 ], [ -46.783951065125031, -23.699895915612977 ] ] ] ] } },
{ "type": "Feature", "properties": { "id": "habi_nucleo2geosampa.262", "gid": 262, "uuid_id": "5893035d-41c7-4f29-b159-18c32191707c", "nome": "RUI MORAES APOCALIPSE", "nome_secundario": null, "localizacao": "RUA RUI MORAES APOCALIPSE", "tot_domicilio": 5, "areageo_m2": 258.13, "anoimplant": 1978, "propriedade_area": "Pública" }, "geometry": { "type": "MultiPolygon", "coordinates": [ [ [ [ -46.687758117990285, -23.473411100680288 ], [ -46.687493923882599, -23.473473903081096 ], [ -46.68749102853829, -23.473442807541716 ], [ -46.687520655074778, -23.473413671362902 ], [ -46.687716493150482, -23.473283565697553 ], [ -46.687758117990285, -23.473411100680288 ] ] ] ] } },
{ "type": "Feature", "properties": { "id": "habi_nucleo2geosampa.263", "gid": 263, "uuid_id": "73cf7498-56de-3f01-b926-792a97c429f5", "nome": "FLOR DO ESPÍRITO SANTO", "nome_secundario": null, "localizacao": "RUA FLOR DO ESPÍRITO SANTO", "tot_domicilio": 40, "areageo_m2": 6019.4, "anoimplant": 1975, "propriedade_area": "Pública" }, "geometry": { "type": "MultiPolygon", "coordinates": [ [ [ [ -46.455355840520532, -23.511625248300771 ], [ -46.454870486006051, -23.511597287837265 ], [ -46.454827609463429, -23.51222275986996 ], [ -46.455315059933021, -23.512252612316875 ], [ -46.455355840520532, -23.511625248300771 ] ] ], [ [ [ -46.454737648143137, -23.511581325131043 ], [ -46.454239878967137, -23.511555390206084 ], [ -46.45420961881495, -23.512008706323876 ], [ -46.454708415524365, -23.51203367590962 ], [ -46.454737648143137, -23.511581325131043 ] ] ] ] } },
{ "type": "Feature", "properties": { "id": "habi_nucleo2geosampa.264", "gid": 264, "uuid_id": "f9995cf2-539e-4d08-be93-aaf0c99cf4c6", "nome": "COMUNIDADE SETE DE SETEMBRO", "nome_secundario": null, "localizacao": "R AURELIANO DE BERUETE 9 / R JOAO AMOS COMENIUS", "tot_domicilio": 166, "areageo_m2": 15957.03, "anoimplant": 1975, "propriedade_area": "Pública" }, "geometry": { "type": "MultiPolygon", "coordinates": [ [ [ [ -46.705014575115598, -23.760227122267469 ], [ -46.704917697504975, -23.760220330008853 ], [ -46.70444636106523, -23.759835916807418 ], [ -46.704521499524098, -23.759700833267836 ], [ -46.704854573462839, -23.759923834830008 ], [ -46.705059248324325, -23.759617077143087 ], [ -46.704594181810826, -23.758997587647766 ], [ -46.704715756623607, -23.758895405911353 ], [ -46.705222758270786, -23.759467533718286 ], [ -46.705355729816311, -23.759072753906707 ], [ -46.705462830352104, -23.758798603658573 ], [ -46.705601582028024, -23.758553471113714 ], [ -46.705860351083629, -23.758667347845147 ], [ -46.706010052522373, -23.758432318611131 ], [ -46.706128040968999, -23.758083918021228 ], [ -46.706156702832601, -23.758051669405106 ], [ -46.706185731948977, -23.758047589890555 ], [ -46.706500403586247, -23.757806239350042 ], [ -46.706510347345144, -23.757803554036826 ], [ -46.706526034629, -23.757833299787901 ], [ -46.706544009653982, -23.757821980799726 ], [ -46.706545169623894, -23.757910931663059 ], [ -46.706547210338357, -23.757920247617299 ], [ -46.706545352119903, -23.757924926099797 ], [ -46.70654688568596, -23.758042524955702 ], [ -46.706173731207556, -23.758524565269077 ], [ -46.705514707637676, -23.76005750004925 ], [ -46.705257514022193, -23.760244154863322 ], [ -46.705014575115598, -23.760227122267469 ] ] ] ] } },
{ "type": "Feature", "properties": { "id": "habi_nucleo2geosampa.265", "gid": 265, "uuid_id": "b73dab0d-5c45-4698-a4ea-1078a82de955", "nome": "XERIMBABO", "nome_secundario": "JARDIM BANDEIRANTE", "localizacao": "RUA XERIMBABO", "tot_domicilio": 25, "areageo_m2": 1297.76, "anoimplant": 1990, "propriedade_area": "Pública" }, "geometry": { "type": "MultiPolygon", "coordinates": [ [ [ [ -46.736015350980956, -23.67736505660422 ], [ -46.735828838861273, -23.67730691473735 ], [ -46.735651914580913, -23.677181204855209 ], [ -46.735545670073101, -23.677059521353918 ], [ -46.735711732102537, -23.676956469743395 ], [ -46.735970859360769, -23.676968021144891 ], [ -46.735954336897201, -23.677103126993906 ], [ -46.7359904315107, -23.677261736175343 ], [ -46.736035699859066, -23.677321461144331 ], [ -46.736015350980956, -23.67736505660422 ] ] ] ] } },
{ "type": "Feature", "properties": { "id": "habi_nucleo2geosampa.266", "gid": 266, "uuid_id": "fbce1b04-2cab-32e6-89a4-f606e92c62e8", "nome": "MARIA AMELIA", "nome_secundario": null, "localizacao": "R. MARIA AMELIA GOUVEIA ANDRE", "tot_domicilio": 4, "areageo_m2": 161.54, "anoimplant": 0, "propriedade_area": "Pública" }, "geometry": { "type": "MultiPolygon", "coordinates": [ [ [ [ -46.755250170681578, -23.657958975800149 ], [ -46.755316334792703, -23.658019149293054 ], [ -46.755402181294698, -23.658038245586521 ], [ -46.755440851041747, -23.65802060576172 ], [ -46.755433476015504, -23.657992736427545 ], [ -46.755327924603833, -23.657896455381746 ], [ -46.755250170681578, -23.657958975800149 ] ] ] ] } },
{ "type": "Feature", "properties": { "id": "habi_nucleo2geosampa.267", "gid": 267, "uuid_id": "e65c57b8-390c-4fdd-9ff7-440688bcfa3c", "nome": "JARDIM GISMAR", "nome_secundario": null, "localizacao": "AVENIDA MATEUS DE ALBUQUERQUE", "tot_domicilio": 6, "areageo_m2": 290.61, "anoimplant": 1985, "propriedade_area": "Pública" }, "geometry": { "type": "MultiPolygon", "coordinates": [ [ [ [ -46.766705840203684, -23.670019356227119 ], [ -46.766683916762034, -23.669982317572249 ], [ -46.766747517126248, -23.669931142934963 ], [ -46.76682521239595, -23.669864453297684 ], [ -46.766893532732354, -23.669808837459019 ], [ -46.766891467568449, -23.669832989156319 ], [ -46.766892234252637, -23.669890009937294 ], [ -46.766897473181615, -23.669925045219372 ], [ -46.766919408618328, -23.669962083704874 ], [ -46.766950795448949, -23.669994627753894 ], [ -46.766705840203684, -23.670019356227119 ] ] ] ] } },
{ "type": "Feature", "properties": { "id": "habi_nucleo2geosampa.268", "gid": 268, "uuid_id": "33c3de4c-1089-4e65-8169-dcda2b3acd17", "nome": "JARDIM ROSA MARIA II", "nome_secundario": null, "localizacao": "RUA ADELINO BRANCO / RUA CERAMICA DE MARAJO", "tot_domicilio": 65, "areageo_m2": 4941.72, "anoimplant": 1985, "propriedade_area": "Pública" }, "geometry": { "type": "MultiPolygon", "coordinates": [ [ [ [ -46.751629486983632, -23.678506696868563 ], [ -46.751607628544569, -23.678494953865588 ], [ -46.751981580262544, -23.677899205068474 ], [ -46.751985011507045, -23.677831221539716 ], [ -46.751670037260688, -23.676991470733977 ], [ -46.751634794261989, -23.676951901857539 ], [ -46.75152584702959, -23.676917163351217 ], [ -46.751936177982827, -23.676772635835672 ], [ -46.752173879234938, -23.678000944907399 ], [ -46.751843378635563, -23.678600199326716 ], [ -46.751629486983632, -23.678506696868563 ] ] ] ] } },
{ "type": "Feature", "properties": { "id": "habi_nucleo2geosampa.269", "gid": 269, "uuid_id": "d93c6818-fd52-43c6-b741-757d30384a94", "nome": "FUNAPS PRÉDIO", "nome_secundario": null, "localizacao": null, "tot_domicilio": 102, "areageo_m2": 5755.69, "anoimplant": 0, "propriedade_area": "Sem informação" }, "geometry": { "type": "MultiPolygon", "coordinates": [ [ [ [ -46.687249856245074, -23.512116564022605 ], [ -46.68729498274012, -23.512140445181476 ], [ -46.68733380972958, -23.512859333201199 ], [ -46.686923450373328, -23.512872470783364 ], [ -46.686929653466969, -23.512993298830267 ], [ -46.686796505968182, -23.512995219271097 ], [ -46.686744876450206, -23.511911782877611 ], [ -46.687065210586951, -23.511899472067647 ], [ -46.687249856245074, -23.512116564022605 ] ] ] ] } },
{ "type": "Feature", "properties": { "id": "habi_nucleo2geosampa.270", "gid": 270, "uuid_id": "b8403b59-5a6d-40d6-a1de-604d993845e0", "nome": "TRÊS PORTOS", "nome_secundario": null, "localizacao": "RUA TRÊS PORTOS / RUA INACIO PENTEADO", "tot_domicilio": 100, "areageo_m2": 8657.37, "anoimplant": 1990, "propriedade_area": "Pública" }, "geometry": { "type": "MultiPolygon", "coordinates": [ [ [ [ -46.393642579696177, -23.50612977887717 ], [ -46.393245071109021, -23.505964981743031 ], [ -46.393342635862574, -23.505727224655722 ], [ -46.393431592107845, -23.505418997019778 ], [ -46.393474689856454, -23.505148417655963 ], [ -46.393476522031001, -23.504829989318885 ], [ -46.393440925484818, -23.504697318130479 ], [ -46.393386042028212, -23.504613955832308 ], [ -46.393317679039413, -23.504485754600616 ], [ -46.39348419969982, -23.504071169801982 ], [ -46.393622236423582, -23.504320305409159 ], [ -46.393821746466465, -23.50468804031831 ], [ -46.3939021418851, -23.504872381951476 ], [ -46.393891279874055, -23.505281043538364 ], [ -46.393868788682909, -23.505591190204175 ], [ -46.393642579696177, -23.50612977887717 ] ] ] ] } },
{ "type": "Feature", "properties": { "id": "habi_nucleo2geosampa.271", "gid": 271, "uuid_id": "6b74594d-1cfd-4567-82f8-97ea82c47625", "nome": "JARDIM SENICE", "nome_secundario": null, "localizacao": "RUA ODILON CHAVES", "tot_domicilio": 196, "areageo_m2": 17289.95, "anoimplant": 1979, "propriedade_area": "Pública" }, "geometry": { "type": "MultiPolygon", "coordinates": [ [ [ [ -46.407567587263202, -23.51510657475761 ], [ -46.407617818836776, -23.515147003865447 ], [ -46.407793093556172, -23.516043183747414 ], [ -46.406501716066821, -23.516276162586919 ], [ -46.40638355213499, -23.51637279290895 ], [ -46.406273148527731, -23.516272949347524 ], [ -46.40645169628376, -23.516094851314094 ], [ -46.40580921898826, -23.515571194698321 ], [ -46.405785133252209, -23.5154505490591 ], [ -46.407567587263202, -23.51510657475761 ] ] ] ] } },
{ "type": "Feature", "properties": { "id": "habi_nucleo2geosampa.272", "gid": 272, "uuid_id": "b4dc90c8-a20d-48ea-bd4d-447502b00c08", "nome": "JARDIM RICARDO", "nome_secundario": null, "localizacao": "RUA OTAVIO DI PALMA / RUA FORTE DE SANTOS", "tot_domicilio": 29, "areageo_m2": 3019.97, "anoimplant": 1985, "propriedade_area": "Pública" }, "geometry": { "type": "MultiPolygon", "coordinates": [ [ [ [ -46.460042187575148, -23.599619884385035 ], [ -46.460735818731351, -23.600409742277812 ], [ -46.460561651911874, -23.600556449697972 ], [ -46.459819140453433, -23.59978589342597 ], [ -46.460042187575148, -23.599619884385035 ] ] ] ] } },
{ "type": "Feature", "properties": { "id": "habi_nucleo2geosampa.273", "gid": 273, "uuid_id": "9ebe7668-a334-3fa4-a7a6-6a0f27303e09", "nome": "NÚCLEO - E - SÃO FRANCISCO GLOBAL", "nome_secundario": null, "localizacao": "RUA CINIRA POLÔNIO", "tot_domicilio": 1270, "areageo_m2": 78739.56, "anoimplant": 1990, "propriedade_area": "Pública" }, "geometry": { "type": "MultiPolygon", "coordinates": [ [ [ [ -46.45930205996963, -23.627194885033092 ], [ -46.45936318627016, -23.627796433826518 ], [ -46.459195220261662, -23.628084739497375 ], [ -46.459825316597993, -23.632988985082932 ], [ -46.459747600810559, -23.632996884662322 ], [ -46.459664401912512, -23.632510234459371 ], [ -46.459384737212055, -23.632548706770496 ], [ -46.459427362228482, -23.632182730752461 ], [ -46.459302249184667, -23.631424085389973 ], [ -46.459131578193336, -23.63146869982663 ], [ -46.458929471629048, -23.631484937208111 ], [ -46.458696009010424, -23.631479964796025 ], [ -46.458430396517123, -23.631382108516263 ], [ -46.457992049548444, -23.631142512703395 ], [ -46.457894490283174, -23.630763518229987 ], [ -46.457867977707991, -23.630477041768419 ], [ -46.457886474961207, -23.630039611288552 ], [ -46.4573338231421, -23.630016131905382 ], [ -46.457232765144383, -23.630726727456235 ], [ -46.456739253016892, -23.630423132854254 ], [ -46.456310435523484, -23.630341141699731 ], [ -46.456305203546854, -23.629868093247353 ], [ -46.45653088406894, -23.629873142452517 ], [ -46.456524620758977, -23.629306917808094 ], [ -46.456384593001196, -23.62930823255374 ], [ -46.456364436596431, -23.62889266933924 ], [ -46.456625126974373, -23.628546150649608 ], [ -46.4572873170167, -23.628625948970434 ], [ -46.457236272745128, -23.628934658688017 ], [ -46.457516486017305, -23.62894636236862 ], [ -46.457687471810367, -23.628930419419163 ], [ -46.457944823329868, -23.628985346009333 ], [ -46.45807730944518, -23.62900560518273 ], [ -46.458396736863456, -23.629045611227102 ], [ -46.458739661136626, -23.629099731927898 ], [ -46.45901868349695, -23.629003921970995 ], [ -46.459064723909265, -23.628946143804868 ], [ -46.459047652973226, -23.62810763193978 ], [ -46.459022171122093, -23.627914331802071 ], [ -46.458895241917382, -23.627693313176163 ], [ -46.45880824135412, -23.627565104791088 ], [ -46.458821417794084, -23.627349936625901 ], [ -46.458819432834289, -23.627170751741055 ], [ -46.459068128518446, -23.627146908436455 ], [ -46.45930205996963, -23.627194885033092 ] ] ] ] } },
{ "type": "Feature", "properties": { "id": "habi_nucleo2geosampa.274", "gid": 274, "uuid_id": "9610b8c4-fa91-45b3-9e47-2e31e83297ed", "nome": "ALAYDE SOUZA DE COSTA", "nome_secundario": null, "localizacao": "RUA ALAYDE DE SOUZA COSTA", "tot_domicilio": 40, "areageo_m2": 3158.31, "anoimplant": 1989, "propriedade_area": "Pública" }, "geometry": { "type": "MultiPolygon", "coordinates": [ [ [ [ -46.441920593575048, -23.541500352452442 ], [ -46.442075532103352, -23.541616836222115 ], [ -46.442426275351735, -23.54187352577565 ], [ -46.443065846136697, -23.542210509665871 ], [ -46.442841413857863, -23.542533382126994 ], [ -46.442567237737457, -23.542384334893939 ], [ -46.442710022314635, -23.542173592032444 ], [ -46.441804280335234, -23.541674031815596 ], [ -46.441920593575048, -23.541500352452442 ] ] ] ] } },
{ "type": "Feature", "properties": { "id": "habi_nucleo2geosampa.275", "gid": 275, "uuid_id": "23bd4728-38bb-316c-aa57-7d0af9fd881e", "nome": "SEBASTIANA DA CUNHA BUENO", "nome_secundario": null, "localizacao": "RUA SEBASTIANA DA CUNHA BUENO", "tot_domicilio": 10, "areageo_m2": 601.76, "anoimplant": 1969, "propriedade_area": "Pública" }, "geometry": { "type": "MultiPolygon", "coordinates": [ [ [ [ -46.745574793051333, -23.617221104513487 ], [ -46.745517637197757, -23.617604012281241 ], [ -46.745731867380222, -23.617627882855096 ], [ -46.745746694355788, -23.617572765480119 ], [ -46.745755356609749, -23.617541609010591 ], [ -46.745574793051333, -23.617221104513487 ] ] ] ] } },
{ "type": "Feature", "properties": { "id": "habi_nucleo2geosampa.276", "gid": 276, "uuid_id": "586ad17f-8bc6-4f9d-95a7-a8c3ba8c95d0", "nome": "PARQUE PAULISTANO", "nome_secundario": null, "localizacao": "RUA ADRIANO SEABRA", "tot_domicilio": 100, "areageo_m2": 10751.1, "anoimplant": 1985, "propriedade_area": "Pública" }, "geometry": { "type": "MultiPolygon", "coordinates": [ [ [ [ -46.422090044738709, -23.488526363581467 ], [ -46.42201702968957, -23.489486474279769 ], [ -46.421020092152524, -23.489455490309986 ], [ -46.421108308719006, -23.488498718908644 ], [ -46.422090044738709, -23.488526363581467 ] ] ] ] } },
{ "type": "Feature", "properties": { "id": "habi_nucleo2geosampa.277", "gid": 277, "uuid_id": "522d02e0-e3e6-4585-b0b6-0aff99184e28", "nome": "MARILISA", "nome_secundario": null, "localizacao": "RUA MARILISA", "tot_domicilio": 33, "areageo_m2": 1943.81, "anoimplant": 1988, "propriedade_area": "Pública" }, "geometry": { "type": "MultiPolygon", "coordinates": [ [ [ [ -46.703606522796981, -23.48167402466942 ], [ -46.703438081714197, -23.481606788371131 ], [ -46.703391608875158, -23.481597434392292 ], [ -46.702857723997781, -23.481392800324421 ], [ -46.702926701182612, -23.481211164094383 ], [ -46.703628645895165, -23.481453430651541 ], [ -46.703740261491227, -23.481537709817847 ], [ -46.703606522796981, -23.48167402466942 ] ] ] ] } },
{ "type": "Feature", "properties": { "id": "habi_nucleo2geosampa.278", "gid": 278, "uuid_id": "26a60cdb-3cdc-462a-b6dd-e139a3809249", "nome": "VILA MARA I E II", "nome_secundario": "CENTRAL", "localizacao": "RUA BELA VISTA DE MINAS", "tot_domicilio": 265, "areageo_m2": 21059.54, "anoimplant": 1987, "propriedade_area": "Pública" }, "geometry": { "type": "MultiPolygon", "coordinates": [ [ [ [ -46.417522788501806, -23.484033506376644 ], [ -46.417656042990586, -23.484008955601507 ], [ -46.417592865698779, -23.484995734736671 ], [ -46.417433343415681, -23.484990288336913 ], [ -46.417522788501806, -23.484033506376644 ] ] ], [ [ [ -46.417603893876581, -23.48509628863053 ], [ -46.417598786362113, -23.485549490024287 ], [ -46.417548211507906, -23.486039408589736 ], [ -46.417345506980908, -23.48600171989634 ], [ -46.41742553738699, -23.485097449025062 ], [ -46.417603893876581, -23.48509628863053 ] ] ], [ [ [ -46.417704069019308, -23.486123033399387 ], [ -46.417691572680461, -23.486493102568843 ], [ -46.41764058686541, -23.487129651085439 ], [ -46.41727678438933, -23.48712421962783 ], [ -46.417354305952905, -23.486125291114142 ], [ -46.417704069019308, -23.486123033399387 ] ] ], [ [ [ -46.417928977761413, -23.487678065176119 ], [ -46.417972715228693, -23.488180946445599 ], [ -46.417712583241887, -23.488177339643286 ], [ -46.41779631269516, -23.487200405980115 ], [ -46.417928977761413, -23.487678065176119 ] ] ], [ [ [ -46.417938080430368, -23.489319213500398 ], [ -46.417865020561763, -23.490269410542716 ], [ -46.41756689278057, -23.490256023315386 ], [ -46.417639925441428, -23.489303081696388 ], [ -46.417938080430368, -23.489319213500398 ] ] ], [ [ [ -46.418054599317571, -23.488240403650373 ], [ -46.418006755394416, -23.488707296080449 ], [ -46.417997035733833, -23.489240993675221 ], [ -46.417657928861651, -23.489216516045794 ], [ -46.417724165367943, -23.488233768015462 ], [ -46.418054599317571, -23.488240403650373 ] ] ], [ [ [ -46.417480952003288, -23.491304686474308 ], [ -46.417509296689005, -23.490833353110794 ], [ -46.418322307764733, -23.490859029714986 ], [ -46.418381395797375, -23.491351640556605 ], [ -46.417480952003288, -23.491304686474308 ] ] ] ] } },
{ "type": "Feature", "properties": { "id": "habi_nucleo2geosampa.279", "gid": 279, "uuid_id": "9b229718-9089-3982-bd15-95149ea96137", "nome": "MAJOR PALADINO", "nome_secundario": null, "localizacao": "RUA MAJOR PALADINO 916 918", "tot_domicilio": 26, "areageo_m2": 1479.41, "anoimplant": 0, "propriedade_area": "Pública" }, "geometry": { "type": "MultiPolygon", "coordinates": [ [ [ [ -46.745461499085771, -23.520042345040508 ], [ -46.745480818274132, -23.519778362686431 ], [ -46.745201928855629, -23.519534926198769 ], [ -46.745128838118475, -23.519493696052095 ], [ -46.745123496374326, -23.519717383429636 ], [ -46.745171213606973, -23.51972067113584 ], [ -46.745158715992517, -23.520030449304194 ], [ -46.745461499085771, -23.520042345040508 ] ] ] ] } },
{ "type": "Feature", "properties": { "id": "habi_nucleo2geosampa.280", "gid": 280, "uuid_id": "bb8ecc97-4e8a-46bb-8c8e-c4c4c27face4", "nome": "VILA DIGNIDADE", "nome_secundario": null, "localizacao": "R. CAP. FRANCISCO TEIXEIRA NOGUEIRA, 400", "tot_domicilio": 0, "areageo_m2": 685.59, "anoimplant": 0, "propriedade_area": "Sem informação" }, "geometry": { "type": "MultiPolygon", "coordinates": [ [ [ [ -46.686888250870375, -23.511645024527258 ], [ -46.687065078017369, -23.511899234581151 ], [ -46.686743957596775, -23.511910837138405 ], [ -46.686729817008583, -23.511716028768067 ], [ -46.686739768221408, -23.511683666293592 ], [ -46.68676806603235, -23.511667829705946 ], [ -46.686888250870375, -23.511645024527258 ] ] ] ] } },
{ "type": "Feature", "properties": { "id": "habi_nucleo2geosampa.281", "gid": 281, "uuid_id": "be405276-8f9d-4746-9d92-5e8902e182ea", "nome": "LEITÃO DA CUNHA", "nome_secundario": null, "localizacao": "RUA PROFESSOR LEITÃO DA CUNHA", "tot_domicilio": 10, "areageo_m2": 629.95, "anoimplant": 1972, "propriedade_area": "Pública" }, "geometry": { "type": "MultiPolygon", "coordinates": [ [ [ [ -46.756180096035003, -23.633911679364893 ], [ -46.756256717928508, -23.633919622126218 ], [ -46.756348037827074, -23.633953835276248 ], [ -46.756458774817695, -23.634009860106918 ], [ -46.756528788573434, -23.634059736889608 ], [ -46.756584486417893, -23.634111977032077 ], [ -46.756621019854421, -23.634162232991734 ], [ -46.756626091617136, -23.634184207195368 ], [ -46.756619130660283, -23.634199705723304 ], [ -46.756607350586847, -23.634213057598306 ], [ -46.756588198035246, -23.634211070548371 ], [ -46.756573676324372, -23.63419801659299 ], [ -46.756537542486676, -23.634178600960173 ], [ -46.756470135228241, -23.634144114344863 ], [ -46.756412342404758, -23.634113926789684 ], [ -46.756325947112067, -23.634090672363936 ], [ -46.756242275952459, -23.634091619933628 ], [ -46.756218333716845, -23.634089689829985 ], [ -46.756180096035003, -23.633911679364893 ] ] ] ] } },
{ "type": "Feature", "properties": { "id": "habi_nucleo2geosampa.282", "gid": 282, "uuid_id": "e582d53f-3e2d-43f3-af2c-6cdc0af26ce2", "nome": "ANDRÉ BASILI", "nome_secundario": "ADELINA PATTI", "localizacao": "RUA ANDRÉ BASILI", "tot_domicilio": 19, "areageo_m2": 1425.06, "anoimplant": 1990, "propriedade_area": "Pública" }, "geometry": { "type": "MultiPolygon", "coordinates": [ [ [ [ -46.455369713390951, -23.562509251471472 ], [ -46.455372055437834, -23.562721826449742 ], [ -46.455362384395876, -23.562957123086928 ], [ -46.455340507026932, -23.562975424066469 ], [ -46.455316095353353, -23.562986968211195 ], [ -46.455303833158034, -23.562987083006867 ], [ -46.455271867083503, -23.562980590695709 ], [ -46.455146401007489, -23.562950107916265 ], [ -46.454998783464511, -23.562913040800623 ], [ -46.455148194233736, -23.562667377081485 ], [ -46.455192522059022, -23.562682801787386 ], [ -46.455298252328447, -23.562480519709109 ], [ -46.455369713390951, -23.562509251471472 ] ] ], [ [ [ -46.455685199859829, -23.562639740255094 ], [ -46.455448012253079, -23.562712067236237 ], [ -46.455453772482706, -23.562567266012607 ], [ -46.455685199859829, -23.562639740255094 ] ] ] ] } },
{ "type": "Feature", "properties": { "id": "habi_nucleo2geosampa.283", "gid": 283, "uuid_id": "e6d96799-d96b-46cd-9bd1-6a1cbfa3827c", "nome": "JUAN DE SOLORZANO", "nome_secundario": null, "localizacao": "RUA PADRE JUAN DE SOLORZANO", "tot_domicilio": 61, "areageo_m2": 2187.02, "anoimplant": 1996, "propriedade_area": "Pública" }, "geometry": { "type": "MultiPolygon", "coordinates": [ [ [ [ -46.791425677979198, -23.604015161043133 ], [ -46.791397763833814, -23.604037696352218 ], [ -46.791359324765764, -23.604050059208063 ], [ -46.791268635514562, -23.604046319978657 ], [ -46.791222777020387, -23.604039083576016 ], [ -46.790991644425368, -23.603968428961426 ], [ -46.790887121053323, -23.60393450915041 ], [ -46.790942125208211, -23.603828768326448 ], [ -46.790998250599493, -23.603841110001905 ], [ -46.791045909924428, -23.60385159001628 ], [ -46.791158212691471, -23.603692450612801 ], [ -46.791164559014199, -23.603648677129588 ], [ -46.791190173324409, -23.603629960893596 ], [ -46.791226763640474, -23.603589717507241 ], [ -46.791258233758228, -23.603546301416088 ], [ -46.791267707760902, -23.603552584259305 ], [ -46.791432124104197, -23.603653084214645 ], [ -46.791592607787351, -23.603751650941209 ], [ -46.791609958095854, -23.60376208433701 ], [ -46.791425677979198, -23.604015161043133 ] ] ] ] } },
{ "type": "Feature", "properties": { "id": "habi_nucleo2geosampa.284", "gid": 284, "uuid_id": "8caac261-7d8a-43ac-a3df-65f80ef7a1db", "nome": "JANUÁRIO DOS SANTOS", "nome_secundario": null, "localizacao": "RUA JANUÁRIO DOS SANTOS 134", "tot_domicilio": 6, "areageo_m2": 864.42, "anoimplant": 1986, "propriedade_area": "Pública" }, "geometry": { "type": "MultiPolygon", "coordinates": [ [ [ [ -46.705094402033687, -23.475354735402476 ], [ -46.7051837192774, -23.475273916483509 ], [ -46.705343564662357, -23.47534389597579 ], [ -46.705415853366127, -23.475375543520478 ], [ -46.705460537999883, -23.475329971597287 ], [ -46.705543452785101, -23.47538968880156 ], [ -46.705677921686991, -23.475519548269695 ], [ -46.705643002182931, -23.475533639094881 ], [ -46.705648893806227, -23.475547624546103 ], [ -46.705523153147531, -23.47558545731232 ], [ -46.7054915786847, -23.475595771656501 ], [ -46.705485125939838, -23.475596898889542 ], [ -46.705471927404638, -23.475556933448992 ], [ -46.705443560435519, -23.475500869764129 ], [ -46.705265285676404, -23.475427843113419 ], [ -46.705142273975028, -23.475438280202759 ], [ -46.705094402033687, -23.475354735402476 ] ] ] ] } },
{ "type": "Feature", "properties": { "id": "habi_nucleo2geosampa.285", "gid": 285, "uuid_id": "f715a683-9dea-4d1c-b314-57fc4ff6b729", "nome": "ESTÔNIA", "nome_secundario": null, "localizacao": "R ESTONIA 14", "tot_domicilio": 3, "areageo_m2": 484.01, "anoimplant": 1980, "propriedade_area": "Pública" }, "geometry": { "type": "MultiPolygon", "coordinates": [ [ [ [ -46.708897745988274, -23.693762798883139 ], [ -46.708897009243614, -23.693692458009789 ], [ -46.708904014113841, -23.69364433556812 ], [ -46.708904072568366, -23.693578956181259 ], [ -46.708987376385373, -23.693583262969785 ], [ -46.709083652937572, -23.693582279421907 ], [ -46.709082402660613, -23.693605989947322 ], [ -46.709081746782843, -23.693638595197566 ], [ -46.709079384432002, -23.693683229082236 ], [ -46.709079769102999, -23.693708291393875 ], [ -46.709082081880204, -23.693733636426508 ], [ -46.709086235135452, -23.693757245452787 ], [ -46.709082778713771, -23.693777963747898 ], [ -46.709077414797356, -23.69379527172627 ], [ -46.709070733118253, -23.693798822002577 ], [ -46.709066003612875, -23.693809213462337 ], [ -46.709065071207931, -23.693817046150571 ], [ -46.70904514588004, -23.693828897934875 ], [ -46.70902129387845, -23.693825351900827 ], [ -46.708999580997698, -23.6938240470121 ], [ -46.708966624185187, -23.693817719208297 ], [ -46.708919668188948, -23.693818210343096 ], [ -46.708905929380428, -23.693809304817322 ], [ -46.708897745988274, -23.693762798883139 ] ] ] ] } },
{ "type": "Feature", "properties": { "id": "habi_nucleo2geosampa.286", "gid": 286, "uuid_id": "c3959f8b-a343-4be3-915d-58bb61434445", "nome": "PRIMO CASALE", "nome_secundario": null, "localizacao": "RUA PRIMO CASALE", "tot_domicilio": 4, "areageo_m2": 1062.08, "anoimplant": 1980, "propriedade_area": "Pública" }, "geometry": { "type": "MultiPolygon", "coordinates": [ [ [ [ -46.74489890320946, -23.633449434227515 ], [ -46.744436773343679, -23.633709988967222 ], [ -46.744371357329712, -23.633616381990798 ], [ -46.744338026831912, -23.633573986614334 ], [ -46.744315842278354, -23.633547821147069 ], [ -46.744410715070188, -23.633495178769284 ], [ -46.744421582372084, -23.633491284141819 ], [ -46.744831908634943, -23.63333949268598 ], [ -46.744841397535893, -23.633334353323274 ], [ -46.744919259395779, -23.633440400199198 ], [ -46.74489890320946, -23.633449434227515 ] ] ] ] } },
{ "type": "Feature", "properties": { "id": "habi_nucleo2geosampa.287", "gid": 287, "uuid_id": "cd2c76a0-85cf-3a40-bf4c-31df2e81cd5d", "nome": "VILA ROSINA", "nome_secundario": null, "localizacao": "RUA SALVADOR DA SILVA", "tot_domicilio": 50, "areageo_m2": 4162.63, "anoimplant": 1991, "propriedade_area": "Pública" }, "geometry": { "type": "MultiPolygon", "coordinates": [ [ [ [ -46.400986166392059, -23.522639323792113 ], [ -46.401052835320584, -23.522511485409215 ], [ -46.401107844308989, -23.522383751953665 ], [ -46.3996952454264, -23.521862417710857 ], [ -46.399674389347268, -23.522095576931051 ], [ -46.399678238046832, -23.52209195814525 ], [ -46.400986166392059, -23.522639323792113 ] ] ] ] } },
{ "type": "Feature", "properties": { "id": "habi_nucleo2geosampa.288", "gid": 288, "uuid_id": "28875b63-c256-482d-b16e-ad0a0d9b8f17", "nome": "JARDIM PARIS", "nome_secundario": null, "localizacao": "RUA ADÃO COSTA MENDES", "tot_domicilio": 15, "areageo_m2": 685.76, "anoimplant": 1991, "propriedade_area": "Particular" }, "geometry": { "type": "MultiPolygon", "coordinates": [ [ [ [ -46.769678227790919, -23.637959936055918 ], [ -46.769698794508038, -23.63795234040051 ], [ -46.769724752550054, -23.637959973630537 ], [ -46.769738409713504, -23.637984277597951 ], [ -46.76962928511292, -23.638306310812897 ], [ -46.769359172123728, -23.638218768715642 ], [ -46.769678227790919, -23.637959936055918 ] ] ] ] } },
{ "type": "Feature", "properties": { "id": "habi_nucleo2geosampa.289", "gid": 289, "uuid_id": "776236a7-812f-33ee-845f-18ec37125cc5", "nome": "GASPAR COQUEIRO", "nome_secundario": null, "localizacao": "RUA GASPAR COQUEIRO, AO LADO DO Nº 242", "tot_domicilio": 6, "areageo_m2": 442.74, "anoimplant": 1980, "propriedade_area": "Pública" }, "geometry": { "type": "MultiPolygon", "coordinates": [ [ [ [ -46.763092325093858, -23.645947537368663 ], [ -46.76283903238965, -23.646205577186961 ], [ -46.762869918329777, -23.646304136014358 ], [ -46.763166601412905, -23.646032701328863 ], [ -46.763092325093858, -23.645947537368663 ] ] ] ] } },
{ "type": "Feature", "properties": { "id": "habi_nucleo2geosampa.290", "gid": 290, "uuid_id": "4da559f4-1708-3578-bb71-839550058647", "nome": "CARLOS RAPPA", "nome_secundario": null, "localizacao": "RUA CARLOS RAPPA", "tot_domicilio": 11, "areageo_m2": 1530.42, "anoimplant": 2005, "propriedade_area": "Pública" }, "geometry": { "type": "MultiPolygon", "coordinates": [ [ [ [ -46.692768085760413, -23.666680891195846 ], [ -46.692971518357986, -23.666686313641652 ], [ -46.692994366193339, -23.666687975310214 ], [ -46.693036429154127, -23.666731476661784 ], [ -46.693222134997733, -23.667132741656168 ], [ -46.693091641335158, -23.667151369987625 ], [ -46.692964713110804, -23.667185011118644 ], [ -46.692954670220566, -23.667145400651272 ], [ -46.692984418643178, -23.667134025575383 ], [ -46.692971148204322, -23.667100602533544 ], [ -46.69291586150085, -23.667117930998593 ], [ -46.692874626636147, -23.667058174106334 ], [ -46.692797470826058, -23.666867882309585 ], [ -46.692768085760413, -23.666680891195846 ] ] ] ] } },
{ "type": "Feature", "properties": { "id": "habi_nucleo2geosampa.291", "gid": 291, "uuid_id": "53ac70ee-105c-3691-b36b-870e43e56acf", "nome": "GENERAL JOSÉ DE ALMEIDA BOTELHO", "nome_secundario": null, "localizacao": "RUA GENERAL JOSÉ DE ALMEIDA BOTELHO / RUA JAIME ADOUR DA CAMARA", "tot_domicilio": 4, "areageo_m2": 2182.9, "anoimplant": 1922, "propriedade_area": "Pública" }, "geometry": { "type": "MultiPolygon", "coordinates": [ [ [ [ -46.634300056319617, -23.470085829232627 ], [ -46.634245529950441, -23.470074932183604 ], [ -46.633789824046126, -23.470297611418559 ], [ -46.633734379184098, -23.470338332491597 ], [ -46.633668463189821, -23.470412135473708 ], [ -46.633561881132096, -23.470591015442448 ], [ -46.633657320076928, -23.470643057692222 ], [ -46.633745978782386, -23.470649296554409 ], [ -46.633790723211519, -23.470623023345233 ], [ -46.633906750907094, -23.470706388316191 ], [ -46.633908304775368, -23.470706372031948 ], [ -46.634300056319617, -23.470085829232627 ] ] ] ] } },
{ "type": "Feature", "properties": { "id": "habi_nucleo2geosampa.292", "gid": 292, "uuid_id": "951ba962-8a68-3ddd-9b0c-455d8388aaf0", "nome": "DAMASCO", "nome_secundario": null, "localizacao": "RUA DAMASCO", "tot_domicilio": 2, "areageo_m2": 241.69, "anoimplant": 1990, "propriedade_area": "Pública" }, "geometry": { "type": "MultiPolygon", "coordinates": [ [ [ [ -46.774870238627514, -23.677316926047517 ], [ -46.774751826108719, -23.677365348617329 ], [ -46.774850257951059, -23.67752763585321 ], [ -46.774942056055878, -23.677486924489116 ], [ -46.77490448623314, -23.677394179696535 ], [ -46.774870238627514, -23.677316926047517 ] ] ] ] } },
{ "type": "Feature", "properties": { "id": "habi_nucleo2geosampa.293", "gid": 293, "uuid_id": "a15c1c56-2540-4afd-a493-52afa583dfc3", "nome": "PAULO OSORIO FLORES", "nome_secundario": null, "localizacao": "RUA PAULO OSORIO FLORES / RUA BERNARDO BARBOSA", "tot_domicilio": 20, "areageo_m2": 3450.09, "anoimplant": 0, "propriedade_area": "Pública" }, "geometry": { "type": "MultiPolygon", "coordinates": [ [ [ [ -46.419058048361393, -23.529870309744041 ], [ -46.419120898777081, -23.529146818122136 ], [ -46.419330924238238, -23.529219897460386 ], [ -46.419395093250685, -23.529314156039451 ], [ -46.419572597843263, -23.529344299660611 ], [ -46.419554730419165, -23.529901675233798 ], [ -46.419058048361393, -23.529870309744041 ] ] ] ] } },
{ "type": "Feature", "properties": { "id": "habi_nucleo2geosampa.294", "gid": 294, "uuid_id": "6f75f751-b481-4ea7-a809-605cd6c48a2a", "nome": "GREGÓRIO ALLEGRI", "nome_secundario": null, "localizacao": "RUA GREGÓRIO ALLEGRI", "tot_domicilio": 10, "areageo_m2": 1364.85, "anoimplant": 2000, "propriedade_area": "Pública" }, "geometry": { "type": "MultiPolygon", "coordinates": [ [ [ [ -46.743145284814226, -23.652490318318247 ], [ -46.743089603393777, -23.652534899702005 ], [ -46.743028969243376, -23.652558034440776 ], [ -46.742925997176897, -23.652227622667418 ], [ -46.742919505282579, -23.652194170375278 ], [ -46.74292200699918, -23.652134814154621 ], [ -46.742945339527516, -23.652113114119736 ], [ -46.742989880443993, -23.652144279327459 ], [ -46.74314149480211, -23.65222433128492 ], [ -46.74311380428572, -23.652268356549413 ], [ -46.743181127726785, -23.652306105822365 ], [ -46.743276113215636, -23.65236695971512 ], [ -46.743145284814226, -23.652490318318247 ] ] ], [ [ [ -46.743211064491106, -23.652270722615039 ], [ -46.743325146001006, -23.652072334844274 ], [ -46.743524902601813, -23.652174015784404 ], [ -46.74345181993047, -23.652236955705639 ], [ -46.743385093517155, -23.652290267510907 ], [ -46.743318382881128, -23.652344773685826 ], [ -46.743225469541215, -23.652281311760547 ], [ -46.743211064491106, -23.652270722615039 ] ] ] ] } },
{ "type": "Feature", "properties": { "id": "habi_nucleo2geosampa.295", "gid": 295, "uuid_id": "ddb5f387-ef9b-4302-a7ce-c4f722b86ca4", "nome": "POSTO POLICIAL", "nome_secundario": null, "localizacao": "RUA DOMÊNICO ASPARI / RUA EDELCI RODRIGUES DE OLIVEIRA", "tot_domicilio": 9, "areageo_m2": 1218.07, "anoimplant": 1979, "propriedade_area": "Pública" }, "geometry": { "type": "MultiPolygon", "coordinates": [ [ [ [ -46.78698080829291, -23.435100538683443 ], [ -46.787094024286027, -23.435317134642073 ], [ -46.787144694605949, -23.435388229535221 ], [ -46.787094849739155, -23.435609559458864 ], [ -46.786836880813723, -23.435603911953262 ], [ -46.786877957285178, -23.435308140399783 ], [ -46.786939573773701, -23.435037936706397 ], [ -46.78698080829291, -23.435100538683443 ] ] ] ] } },
{ "type": "Feature", "properties": { "id": "habi_nucleo2geosampa.296", "gid": 296, "uuid_id": "fabfc79b-3700-47cc-ad33-b77401e8805d", "nome": "PARQUE SANTO AMARO I", "nome_secundario": null, "localizacao": "R RIBEIRAO PONTE BAIXA / R PIRAPORINHA / R DOS ADVENTISTAS", "tot_domicilio": 121, "areageo_m2": 517.53, "anoimplant": 1974, "propriedade_area": "Pública" }, "geometry": { "type": "MultiPolygon", "coordinates": [ [ [ [ -46.757698650150864, -23.680255958372378 ], [ -46.757722703031874, -23.680243675748372 ], [ -46.757948348130022, -23.68040067039707 ], [ -46.758017975524957, -23.680453065303631 ], [ -46.758003442206174, -23.680480680813016 ], [ -46.757875658469345, -23.680537032507427 ], [ -46.757805224545592, -23.680563566923027 ], [ -46.757698650150864, -23.680255958372378 ] ] ] ] } },
{ "type": "Feature", "properties": { "id": "habi_nucleo2geosampa.297", "gid": 297, "uuid_id": "80fc5ec0-dcd0-4717-a585-0907dd46e1bd", "nome": "ÁLVARO RODRIGUES DO PRADO", "nome_secundario": null, "localizacao": "RUA ALVARO RODRIGUES DO PRADO", "tot_domicilio": 6, "areageo_m2": 483.91, "anoimplant": 1979, "propriedade_area": "Pública" }, "geometry": { "type": "MultiPolygon", "coordinates": [ [ [ [ -46.770169486895995, -23.676911633616534 ], [ -46.770344804828724, -23.676810365021694 ], [ -46.77044163303453, -23.677046842258392 ], [ -46.770292158444072, -23.677098996861087 ], [ -46.770169486895995, -23.676911633616534 ] ] ] ] } },
{ "type": "Feature", "properties": { "id": "habi_nucleo2geosampa.298", "gid": 298, "uuid_id": "806435e1-6164-46df-bef8-e45ba73255f1", "nome": "MONTE TAÓ", "nome_secundario": null, "localizacao": "AVENIDA BANDEIRA DOS CATAGUAZES", "tot_domicilio": 107, "areageo_m2": 11594.12, "anoimplant": 1981, "propriedade_area": "Pública" }, "geometry": { "type": "MultiPolygon", "coordinates": [ [ [ [ -46.388445679475602, -23.505579524055339 ], [ -46.388132584381232, -23.505868092355961 ], [ -46.387921743389946, -23.506022901329363 ], [ -46.387543624732736, -23.506532844672797 ], [ -46.387253274202152, -23.506913922745628 ], [ -46.386973203265143, -23.506892513171277 ], [ -46.386871061739292, -23.50683703788874 ], [ -46.386789459093386, -23.506764163027132 ], [ -46.386695497807025, -23.506698094896702 ], [ -46.386691235946351, -23.506686663404125 ], [ -46.387622494504093, -23.505652814228558 ], [ -46.387786166535982, -23.505446816688131 ], [ -46.388080244107506, -23.505223405680162 ], [ -46.388445679475602, -23.505579524055339 ] ] ] ] } },
{ "type": "Feature", "properties": { "id": "habi_nucleo2geosampa.299", "gid": 299, "uuid_id": "a0eab3bf-51b3-452a-86bf-90b63f88e796", "nome": "JARDIM MARIANE", "nome_secundario": "JACQUES LE MERCIER", "localizacao": "RUA JACQUES LE MERCIER 205", "tot_domicilio": 6, "areageo_m2": 979.26, "anoimplant": 1976, "propriedade_area": "Pública" }, "geometry": { "type": "MultiPolygon", "coordinates": [ [ [ [ -46.767619360506572, -23.679350910508411 ], [ -46.767702631250266, -23.67957412376748 ], [ -46.767442719499748, -23.679692974532774 ], [ -46.767234296944686, -23.679478894635139 ], [ -46.767360153468708, -23.679446560996421 ], [ -46.767619360506572, -23.679350910508411 ] ] ] ] } },
{ "type": "Feature", "properties": { "id": "habi_nucleo2geosampa.300", "gid": 300, "uuid_id": "a80caec9-6a1d-3209-a9f9-968dfbc7485f", "nome": "CAFEZAIS", "nome_secundario": null, "localizacao": "RUA DOS CAFEZAIS, 613", "tot_domicilio": 1, "areageo_m2": 251.18, "anoimplant": 1990, "propriedade_area": "Pública" }, "geometry": { "type": "MultiPolygon", "coordinates": [ [ [ [ -46.670468489805181, -23.65050198283344 ], [ -46.670511482993106, -23.650415507955461 ], [ -46.670279773084637, -23.650346328672235 ], [ -46.670252399972803, -23.650437413597764 ], [ -46.670468489805181, -23.65050198283344 ] ] ] ] } },
{ "type": "Feature", "properties": { "id": "habi_nucleo2geosampa.301", "gid": 301, "uuid_id": "88184c8c-422a-494b-8278-8e52e2daf31f", "nome": "PRUDÊNCIO DO AMARAL", "nome_secundario": null, "localizacao": "RUA PRUDÊNCIO DO AMARAL", "tot_domicilio": 20, "areageo_m2": 1370.81, "anoimplant": 1988, "propriedade_area": "Pública" }, "geometry": { "type": "MultiPolygon", "coordinates": [ [ [ [ -46.784169491686022, -23.64991952314401 ], [ -46.784147547956344, -23.649866971387418 ], [ -46.784179197670369, -23.649852915535174 ], [ -46.784244688467837, -23.649828693994316 ], [ -46.784269732355682, -23.649797112718066 ], [ -46.784275542375148, -23.649755973959547 ], [ -46.784317546571366, -23.649722243863483 ], [ -46.784366023882072, -23.649696259047303 ], [ -46.784450377023788, -23.649654218836002 ], [ -46.784524334498172, -23.649627940632232 ], [ -46.784584825670109, -23.649705475283575 ], [ -46.784600057577215, -23.649732680244465 ], [ -46.784626136073705, -23.649777361765459 ], [ -46.784678225523301, -23.649860862089149 ], [ -46.784581403482598, -23.649922603758245 ], [ -46.78435100787334, -23.649997621080935 ], [ -46.784226643931113, -23.650063592253225 ], [ -46.784176044458263, -23.649933139260071 ], [ -46.784169491686022, -23.64991952314401 ] ] ] ] } },
{ "type": "Feature", "properties": { "id": "habi_nucleo2geosampa.302", "gid": 302, "uuid_id": "d782ac52-870b-4ec9-8a06-f4e4ac2d79ba", "nome": "MONTE SAGRADO", "nome_secundario": "GOIABEIRA SERRANA", "localizacao": "RUA TOMAS DE AQUINO PEREIRA E TRAVESSA MONTE SAGRADO", "tot_domicilio": 15, "areageo_m2": 1440.95, "anoimplant": 1985, "propriedade_area": "Pública" }, "geometry": { "type": "MultiPolygon", "coordinates": [ [ [ [ -46.483802931688047, -23.514977771573463 ], [ -46.483809493838841, -23.51535453715077 ], [ -46.483462848182633, -23.515351998362114 ], [ -46.483462258990471, -23.51498726662324 ], [ -46.483802931688047, -23.514977771573463 ] ] ] ] } },
{ "type": "Feature", "properties": { "id": "habi_nucleo2geosampa.303", "gid": 303, "uuid_id": "46497e5d-a577-49b8-bdf4-cd2036248524", "nome": "ALTO DA RIVIERA V", "nome_secundario": null, "localizacao": "AV. PROF. MARIO MAZAGAO / AV. OLIVER BLACHE", "tot_domicilio": 42, "areageo_m2": 3961.3, "anoimplant": 1982, "propriedade_area": "Pública" }, "geometry": { "type": "MultiPolygon", "coordinates": [ [ [ [ -46.764808917550525, -23.700354263296987 ], [ -46.764564647939302, -23.700334932487642 ], [ -46.764165794395915, -23.700520836906893 ], [ -46.764002564140867, -23.700331115168805 ], [ -46.763862266466177, -23.700145919467737 ], [ -46.763765108566886, -23.70001325545978 ], [ -46.763837133766359, -23.699937775697808 ], [ -46.764329674479022, -23.700086437784478 ], [ -46.7649812685789, -23.700280229502532 ], [ -46.765244496257012, -23.70036219183519 ], [ -46.765286883396932, -23.700449373678953 ], [ -46.765109377991983, -23.700546580212954 ], [ -46.764996532856578, -23.700386606742445 ], [ -46.764808917550525, -23.700354263296987 ] ] ] ] } },
{ "type": "Feature", "properties": { "id": "habi_nucleo2geosampa.304", "gid": 304, "uuid_id": "6061c3e5-37ab-4430-b189-7ad822abab24", "nome": "ABATIÁ", "nome_secundario": "SAN ISIDRO", "localizacao": "RUA ABATIÁ / RUA MAGNÓLIA AZUL", "tot_domicilio": 34, "areageo_m2": 2027.56, "anoimplant": 1994, "propriedade_area": "Pública" }, "geometry": { "type": "MultiPolygon", "coordinates": [ [ [ [ -46.386802312963063, -23.509458903119793 ], [ -46.386660083445641, -23.509640919519043 ], [ -46.386622625688631, -23.509646480918075 ], [ -46.386596666056938, -23.509634315812889 ], [ -46.386574228365916, -23.509612847351995 ], [ -46.386555598282435, -23.509581551650371 ], [ -46.386490394228666, -23.509422315796375 ], [ -46.386651840861717, -23.509325382228976 ], [ -46.386802312963063, -23.509458903119793 ] ] ], [ [ [ -46.386990185017332, -23.509325667429344 ], [ -46.387169863084033, -23.509469383537414 ], [ -46.386729398338709, -23.509999249444096 ], [ -46.386673506070274, -23.509816770909197 ], [ -46.386990185017332, -23.509325667429344 ] ] ] ] } },
{ "type": "Feature", "properties": { "id": "habi_nucleo2geosampa.305", "gid": 305, "uuid_id": "88628f0e-4ddc-4c49-8b06-a05731955f9b", "nome": "JARDIM IMBUIAS I", "nome_secundario": null, "localizacao": "RUA GERALDO DO BRUMADO", "tot_domicilio": 443, "areageo_m2": 59085.99, "anoimplant": 1972, "propriedade_area": "Pública" }, "geometry": { "type": "MultiPolygon", "coordinates": [ [ [ [ -46.710261151781133, -23.736882245813828 ], [ -46.709858267353781, -23.736610985419166 ], [ -46.710071158546889, -23.736093950664589 ], [ -46.711206041890613, -23.734316771162614 ], [ -46.711832406490203, -23.733354004502505 ], [ -46.711969510741071, -23.733150290524872 ], [ -46.712344744714699, -23.732833650924412 ], [ -46.712482328054712, -23.73266669208807 ], [ -46.712676922280785, -23.73227852544256 ], [ -46.712850826083503, -23.731835446547954 ], [ -46.713242652498302, -23.731261284210103 ], [ -46.713697487509542, -23.730925373596904 ], [ -46.714373842323539, -23.730734065377032 ], [ -46.715367926854576, -23.730410555448422 ], [ -46.715656321461502, -23.731087463594736 ], [ -46.715084109875981, -23.73160849156713 ], [ -46.714416658738223, -23.730954166609596 ], [ -46.713939693391367, -23.731124884309761 ], [ -46.713582994536438, -23.731331033965326 ], [ -46.7131286384367, -23.731703699846641 ], [ -46.712973250748853, -23.732036285796084 ], [ -46.713720083097584, -23.732652976209579 ], [ -46.71392380940533, -23.732963201313613 ], [ -46.71328592618962, -23.733043799194196 ], [ -46.713027599478423, -23.733138569520218 ], [ -46.712829881608641, -23.733287809183647 ], [ -46.71196467766169, -23.734308371526499 ], [ -46.711570676240953, -23.734717125826879 ], [ -46.711237047919965, -23.735161977256077 ], [ -46.71104292566779, -23.735586897987748 ], [ -46.710989997303116, -23.736120543810848 ], [ -46.710971474283859, -23.736231036913999 ], [ -46.710754746227686, -23.736454011832262 ], [ -46.710261151781133, -23.736882245813828 ] ] ] ] } },
{ "type": "Feature", "properties": { "id": "habi_nucleo2geosampa.306", "gid": 306, "uuid_id": "94b0888e-be04-4152-b9b9-41fb03e69e64", "nome": "DOMINGOS SIMÕES", "nome_secundario": "MONTE KEMEL III / LUCIANO GOMES", "localizacao": "RUA DOMINGO SIMÕES", "tot_domicilio": 4, "areageo_m2": 1086.7, "anoimplant": 1985, "propriedade_area": "Pública" }, "geometry": { "type": "MultiPolygon", "coordinates": [ [ [ [ -46.737214631057661, -23.608651365243496 ], [ -46.736996692276193, -23.608764093116886 ], [ -46.736737170404957, -23.608748616765762 ], [ -46.736704457834136, -23.608537595648389 ], [ -46.737053132060609, -23.608506123007341 ], [ -46.737214631057661, -23.608651365243496 ] ] ] ] } },
{ "type": "Feature", "properties": { "id": "habi_nucleo2geosampa.307", "gid": 307, "uuid_id": "b98ac626-26b9-48aa-9203-7c07c779326a", "nome": "ALEXANDRE BIAGIO", "nome_secundario": null, "localizacao": "RUA ALEXANDRE BIAGIO", "tot_domicilio": 10, "areageo_m2": 410.39, "anoimplant": 1999, "propriedade_area": "Pública" }, "geometry": { "type": "MultiPolygon", "coordinates": [ [ [ [ -46.751712109163982, -23.627424350865478 ], [ -46.751419917306194, -23.627522739839943 ], [ -46.751397895493106, -23.627468061454977 ], [ -46.751364086704143, -23.627484044252164 ], [ -46.751350415801582, -23.627454405878801 ], [ -46.751456497939508, -23.627397327776421 ], [ -46.751511202760405, -23.627376666954255 ], [ -46.751627630707446, -23.627326459547962 ], [ -46.75168514008093, -23.627309735924495 ], [ -46.751712109163982, -23.627424350865478 ] ] ] ] } },
{ "type": "Feature", "properties": { "id": "habi_nucleo2geosampa.308", "gid": 308, "uuid_id": "1c740eb6-d1c3-430a-8ada-5e32ef1175e5", "nome": "HENRI MATISSE", "nome_secundario": null, "localizacao": "RUA HENRI MATISSE", "tot_domicilio": 5, "areageo_m2": 373.57, "anoimplant": 1998, "propriedade_area": "Pública" }, "geometry": { "type": "MultiPolygon", "coordinates": [ [ [ [ -46.768660195701315, -23.679035440776655 ], [ -46.768608135444516, -23.6790670492319 ], [ -46.768590956170662, -23.679041704599314 ], [ -46.768225248615174, -23.679244734639127 ], [ -46.768194893902027, -23.679196736041352 ], [ -46.768344463847598, -23.679124790789693 ], [ -46.768328961108438, -23.679076622662343 ], [ -46.768492329361855, -23.678999046675745 ], [ -46.768512582022304, -23.679031653603161 ], [ -46.768613837549594, -23.678975766798636 ], [ -46.768660195701315, -23.679035440776655 ] ] ] ] } },
{ "type": "Feature", "properties": { "id": "habi_nucleo2geosampa.309", "gid": 309, "uuid_id": "3cff773f-d626-4148-a2f8-844d9df2f147", "nome": "VIELA DO COLÉGIO", "nome_secundario": null, "localizacao": "TRAVESSA MAGONDI", "tot_domicilio": 28, "areageo_m2": 4825.48, "anoimplant": 0, "propriedade_area": "Pública" }, "geometry": { "type": "MultiPolygon", "coordinates": [ [ [ [ -46.789222053180957, -23.735280480028024 ], [ -46.788909721313367, -23.735735625330634 ], [ -46.788911492450886, -23.735616904401919 ], [ -46.7892634499417, -23.734800482541651 ], [ -46.789582577903339, -23.734934987508225 ], [ -46.789696414896127, -23.735177514794721 ], [ -46.789938514470251, -23.735409423774037 ], [ -46.790128845313802, -23.735498498609783 ], [ -46.789955159845675, -23.735703190588819 ], [ -46.789222053180957, -23.735280480028024 ] ] ] ] } },
{ "type": "Feature", "properties": { "id": "habi_nucleo2geosampa.310", "gid": 310, "uuid_id": "4d8415c5-997c-4d57-ab7e-6925cac2466b", "nome": "NIGER", "nome_secundario": null, "localizacao": "RUA NIGER", "tot_domicilio": 13, "areageo_m2": 804.47, "anoimplant": 0, "propriedade_area": "Pública" }, "geometry": { "type": "MultiPolygon", "coordinates": [ [ [ [ -46.783299069055936, -23.693247840271635 ], [ -46.783279927095819, -23.693425663285076 ], [ -46.783213517116877, -23.693434977075295 ], [ -46.783180158899107, -23.693359375410907 ], [ -46.783171325125849, -23.693198884788824 ], [ -46.783158661210017, -23.693067369344778 ], [ -46.783091754983623, -23.69297369405923 ], [ -46.783270942804236, -23.692861465944695 ], [ -46.783296222045713, -23.692895190917348 ], [ -46.783296842122525, -23.693128214070974 ], [ -46.783299069055936, -23.693247840271635 ] ] ] ] } },
{ "type": "Feature", "properties": { "id": "habi_nucleo2geosampa.311", "gid": 311, "uuid_id": "f6ac3efd-6c22-4e36-b001-ab5c81262db6", "nome": "ANSELMO DE GRANDI", "nome_secundario": null, "localizacao": "RUA ANSELMO DE GRANDI", "tot_domicilio": 11, "areageo_m2": 1040.9, "anoimplant": 0, "propriedade_area": "Pública" }, "geometry": { "type": "MultiPolygon", "coordinates": [ [ [ [ -46.707375378005814, -23.769665951299533 ], [ -46.70723442129902, -23.770001917181556 ], [ -46.707211072087404, -23.770036773377615 ], [ -46.707191236528118, -23.770053133299488 ], [ -46.707157596267251, -23.770067345544902 ], [ -46.707131239310357, -23.770064175489544 ], [ -46.707117127571252, -23.770038962177814 ], [ -46.7070860448584, -23.769769471916835 ], [ -46.707068290963264, -23.769560951804483 ], [ -46.707375378005814, -23.769665951299533 ] ] ] ] } },
{ "type": "Feature", "properties": { "id": "habi_nucleo2geosampa.312", "gid": 312, "uuid_id": "8295c625-9e4f-416b-9e59-6344977c91c2", "nome": "HONÓRIO ALVES", "nome_secundario": null, "localizacao": "RUA WILSON ACKEL", "tot_domicilio": 25, "areageo_m2": 2899.34, "anoimplant": 1982, "propriedade_area": "Pública" }, "geometry": { "type": "MultiPolygon", "coordinates": [ [ [ [ -46.41088093286853, -23.531897548239169 ], [ -46.410972669023131, -23.531896716467458 ], [ -46.41101555781897, -23.531982351859781 ], [ -46.411095074452923, -23.532003139637013 ], [ -46.411115349819326, -23.532153484506104 ], [ -46.411235414241418, -23.532476879789868 ], [ -46.411239623121077, -23.532567759090121 ], [ -46.411340226823214, -23.532584886150474 ], [ -46.411346067152834, -23.532828674927845 ], [ -46.411216163282177, -23.532858645075283 ], [ -46.410973287192448, -23.532926561063395 ], [ -46.410948847521283, -23.532288804112049 ], [ -46.41088093286853, -23.531897548239169 ] ] ] ] } },
{ "type": "Feature", "properties": { "id": "habi_nucleo2geosampa.313", "gid": 313, "uuid_id": "b70edef9-506c-49c4-9bce-8fea236a23e6", "nome": "SÃO VICENTE DE MINAS II", "nome_secundario": null, "localizacao": "RUA FRANCISCO BARROSO PEREIRA", "tot_domicilio": 3, "areageo_m2": 451.81, "anoimplant": 2005, "propriedade_area": "Pública" }, "geometry": { "type": "MultiPolygon", "coordinates": [ [ [ [ -46.482207766232456, -23.487473919071956 ], [ -46.482184934662541, -23.487606278431144 ], [ -46.4822708498086, -23.48761944332789 ], [ -46.482228393704624, -23.487828804595964 ], [ -46.482150714827142, -23.487800782969753 ], [ -46.482120587605614, -23.487768557980647 ], [ -46.482101677835608, -23.487671059258034 ], [ -46.482106220160624, -23.487521231446031 ], [ -46.48211549554695, -23.487481753364214 ], [ -46.482153055379264, -23.487469221936248 ], [ -46.482207766232456, -23.487473919071956 ] ] ] ] } },
{ "type": "Feature", "properties": { "id": "habi_nucleo2geosampa.314", "gid": 314, "uuid_id": "74dce303-7eee-4bb9-afba-1b088b3dd19b", "nome": "JARDIM CLIPER", "nome_secundario": null, "localizacao": "RUA LUCILO VAREJÃO", "tot_domicilio": 200, "areageo_m2": 11785.74, "anoimplant": 0, "propriedade_area": "Pública" }, "geometry": { "type": "MultiPolygon", "coordinates": [ [ [ [ -46.69931120962034, -23.72387657133585 ], [ -46.699181833984838, -23.723942252141686 ], [ -46.69907768799451, -23.723812690918098 ], [ -46.698435483943499, -23.722955920485507 ], [ -46.698566725349515, -23.722790152922936 ], [ -46.698629478299679, -23.722886488013231 ], [ -46.698572918032454, -23.723057468889927 ], [ -46.698736784570286, -23.723251944905467 ], [ -46.698930703288191, -23.723279861372315 ], [ -46.699101750322271, -23.723804286780013 ], [ -46.700009601721042, -23.723713765889226 ], [ -46.700112649622504, -23.723810511563858 ], [ -46.700260638134559, -23.72387022782959 ], [ -46.700418551543713, -23.723895301674123 ], [ -46.700679386178059, -23.723856469550881 ], [ -46.700984119984192, -23.723814659026136 ], [ -46.701444722901655, -23.723739107937988 ], [ -46.701687908263203, -23.723678024390214 ], [ -46.701900691769765, -23.723625506717937 ], [ -46.702074296212352, -23.723578167516369 ], [ -46.702106119790074, -23.723644106910079 ], [ -46.702001811663614, -23.723693567198701 ], [ -46.700506564830981, -23.724345837395742 ], [ -46.700206658733009, -23.724411907535469 ], [ -46.700140303392118, -23.724334505222604 ], [ -46.700028702899893, -23.724216767791159 ], [ -46.69931120962034, -23.72387657133585 ] ] ], [ [ [ -46.699607264330076, -23.723352613018445 ], [ -46.699799114142614, -23.723338558524755 ], [ -46.699673634054562, -23.723067572986984 ], [ -46.699569971842031, -23.723078268959959 ], [ -46.69954566686647, -23.723205161800379 ], [ -46.699607264330076, -23.723352613018445 ] ] ] ] } },
{ "type": "Feature", "properties": { "id": "habi_nucleo2geosampa.315", "gid": 315, "uuid_id": "f993ea79-c8ca-4ab2-87e6-993021099bcb", "nome": "JOÃO BODIM", "nome_secundario": null, "localizacao": "RUA JOÃO BODIM", "tot_domicilio": 20, "areageo_m2": 1727.59, "anoimplant": 1997, "propriedade_area": "Pública" }, "geometry": { "type": "MultiPolygon", "coordinates": [ [ [ [ -46.422079587777908, -23.534104388636969 ], [ -46.422170550123838, -23.534243419159797 ], [ -46.421328126164632, -23.534390967528825 ], [ -46.421141988859468, -23.53408068072369 ], [ -46.421551691711848, -23.53420244630702 ], [ -46.421687686349181, -23.534190449427641 ], [ -46.422079587777908, -23.534104388636969 ] ] ] ] } },
{ "type": "Feature", "properties": { "id": "habi_nucleo2geosampa.316", "gid": 316, "uuid_id": "3bdd3fce-8f08-4304-a8c8-53cba19dd57f", "nome": "BARÃO CARL DU PREL", "nome_secundario": null, "localizacao": "RUA BARÃO CARL DU PREL", "tot_domicilio": 50, "areageo_m2": 2855.84, "anoimplant": 1985, "propriedade_area": "Pública" }, "geometry": { "type": "MultiPolygon", "coordinates": [ [ [ [ -46.381387816135863, -23.50472775914572 ], [ -46.381401835034687, -23.504793933706793 ], [ -46.381423704928153, -23.504878921213049 ], [ -46.381472161838452, -23.505015863952739 ], [ -46.381615540374696, -23.505300348673227 ], [ -46.381481050793262, -23.505484078849822 ], [ -46.381367496775596, -23.505512083915303 ], [ -46.381321599859064, -23.505447261582368 ], [ -46.381300613050598, -23.505383647279285 ], [ -46.381273575139971, -23.505277335559668 ], [ -46.381000393079923, -23.50469297168198 ], [ -46.381028976038714, -23.504651143540752 ], [ -46.381387816135863, -23.50472775914572 ] ] ] ] } },
{ "type": "Feature", "properties": { "id": "habi_nucleo2geosampa.318", "gid": 318, "uuid_id": "5fc1296d-76d8-31f6-af6c-5d8c3682e75c", "nome": "CHICO VICENTE II", "nome_secundario": null, "localizacao": "RUA CHICO VICENTE", "tot_domicilio": 8, "areageo_m2": 783.85, "anoimplant": 1973, "propriedade_area": "Pública" }, "geometry": { "type": "MultiPolygon", "coordinates": [ [ [ [ -46.749238185409816, -23.620709648664416 ], [ -46.749072141715949, -23.620507248245936 ], [ -46.748834649151931, -23.620782288659658 ], [ -46.748964170661225, -23.620870421797708 ], [ -46.749238185409816, -23.620709648664416 ] ] ] ] } },
{ "type": "Feature", "properties": { "id": "habi_nucleo2geosampa.319", "gid": 319, "uuid_id": "bed9108c-6796-33a0-9789-6b79f62bc23f", "nome": "FLORIDA 1968", "nome_secundario": null, "localizacao": "RUA FLORIDA, 1968", "tot_domicilio": 9, "areageo_m2": 906.39, "anoimplant": 0, "propriedade_area": "Pública" }, "geometry": { "type": "MultiPolygon", "coordinates": [ [ [ [ -46.69574581407781, -23.606507292421941 ], [ -46.695656700381107, -23.606533352537024 ], [ -46.695678422675002, -23.60660956966095 ], [ -46.695425247030791, -23.606680427425289 ], [ -46.695488718031818, -23.606878037806769 ], [ -46.695833446554559, -23.606769147101719 ], [ -46.69574581407781, -23.606507292421941 ] ] ] ] } },
{ "type": "Feature", "properties": { "id": "habi_nucleo2geosampa.320", "gid": 320, "uuid_id": "fe2882f4-d978-4c06-bc9f-cdafcfa3905e", "nome": "CIDADE DUTRA I", "nome_secundario": null, "localizacao": "R ANTONIO LE VOCI 486", "tot_domicilio": 64, "areageo_m2": 2897.45, "anoimplant": 1979, "propriedade_area": "Pública" }, "geometry": { "type": "MultiPolygon", "coordinates": [ [ [ [ -46.695715721300715, -23.713351597214267 ], [ -46.69569802491376, -23.713288043410927 ], [ -46.69568372249509, -23.713235413755978 ], [ -46.695658712586919, -23.713127440563564 ], [ -46.695616710648267, -23.712912399348749 ], [ -46.695605638816176, -23.712867322138752 ], [ -46.695882877830122, -23.712635139819437 ], [ -46.696239782285659, -23.71260829175635 ], [ -46.696305268629615, -23.712704432180796 ], [ -46.695715721300715, -23.713351597214267 ] ] ] ] } },
{ "type": "Feature", "properties": { "id": "habi_nucleo2geosampa.321", "gid": 321, "uuid_id": "6566fb68-1b4d-3916-8d3a-0b67c39ee068", "nome": "CARUBINHA", "nome_secundario": null, "localizacao": "RUA CARUBINHA", "tot_domicilio": 3, "areageo_m2": 273.44, "anoimplant": 1983, "propriedade_area": "Pública" }, "geometry": { "type": "MultiPolygon", "coordinates": [ [ [ [ -46.761966317633785, -23.619292641919909 ], [ -46.762271847449448, -23.619454022611379 ], [ -46.762198679595805, -23.619508609295753 ], [ -46.761943847659488, -23.619357403873039 ], [ -46.761966317633785, -23.619292641919909 ] ] ] ] } },
{ "type": "Feature", "properties": { "id": "habi_nucleo2geosampa.322", "gid": 322, "uuid_id": "ffe3aedf-ca54-455c-a732-0fd822273128", "nome": "JURANDIR", "nome_secundario": null, "localizacao": "AVENIDA JURANDIR", "tot_domicilio": 120, "areageo_m2": 8363.85, "anoimplant": 1935, "propriedade_area": "Pública" }, "geometry": { "type": "MultiPolygon", "coordinates": [ [ [ [ -46.648539679598557, -23.631009976437895 ], [ -46.648362953909697, -23.6309308954947 ], [ -46.648071822826459, -23.63073738341982 ], [ -46.647635778274228, -23.630499154854522 ], [ -46.647689038101944, -23.630241265186601 ], [ -46.64787091631743, -23.630230659774558 ], [ -46.648084316734554, -23.630231281672859 ], [ -46.648272180851812, -23.63019748176951 ], [ -46.648553777740339, -23.630130881795441 ], [ -46.648872556631972, -23.630026298449945 ], [ -46.64906651463842, -23.629977975627327 ], [ -46.649083252674949, -23.630061646107379 ], [ -46.648997243763219, -23.630210016219433 ], [ -46.648951300578688, -23.630300131565591 ], [ -46.648871096222599, -23.630410852297555 ], [ -46.648741954644855, -23.63062328807057 ], [ -46.648652663155957, -23.630760124950108 ], [ -46.648539679598557, -23.631009976437895 ] ] ] ] } },
{ "type": "Feature", "properties": { "id": "habi_nucleo2geosampa.323", "gid": 323, "uuid_id": "9dbdfee4-9b26-4b5f-86b0-b7182ac957af", "nome": "VILA SANTA MARIA", "nome_secundario": null, "localizacao": "R MONASTÉRIO", "tot_domicilio": 82, "areageo_m2": 6254.44, "anoimplant": 1982, "propriedade_area": "Pública" }, "geometry": { "type": "MultiPolygon", "coordinates": [ [ [ [ -46.696809700341802, -23.687947082363177 ], [ -46.696801640848221, -23.687902365169748 ], [ -46.697315400008407, -23.687114366943465 ], [ -46.697635469556225, -23.687265952409788 ], [ -46.697578007452229, -23.687452695909315 ], [ -46.697535374766161, -23.687918447608492 ], [ -46.697408103121049, -23.688205906617483 ], [ -46.697191516667033, -23.688242746867893 ], [ -46.696809700341802, -23.687947082363177 ] ] ] ] } },
{ "type": "Feature", "properties": { "id": "habi_nucleo2geosampa.324", "gid": 324, "uuid_id": "cf422ea9-7d0a-4ca5-9fdf-6aad37568116", "nome": "PARQUE FIGUEIRA GRANDE I", "nome_secundario": "JULIÃO AFONSO SERRA / PIRAPORINHA I / PARQUE FIGUEIRA GRANDE", "localizacao": "RUA MATEUS SERRAO 5A", "tot_domicilio": 41, "areageo_m2": 3335.36, "anoimplant": 1964, "propriedade_area": "Pública" }, "geometry": { "type": "MultiPolygon", "coordinates": [ [ [ [ -46.744608590641782, -23.674848469278643 ], [ -46.744517239894115, -23.674833492158086 ], [ -46.744555092085179, -23.674484130304638 ], [ -46.744789542587846, -23.674603136614678 ], [ -46.745097185999974, -23.674737323963498 ], [ -46.745324695459288, -23.674856407277968 ], [ -46.745467986458301, -23.67491561610569 ], [ -46.745514705826579, -23.674979688799301 ], [ -46.744608590641782, -23.674848469278643 ] ] ], [ [ [ -46.74479907310289, -23.675637509977058 ], [ -46.744826088626006, -23.675683426653958 ], [ -46.7448538924289, -23.675689022126168 ], [ -46.744859183019678, -23.675874534500906 ], [ -46.744729932593451, -23.675875896388778 ], [ -46.744666097195271, -23.67567933401612 ], [ -46.74479907310289, -23.675637509977058 ] ] ], [ [ [ -46.745296302295522, -23.676905520754762 ], [ -46.745029087454675, -23.67693734317977 ], [ -46.744939234152596, -23.6767142687643 ], [ -46.745230605491614, -23.676669369458239 ], [ -46.745296302295522, -23.676905520754762 ] ] ] ] } },
{ "type": "Feature", "properties": { "id": "habi_nucleo2geosampa.325", "gid": 325, "uuid_id": "0c8c0073-b11b-40a8-83a2-bd0dd656def6", "nome": "VERCINIO PEREIRA DE SOUZA", "nome_secundario": null, "localizacao": "RUA VERCINIO PEREIRA DE SOUZA", "tot_domicilio": 38, "areageo_m2": 6134.28, "anoimplant": 1968, "propriedade_area": "Pública" }, "geometry": { "type": "MultiPolygon", "coordinates": [ [ [ [ -46.486223800528045, -23.602145475842459 ], [ -46.486208475059044, -23.602142100581592 ], [ -46.48622329082211, -23.602100258656364 ], [ -46.486223165380629, -23.602089130439118 ], [ -46.486278819685403, -23.601940675019744 ], [ -46.486441523761421, -23.601456607785359 ], [ -46.486547166467297, -23.601165834874493 ], [ -46.486622619087107, -23.600908968885683 ], [ -46.486744983511244, -23.600914841135026 ], [ -46.486772567249439, -23.600988538316539 ], [ -46.486764924432144, -23.600988611503794 ], [ -46.48681715406623, -23.601196206613754 ], [ -46.486848589202644, -23.601290699513626 ], [ -46.486733247464826, -23.601524415458233 ], [ -46.486740984543701, -23.601577009321364 ], [ -46.486819489132259, -23.601718016727254 ], [ -46.486957804174303, -23.601824992577964 ], [ -46.486809950599778, -23.602270176419566 ], [ -46.486223800528045, -23.602145475842459 ] ] ] ] } },
{ "type": "Feature", "properties": { "id": "habi_nucleo2geosampa.326", "gid": 326, "uuid_id": "235a0577-f96b-44b7-a543-d3a404716906", "nome": "JOSÉ BONIFACIO", "nome_secundario": null, "localizacao": "AVENIDA JOÃO BATISTA CONTI / RUA ANA MARIA SUANI", "tot_domicilio": 30, "areageo_m2": 1649.53, "anoimplant": 1991, "propriedade_area": "Pública" }, "geometry": { "type": "MultiPolygon", "coordinates": [ [ [ [ -46.431514034095144, -23.54976972859615 ], [ -46.43165972890904, -23.54981769613148 ], [ -46.431333139223661, -23.550704736434867 ], [ -46.431187329113577, -23.550646203547888 ], [ -46.431514034095144, -23.54976972859615 ] ] ] ] } },
{ "type": "Feature", "properties": { "id": "habi_nucleo2geosampa.327", "gid": 327, "uuid_id": "548ab036-0680-433b-992b-9a3a189bedfd", "nome": "JARDIM SOUZA", "nome_secundario": null, "localizacao": "R MANUEL DE MEDEIROS SOUZA", "tot_domicilio": 86, "areageo_m2": 4177.74, "anoimplant": 1972, "propriedade_area": "Pública" }, "geometry": { "type": "MultiPolygon", "coordinates": [ [ [ [ -46.746667803616468, -23.687796202858689 ], [ -46.746873051250361, -23.68770232485226 ], [ -46.746964082300551, -23.68793372478671 ], [ -46.747020093593918, -23.688119738741573 ], [ -46.747194725788482, -23.688311457211157 ], [ -46.747134206523299, -23.688361442930272 ], [ -46.747154776317196, -23.6884703810864 ], [ -46.747180856458463, -23.688706035454235 ], [ -46.747265366555069, -23.68902202765257 ], [ -46.747243690925821, -23.68911735609365 ], [ -46.747163304224628, -23.689111220113812 ], [ -46.747120402581899, -23.689048315093956 ], [ -46.746910205216658, -23.689057730418806 ], [ -46.746887649655413, -23.688512133419653 ], [ -46.746826175257439, -23.688202924261986 ], [ -46.746730711819083, -23.687925793158154 ], [ -46.746667803616468, -23.687796202858689 ] ] ] ] } },
{ "type": "Feature", "properties": { "id": "habi_nucleo2geosampa.328", "gid": 328, "uuid_id": "5bdca4c8-d364-40f2-a4a8-782571744958", "nome": "JARDIM MARINGA", "nome_secundario": null, "localizacao": "AVENIDA MENDONÇA DRUMONT", "tot_domicilio": 100, "areageo_m2": 6497.15, "anoimplant": 0, "propriedade_area": "Pública" }, "geometry": { "type": "MultiPolygon", "coordinates": [ [ [ [ -46.517211392804775, -23.552423773149581 ], [ -46.517110771859628, -23.553188339666878 ], [ -46.516970304172752, -23.55312217437405 ], [ -46.516599064458731, -23.552755249147577 ], [ -46.516233229142856, -23.552407385112932 ], [ -46.516659529672566, -23.552035095006286 ], [ -46.516783999357486, -23.552141953818463 ], [ -46.51693449414514, -23.552258116085863 ], [ -46.517211392804775, -23.552423773149581 ] ] ] ] } },
{ "type": "Feature", "properties": { "id": "habi_nucleo2geosampa.329", "gid": 329, "uuid_id": "2d137610-3578-4769-b400-84234752b350", "nome": "DARIO COSTA MATTOS", "nome_secundario": null, "localizacao": "RUA DARIO COSTA MATTOS E RUA TOME MONTEIRO DE FANA", "tot_domicilio": 42, "areageo_m2": 2553.68, "anoimplant": 1984, "propriedade_area": "Pública" }, "geometry": { "type": "MultiPolygon", "coordinates": [ [ [ [ -46.481328154803407, -23.502917473629093 ], [ -46.481311047271731, -23.502885035116378 ], [ -46.481324031249756, -23.502881479924046 ], [ -46.481745578904359, -23.50281055188918 ], [ -46.481754899764638, -23.502812179069835 ], [ -46.481835162804593, -23.502835437420917 ], [ -46.48198263110018, -23.503211522031457 ], [ -46.481561811502935, -23.503347646250404 ], [ -46.481328154803407, -23.502917473629093 ] ] ] ] } },
{ "type": "Feature", "properties": { "id": "habi_nucleo2geosampa.330", "gid": 330, "uuid_id": "0ad414b8-d121-4721-9a88-657cbe068931", "nome": "ARROIO CAMPO BOM", "nome_secundario": null, "localizacao": "RUA ARROIO CAMPO BOM X ESTRADA DO IGUATEMI", "tot_domicilio": 60, "areageo_m2": 1364.47, "anoimplant": 1993, "propriedade_area": "Pública" }, "geometry": { "type": "MultiPolygon", "coordinates": [ [ [ [ -46.422019299949561, -23.586421332243965 ], [ -46.422026898934057, -23.58642590146766 ], [ -46.422016997008747, -23.586562235041878 ], [ -46.421832939019211, -23.586504045152758 ], [ -46.421515598025032, -23.586489339316312 ], [ -46.421312814185306, -23.586466540596589 ], [ -46.421014464995281, -23.586441093823595 ], [ -46.421020893524236, -23.586328329608165 ], [ -46.421533375591324, -23.586365905109112 ], [ -46.421575483531662, -23.586372563848226 ], [ -46.421578735498244, -23.586319703436445 ], [ -46.421647591088721, -23.586326117371236 ], [ -46.421640555997129, -23.586382534449815 ], [ -46.422019299949561, -23.586421332243965 ] ] ], [ [ [ -46.422026980097414, -23.586424783979329 ], [ -46.422030839148555, -23.586428270694508 ], [ -46.422026898934057, -23.58642590146766 ], [ -46.422026980097414, -23.586424783979329 ] ] ] ] } },
{ "type": "Feature", "properties": { "id": "habi_nucleo2geosampa.331", "gid": 331, "uuid_id": "fc787285-2796-412e-b5a5-a716283e2d64", "nome": "JOSÉ MARCONDES DE MATTOS", "nome_secundario": null, "localizacao": "RUA DOUTOR JOSÉ MARCONDES DE MATTOS", "tot_domicilio": 20, "areageo_m2": 844.61, "anoimplant": 1975, "propriedade_area": "Particular" }, "geometry": { "type": "MultiPolygon", "coordinates": [ [ [ [ -46.781249291116865, -23.67268016164401 ], [ -46.781279382604907, -23.673080489312738 ], [ -46.781149341983266, -23.67308198480314 ], [ -46.781088618115071, -23.673068225627123 ], [ -46.781043413859344, -23.673041896189364 ], [ -46.781000191950248, -23.672996956105212 ], [ -46.780966010839848, -23.672956042414931 ], [ -46.780976882041202, -23.672931133512986 ], [ -46.781142992664464, -23.672778454648356 ], [ -46.781249291116865, -23.67268016164401 ] ] ] ] } },
{ "type": "Feature", "properties": { "id": "habi_nucleo2geosampa.332", "gid": 332, "uuid_id": "4b6ddbca-2daa-3bea-bda3-ad70d7714925", "nome": "PEDRO LEOLINO MARIZ", "nome_secundario": null, "localizacao": "RUA PEDRO LEOLINO MARIZ", "tot_domicilio": 2, "areageo_m2": 369.69, "anoimplant": 1975, "propriedade_area": "Pública" }, "geometry": { "type": "MultiPolygon", "coordinates": [ [ [ [ -46.747134684586037, -23.636216766544738 ], [ -46.746901303391319, -23.636295848547171 ], [ -46.746888172776636, -23.636244390857474 ], [ -46.746845925907593, -23.636187527201972 ], [ -46.747039489465962, -23.636078312780384 ], [ -46.747134684586037, -23.636216766544738 ] ] ] ] } },
{ "type": "Feature", "properties": { "id": "habi_nucleo2geosampa.333", "gid": 333, "uuid_id": "710b8867-7754-4b2a-9a14-09c377257ff9", "nome": "RECANTO DOS HUMILDES", "nome_secundario": null, "localizacao": "RUA JULIO MACIEL", "tot_domicilio": 250, "areageo_m2": 17399.29, "anoimplant": 1981, "propriedade_area": "Pública" }, "geometry": { "type": "MultiPolygon", "coordinates": [ [ [ [ -46.751403350901278, -23.409672315530649 ], [ -46.751446839850793, -23.409631192580978 ], [ -46.751746572299474, -23.410101910926038 ], [ -46.75198742986511, -23.410559743779544 ], [ -46.75214131091613, -23.41109982247178 ], [ -46.752339574530794, -23.411666493254582 ], [ -46.752420797855521, -23.412261567012713 ], [ -46.752620313669958, -23.412923038943731 ], [ -46.753058379798283, -23.413866280504347 ], [ -46.753198487269714, -23.414474237664969 ], [ -46.752789904115545, -23.414654909798756 ], [ -46.752721210700308, -23.413897154646325 ], [ -46.752495375658327, -23.413466245191529 ], [ -46.752328955551803, -23.413088849213906 ], [ -46.752279579043488, -23.412683049784903 ], [ -46.752037110933856, -23.412103329767049 ], [ -46.751924578152256, -23.411359610588438 ], [ -46.751586755933189, -23.410225609092656 ], [ -46.751403350901278, -23.409672315530649 ] ] ] ] } },
{ "type": "Feature", "properties": { "id": "habi_nucleo2geosampa.334", "gid": 334, "uuid_id": "563bdbd3-88c4-43db-b93b-4eecfd901be1", "nome": "BENTO BICUDO I", "nome_secundario": null, "localizacao": "RUA CORONEL BENTO BICUDO", "tot_domicilio": 150, "areageo_m2": 5388.57, "anoimplant": 1995, "propriedade_area": "Pública" }, "geometry": { "type": "MultiPolygon", "coordinates": [ [ [ [ -46.70677998908301, -23.510047367773016 ], [ -46.706933295024115, -23.510164961116832 ], [ -46.707648370982142, -23.510167449931576 ], [ -46.707597273351595, -23.510381775049446 ], [ -46.707530134153942, -23.510613847014206 ], [ -46.707505459801112, -23.510728327733272 ], [ -46.707218125195652, -23.510654491804328 ], [ -46.706732952757676, -23.510551629491616 ], [ -46.70646610189074, -23.510420949078753 ], [ -46.70677998908301, -23.510047367773016 ] ] ] ] } },
{ "type": "Feature", "properties": { "id": "habi_nucleo2geosampa.335", "gid": 335, "uuid_id": "a7cb2e53-be4b-4dd0-82df-e2f432b48b53", "nome": "CALABRIA", "nome_secundario": "CALABRIA II", "localizacao": "RUA CALABRIA", "tot_domicilio": 50, "areageo_m2": 3375.58, "anoimplant": 1980, "propriedade_area": "Pública" }, "geometry": { "type": "MultiPolygon", "coordinates": [ [ [ [ -46.777809242769571, -23.67139488184776 ], [ -46.777786989287549, -23.671369905176284 ], [ -46.77799580840243, -23.671213593379175 ], [ -46.778112121076354, -23.671103760466448 ], [ -46.778148215148576, -23.671138670764481 ], [ -46.778167652401081, -23.671158633434064 ], [ -46.778306828317156, -23.671321043844681 ], [ -46.778342978839007, -23.671360999721553 ], [ -46.778387497956338, -23.671410952751152 ], [ -46.778590858157237, -23.671660937865848 ], [ -46.778279179276119, -23.671909267161048 ], [ -46.77803437754131, -23.67163452526886 ], [ -46.777945182479705, -23.671531571858246 ], [ -46.777834266425884, -23.671422349860055 ], [ -46.777809242769571, -23.67139488184776 ] ] ] ] } },
{ "type": "Feature", "properties": { "id": "habi_nucleo2geosampa.336", "gid": 336, "uuid_id": "b8ac6c22-be9e-4cec-aa2d-2cfd3ffad8e7", "nome": "SANTA MARGARIDA III", "nome_secundario": null, "localizacao": "R ENI ALVES DE SOUZA LEITE / R JOAO FERREIRA DA SILVA", "tot_domicilio": 26, "areageo_m2": 1731.95, "anoimplant": 1978, "propriedade_area": "Pública" }, "geometry": { "type": "MultiPolygon", "coordinates": [ [ [ [ -46.754784336803944, -23.683080667615833 ], [ -46.754844691095521, -23.683165656350141 ], [ -46.754944628949303, -23.683230794160153 ], [ -46.75482512681986, -23.68332569281311 ], [ -46.754679043448647, -23.683383148126428 ], [ -46.754613841150835, -23.683264844738339 ], [ -46.754584690281398, -23.6831850660292 ], [ -46.754544386610682, -23.683107129349516 ], [ -46.754488913366636, -23.682962318932582 ], [ -46.754438872318964, -23.68281114704698 ], [ -46.754489291931542, -23.682789226920864 ], [ -46.754575596820978, -23.682773001859523 ], [ -46.754607701576809, -23.68282106413545 ], [ -46.754685546826892, -23.682806844350363 ], [ -46.754763621261581, -23.68280977851602 ], [ -46.754774192640618, -23.682983009933064 ], [ -46.754784336803944, -23.683080667615833 ] ] ] ] } },
{ "type": "Feature", "properties": { "id": "habi_nucleo2geosampa.337", "gid": 337, "uuid_id": "f3a54f34-3c0c-3f30-8704-1841b9756b84", "nome": "IVALDO", "nome_secundario": null, "localizacao": "RUA IVALDO", "tot_domicilio": 1, "areageo_m2": 213.09, "anoimplant": 1985, "propriedade_area": "Pública" }, "geometry": { "type": "MultiPolygon", "coordinates": [ [ [ [ -46.775570566454199, -23.672045182917792 ], [ -46.77551454149657, -23.672122276770253 ], [ -46.775401264872663, -23.672185692169599 ], [ -46.775479974936488, -23.672251685127225 ], [ -46.77564895369737, -23.672087288358064 ], [ -46.775586127691646, -23.672045004533334 ], [ -46.775570566454199, -23.672045182917792 ] ] ] ] } },
{ "type": "Feature", "properties": { "id": "habi_nucleo2geosampa.357", "gid": 357, "uuid_id": "18476fea-9db3-4fbc-9d4b-6de767284a1f", "nome": "PTOLOMEU", "nome_secundario": null, "localizacao": "R PTOLOMEU", "tot_domicilio": 30, "areageo_m2": 2089.91, "anoimplant": 1981, "propriedade_area": "Pública" }, "geometry": { "type": "MultiPolygon", "coordinates": [ [ [ [ -46.721939327446705, -23.660259898027203 ], [ -46.722084647532895, -23.660208698309866 ], [ -46.722310662035525, -23.661110044156192 ], [ -46.722362852149864, -23.661294072659135 ], [ -46.722455033937116, -23.661613410986174 ], [ -46.722342265759764, -23.661641683613166 ], [ -46.722209463227479, -23.661179092977129 ], [ -46.722171027664331, -23.66104531762873 ], [ -46.721939327446705, -23.660259898027203 ] ] ] ] } },
{ "type": "Feature", "properties": { "id": "habi_nucleo2geosampa.338", "gid": 338, "uuid_id": "1ea5ba50-037a-40e0-b2c2-3ada13f8a9f9", "nome": "FERDINANDO BERTONI", "nome_secundario": null, "localizacao": "RUA FERDINANDO BERTONI", "tot_domicilio": 8, "areageo_m2": 746.59, "anoimplant": 1984, "propriedade_area": "Pública" }, "geometry": { "type": "MultiPolygon", "coordinates": [ [ [ [ -46.502565806757019, -23.525820155068534 ], [ -46.502664286739396, -23.525967978773696 ], [ -46.502497457084395, -23.526052903571298 ], [ -46.502411868328643, -23.525904955314605 ], [ -46.502565806757019, -23.525820155068534 ] ] ], [ [ [ -46.502783157162014, -23.525636557411001 ], [ -46.502868734192923, -23.525784505571334 ], [ -46.502682431070795, -23.52586069168358 ], [ -46.502590464190398, -23.52571874904087 ], [ -46.502783157162014, -23.525636557411001 ] ] ] ] } },
{ "type": "Feature", "properties": { "id": "habi_nucleo2geosampa.339", "gid": 339, "uuid_id": "37cd7f78-650f-4b8e-ac3f-1a4ca830152b", "nome": "FRANCISCO DE ABREU", "nome_secundario": null, "localizacao": "R FRANCISCO DE ABREU/RUA MANUEL PERES", "tot_domicilio": 150, "areageo_m2": 8268.7, "anoimplant": 1971, "propriedade_area": "Particular" }, "geometry": { "type": "MultiPolygon", "coordinates": [ [ [ [ -46.768839968950942, -23.677860800690457 ], [ -46.768922996345815, -23.677924490236226 ], [ -46.769134825776923, -23.67827938838494 ], [ -46.769210109639182, -23.678409609163367 ], [ -46.768802801002167, -23.678791543541781 ], [ -46.76766283665237, -23.678106847262139 ], [ -46.767998778799736, -23.67784201603294 ], [ -46.76850507309473, -23.678143745482945 ], [ -46.76883501505597, -23.677850555702257 ], [ -46.768839968950942, -23.677860800690457 ] ] ] ] } },
{ "type": "Feature", "properties": { "id": "habi_nucleo2geosampa.340", "gid": 340, "uuid_id": "724e7a9b-8a71-45be-98c5-0f445180f442", "nome": "DIOGO NEVES", "nome_secundario": null, "localizacao": "RUA DIOGO DE OLIVEIRA NEVES", "tot_domicilio": 10, "areageo_m2": 2305.86, "anoimplant": 0, "propriedade_area": "Particular" }, "geometry": { "type": "MultiPolygon", "coordinates": [ [ [ [ -46.692485383691434, -23.720256561208458 ], [ -46.69251392176384, -23.720473458962058 ], [ -46.692526423359666, -23.720777418975132 ], [ -46.692106217818861, -23.720789914152203 ], [ -46.692125377263302, -23.720280245885341 ], [ -46.692485383691434, -23.720256561208458 ] ] ] ] } },
{ "type": "Feature", "properties": { "id": "habi_nucleo2geosampa.341", "gid": 341, "uuid_id": "4178a310-67e8-4e9e-9ce0-6ea4fbdcff32", "nome": "CANTEMIR", "nome_secundario": "CARDON", "localizacao": "RUA CANTEMIR", "tot_domicilio": 6, "areageo_m2": 403.66, "anoimplant": 1992, "propriedade_area": "Pública" }, "geometry": { "type": "MultiPolygon", "coordinates": [ [ [ [ -46.437071487946625, -23.515618421039896 ], [ -46.437096301949957, -23.51548230058712 ], [ -46.437141128592202, -23.515460948701332 ], [ -46.43723455823136, -23.515477140059016 ], [ -46.437191376953791, -23.515816493576171 ], [ -46.43711622659761, -23.515822205073835 ], [ -46.437147170488032, -23.515631758853548 ], [ -46.437071487946625, -23.515618421039896 ] ] ] ] } },
{ "type": "Feature", "properties": { "id": "habi_nucleo2geosampa.342", "gid": 342, "uuid_id": "5c5de8b1-e807-4d9d-9f60-d0dd2d2942a4", "nome": "JARDIM LEONARDO", "nome_secundario": null, "localizacao": "RUA APARECIDO SAMPAIO / RUA OLAVO AZEVEDO", "tot_domicilio": 26, "areageo_m2": 1123.82, "anoimplant": 1975, "propriedade_area": "Pública" }, "geometry": { "type": "MultiPolygon", "coordinates": [ [ [ [ -46.736156411040383, -23.663184792409595 ], [ -46.73616699199691, -23.663194298800985 ], [ -46.735992072732863, -23.663400789122537 ], [ -46.735930815080494, -23.663509756245841 ], [ -46.73585375538773, -23.663609275433409 ], [ -46.735794859834435, -23.663698966130593 ], [ -46.735734407535531, -23.663670768514994 ], [ -46.735644955908519, -23.663623645822369 ], [ -46.735589819941893, -23.6636026073101 ], [ -46.735772895222809, -23.663420088427912 ], [ -46.736098277449663, -23.663134912790838 ], [ -46.736156411040383, -23.663184792409595 ] ] ] ] } },
{ "type": "Feature", "properties": { "id": "habi_nucleo2geosampa.343", "gid": 343, "uuid_id": "dced6bff-3784-4d4b-97ed-cb6cc4edad0a", "nome": "MANOEL ASSOM", "nome_secundario": "TRÊS MARIAS", "localizacao": "AVENIDA MANOEL ASSOM", "tot_domicilio": 30, "areageo_m2": 2026.59, "anoimplant": 1967, "propriedade_area": "Pública" }, "geometry": { "type": "MultiPolygon", "coordinates": [ [ [ [ -46.494035370601402, -23.522612618095387 ], [ -46.494451657089307, -23.522651594417443 ], [ -46.494399229227405, -23.52277110891238 ], [ -46.494303907745262, -23.522900941774498 ], [ -46.494155187529778, -23.523064342166581 ], [ -46.494084308870349, -23.523137747902044 ], [ -46.494046064113441, -23.523168122697424 ], [ -46.494016024167621, -23.523190772699444 ], [ -46.493894978629157, -23.523146529599355 ], [ -46.493914836511969, -23.523050116196387 ], [ -46.493925143221709, -23.523010357898126 ], [ -46.493938955933459, -23.522963939541839 ], [ -46.493962776899949, -23.522851326164169 ], [ -46.494000496980533, -23.522698897984984 ], [ -46.494035370601402, -23.522612618095387 ] ] ] ] } },
{ "type": "Feature", "properties": { "id": "habi_nucleo2geosampa.344", "gid": 344, "uuid_id": "88ead7a5-b227-48c5-a9b2-bb241b1220b8", "nome": "CARLOS DA COSTA CARVALHO", "nome_secundario": null, "localizacao": "RUA CASRLOS DA COSTA CARVALHO 37 / RUA SANTO ANTONIO DO CARANGOLA", "tot_domicilio": 5, "areageo_m2": 927.52, "anoimplant": 1975, "propriedade_area": "Pública" }, "geometry": { "type": "MultiPolygon", "coordinates": [ [ [ [ -46.67675333083848, -23.460839519134286 ], [ -46.676747506903752, -23.460837708869285 ], [ -46.676790806298015, -23.460731148131188 ], [ -46.676881773411587, -23.46046809001956 ], [ -46.676980283612565, -23.460474185179667 ], [ -46.676990312655732, -23.460474979892446 ], [ -46.677088503019348, -23.460493295896924 ], [ -46.677096015410449, -23.460494623974999 ], [ -46.677018143666608, -23.460669290552762 ], [ -46.677008805654793, -23.4606926483251 ], [ -46.676932422816058, -23.460877436191566 ], [ -46.676925259831393, -23.460877628696611 ], [ -46.676919256543258, -23.460891094030192 ], [ -46.676879861291567, -23.460878848774389 ], [ -46.676832749526689, -23.460880114880826 ], [ -46.676751826197858, -23.460843870229215 ], [ -46.67675333083848, -23.460839519134286 ] ] ] ] } },
{ "type": "Feature", "properties": { "id": "habi_nucleo2geosampa.345", "gid": 345, "uuid_id": "f531bf18-91c5-4d38-aa39-e28e8cb0556e", "nome": "AXIBICE", "nome_secundario": null, "localizacao": "RUA AXIBICE X RUA DA CAVALGADA", "tot_domicilio": 3, "areageo_m2": 123.57, "anoimplant": 1984, "propriedade_area": "Pública" }, "geometry": { "type": "MultiPolygon", "coordinates": [ [ [ [ -46.566743089292565, -23.485490591246723 ], [ -46.566856050638428, -23.485438884282949 ], [ -46.566859934448445, -23.485436136059572 ], [ -46.566890847673328, -23.48548368731764 ], [ -46.566772161955839, -23.485548094672048 ], [ -46.566743089292565, -23.485490591246723 ] ] ], [ [ [ -46.566971573193676, -23.485603885403027 ], [ -46.566979735689316, -23.485631798124619 ], [ -46.566867817224285, -23.485688913044356 ], [ -46.5668801488277, -23.485655375909939 ], [ -46.566971573193676, -23.485603885403027 ] ] ] ] } },
{ "type": "Feature", "properties": { "id": "habi_nucleo2geosampa.346", "gid": 346, "uuid_id": "f616a5b8-9eec-41bd-b785-676de637a98a", "nome": "GALILEU GAIA", "nome_secundario": null, "localizacao": "RUA GALILEU GAIA", "tot_domicilio": 113, "areageo_m2": 4157.9, "anoimplant": 1987, "propriedade_area": "Pública" }, "geometry": { "type": "MultiPolygon", "coordinates": [ [ [ [ -46.582478526910528, -23.522017812869073 ], [ -46.58301120670162, -23.522571695362185 ], [ -46.582707716639156, -23.522914061637557 ], [ -46.582167081693875, -23.522415932447878 ], [ -46.582237449770723, -23.522290628815703 ], [ -46.582345054999763, -23.522154357867937 ], [ -46.582478526910528, -23.522017812869073 ] ] ] ] } },
{ "type": "Feature", "properties": { "id": "habi_nucleo2geosampa.347", "gid": 347, "uuid_id": "0855a822-03d0-4b94-97ed-84f6cab75eb3", "nome": "JARACATIA II", "nome_secundario": "MILHARAL", "localizacao": "RUA JARACATIA", "tot_domicilio": 4, "areageo_m2": 273.68, "anoimplant": 1982, "propriedade_area": "Pública" }, "geometry": { "type": "MultiPolygon", "coordinates": [ [ [ [ -46.75098726370441, -23.623295102298346 ], [ -46.750854600494691, -23.623151021441455 ], [ -46.750969402732132, -23.623099654120971 ], [ -46.750988207388993, -23.623132387916851 ], [ -46.75101112940655, -23.623151469196927 ], [ -46.751024524763906, -23.623150475748758 ], [ -46.751041456809162, -23.623157719347208 ], [ -46.751059159114099, -23.623144885401974 ], [ -46.75111398006905, -23.623175382247336 ], [ -46.751060677108143, -23.623250419339282 ], [ -46.751037045470845, -23.623242032142397 ], [ -46.75098726370441, -23.623295102298346 ] ] ] ] } },
{ "type": "Feature", "properties": { "id": "habi_nucleo2geosampa.348", "gid": 348, "uuid_id": "1c7e8024-9f0c-34f1-8223-4f18822ea941", "nome": "HELIÓPOLIS GLEBA N", "nome_secundario": null, "localizacao": "AVENIDA ALMIRANTE DELAMARE", "tot_domicilio": 1211, "areageo_m2": 35758.11, "anoimplant": 0, "propriedade_area": "Pública/Particular" }, "geometry": { "type": "MultiPolygon", "coordinates": [ [ [ [ -46.596320899293723, -23.600909131958254 ], [ -46.596758204121031, -23.600623894227962 ], [ -46.597022186101576, -23.600477822057552 ], [ -46.59716891658244, -23.600390895807603 ], [ -46.597331461528405, -23.600325310272353 ], [ -46.597632111615631, -23.600209920538784 ], [ -46.598479668131191, -23.601472294797286 ], [ -46.598173287424068, -23.601863707310571 ], [ -46.597715269149653, -23.602579232993385 ], [ -46.597429484716962, -23.603066003516993 ], [ -46.597104377687536, -23.603517338891834 ], [ -46.597008825653973, -23.603655705618749 ], [ -46.596226088562879, -23.604320808634824 ], [ -46.596140894006204, -23.604244032923255 ], [ -46.59623137625217, -23.603793917394402 ], [ -46.596299901664686, -23.602922319127899 ], [ -46.596313709650708, -23.602563784672437 ], [ -46.596241169190918, -23.602354273614193 ], [ -46.596004902708643, -23.602112995768024 ], [ -46.596042733151748, -23.602025398006681 ], [ -46.596189599590083, -23.602163661164482 ], [ -46.596389972243976, -23.602331240023155 ], [ -46.596653292545412, -23.602130221636813 ], [ -46.596768937959546, -23.602045407341212 ], [ -46.597157436199943, -23.602011545058385 ], [ -46.597194875130185, -23.601891695761154 ], [ -46.597331193028161, -23.601908212903268 ], [ -46.597690832079273, -23.60216733330871 ], [ -46.598048338888795, -23.601715663369426 ], [ -46.598195084728765, -23.601523010243348 ], [ -46.598129189120669, -23.601434090492134 ], [ -46.597946007252936, -23.601144722495324 ], [ -46.598008188484989, -23.60107694365432 ], [ -46.597843341976045, -23.600845685261703 ], [ -46.597621615065606, -23.600734476117992 ], [ -46.597408106037243, -23.600766539060007 ], [ -46.597143472847272, -23.600858859718649 ], [ -46.597024935034113, -23.600704775686598 ], [ -46.596458807061069, -23.601057044167021 ], [ -46.596320899293723, -23.600909131958254 ] ] ] ] } },
{ "type": "Feature", "properties": { "id": "habi_nucleo2geosampa.349", "gid": 349, "uuid_id": "2f069be6-c922-489b-a8b4-ca94049eebee", "nome": "CONSTANTINO DE OLIVEIRA LEDO II", "nome_secundario": null, "localizacao": "RUA CONSTANTINO DE OLIVEIRA LEDO", "tot_domicilio": 12, "areageo_m2": 970.67, "anoimplant": 1978, "propriedade_area": "Pública" }, "geometry": { "type": "MultiPolygon", "coordinates": [ [ [ [ -46.750153766880075, -23.635769031848216 ], [ -46.750078735235157, -23.635565385818971 ], [ -46.750021686169994, -23.635400597882445 ], [ -46.749954590463716, -23.635231328189295 ], [ -46.749899812391739, -23.635050428967389 ], [ -46.749994202519154, -23.635021790497174 ], [ -46.750045384677669, -23.635120013008297 ], [ -46.750068317346695, -23.635156517739251 ], [ -46.750103922082751, -23.635208962296396 ], [ -46.750134557879257, -23.635261462921605 ], [ -46.750150306754342, -23.635321024196028 ], [ -46.750170987418258, -23.635375934711099 ], [ -46.750171781659063, -23.635435667509487 ], [ -46.750176355270398, -23.635591857437021 ], [ -46.750177332757445, -23.635665370704093 ], [ -46.750183596672656, -23.635761802541936 ], [ -46.750153766880075, -23.635769031848216 ] ] ] ] } },
{ "type": "Feature", "properties": { "id": "habi_nucleo2geosampa.350", "gid": 350, "uuid_id": "f9d8912b-3bcf-4cfd-bfb3-86cb5b32b912", "nome": "VILA ROBERTINA", "nome_secundario": "PAULINA AUGUSTIN", "localizacao": "RUA PAULINA AUGUSTIN", "tot_domicilio": 50, "areageo_m2": 3525.98, "anoimplant": 1988, "propriedade_area": "Pública" }, "geometry": { "type": "MultiPolygon", "coordinates": [ [ [ [ -46.473555259884897, -23.496194508827934 ], [ -46.473587862968806, -23.496722504365213 ], [ -46.473381668333992, -23.496724454635316 ], [ -46.473364515157677, -23.496555559601241 ], [ -46.473092530972394, -23.496608448494996 ], [ -46.473099949393571, -23.496402287102033 ], [ -46.473073741446505, -23.496404623239123 ], [ -46.473084444139268, -23.496184873306788 ], [ -46.473555259884897, -23.496194508827934 ] ] ], [ [ [ -46.473553341549241, -23.496128745969965 ], [ -46.473240348486016, -23.496125971568755 ], [ -46.473278204908759, -23.495802565628971 ], [ -46.473554000732292, -23.495815249452203 ], [ -46.473553341549241, -23.496128745969965 ] ] ] ] } },
{ "type": "Feature", "properties": { "id": "habi_nucleo2geosampa.351", "gid": 351, "uuid_id": "fafd1bb2-657d-45e2-a7f0-08a92abdecd1", "nome": "JOÃO RIOS", "nome_secundario": null, "localizacao": "RUA JOÃO RIOS NÚMERO198 / RUA LUIS DE OLIVEIRA BULHÕES", "tot_domicilio": 6, "areageo_m2": 201.73, "anoimplant": 1987, "propriedade_area": "Pública" }, "geometry": { "type": "MultiPolygon", "coordinates": [ [ [ [ -46.609964207592235, -23.446781309499645 ], [ -46.609920757592427, -23.446668876663495 ], [ -46.609917788811124, -23.446666198147117 ], [ -46.609924431417234, -23.446648971674591 ], [ -46.609980908522651, -23.446624909663239 ], [ -46.610118330846667, -23.44673817889749 ], [ -46.610067802240565, -23.446768500922399 ], [ -46.609964207592235, -23.446781309499645 ] ] ] ] } },
{ "type": "Feature", "properties": { "id": "habi_nucleo2geosampa.352", "gid": 352, "uuid_id": "cb714ade-d38b-4336-8c78-e035d18435dc", "nome": "ANTONIO KIRSTEN", "nome_secundario": "SEBASTIÃO MUNIZ 1", "localizacao": "RUA SEBASTIÃO MUNIZ E RUA ANTONIO KIRSTEN", "tot_domicilio": 27, "areageo_m2": 1883.98, "anoimplant": 1988, "propriedade_area": "Pública" }, "geometry": { "type": "MultiPolygon", "coordinates": [ [ [ [ -46.481626746151697, -23.516566121496592 ], [ -46.481632409887567, -23.516650890398349 ], [ -46.480728268449397, -23.516585544829152 ], [ -46.480724360271616, -23.516446371735572 ], [ -46.481422673218354, -23.51645713119014 ], [ -46.481421697155163, -23.516581116509215 ], [ -46.481626746151697, -23.516566121496592 ] ] ], [ [ [ -46.482092501296201, -23.516872723537716 ], [ -46.481960349950249, -23.516867465185694 ], [ -46.481959887305379, -23.516826136916134 ], [ -46.481712140055599, -23.516819799209344 ], [ -46.481716172988463, -23.516758857044167 ], [ -46.482063070344097, -23.516772957733572 ], [ -46.482092501296201, -23.516872723537716 ] ] ], [ [ [ -46.481993511127946, -23.516669203988918 ], [ -46.481719657971105, -23.516647891593212 ], [ -46.481726115241322, -23.516593453724372 ], [ -46.482025964712669, -23.51661886655771 ], [ -46.481993511127946, -23.516669203988918 ] ] ] ] } },
{ "type": "Feature", "properties": { "id": "habi_nucleo2geosampa.353", "gid": 353, "uuid_id": "4842d4fb-4709-41fd-963c-ac31531df768", "nome": "MANUEL COELHO DE OLIVEIRA", "nome_secundario": null, "localizacao": "RUA MANUEL COELHO DE OLIVEIRA / RUA LUIS PEREIRA LOPES", "tot_domicilio": 3, "areageo_m2": 192.02, "anoimplant": 1980, "propriedade_area": "Pública" }, "geometry": { "type": "MultiPolygon", "coordinates": [ [ [ [ -46.420434670134242, -23.523302394794207 ], [ -46.420473824989891, -23.523442494026323 ], [ -46.420278382924167, -23.523440303752061 ], [ -46.420399726019191, -23.523292124396534 ], [ -46.420432989971175, -23.523294891958631 ], [ -46.420434670134242, -23.523302394794207 ] ] ] ] } },
{ "type": "Feature", "properties": { "id": "habi_nucleo2geosampa.354", "gid": 354, "uuid_id": "e4c1635d-e6ee-4c9a-b2ca-727e26adb643", "nome": "SÃO VICENTE DE MINAS I", "nome_secundario": null, "localizacao": "R SAO VICENTE DE MINAS 29 / R RUY PIROZELLI", "tot_domicilio": 30, "areageo_m2": 1847.24, "anoimplant": 1983, "propriedade_area": "Pública" }, "geometry": { "type": "MultiPolygon", "coordinates": [ [ [ [ -46.483613434162336, -23.489262547592674 ], [ -46.483613327512096, -23.488784065876995 ], [ -46.483854957641583, -23.488958362720918 ], [ -46.48400737576786, -23.489042090686137 ], [ -46.484265877227458, -23.489214643870863 ], [ -46.484254750647573, -23.489256067704375 ], [ -46.48413510918499, -23.489240729800503 ], [ -46.483907540301608, -23.489257171435 ], [ -46.483613434162336, -23.489262547592674 ] ] ] ] } },
{ "type": "Feature", "properties": { "id": "habi_nucleo2geosampa.355", "gid": 355, "uuid_id": "d7cb0b53-56bd-48a7-abe3-6662a9fd57c8", "nome": "MIGUEL LOPES", "nome_secundario": null, "localizacao": "RUA MIGUEL LOPES", "tot_domicilio": 11, "areageo_m2": 1266.66, "anoimplant": 1996, "propriedade_area": "Particular" }, "geometry": { "type": "MultiPolygon", "coordinates": [ [ [ [ -46.764591379842791, -23.666532257407074 ], [ -46.764676147537365, -23.666860650028529 ], [ -46.7642903479544, -23.666853941787906 ], [ -46.764125623746352, -23.666704091381725 ], [ -46.764591379842791, -23.666532257407074 ] ] ] ] } },
{ "type": "Feature", "properties": { "id": "habi_nucleo2geosampa.356", "gid": 356, "uuid_id": "8834767e-9a5b-4190-ac56-07b7e84dd1aa", "nome": "JARDIM BANDEIRANTES", "nome_secundario": null, "localizacao": "RUA JOÃO PONTES DEL REI / RUA GASPAR SARDINHA", "tot_domicilio": 1000, "areageo_m2": 82978.06, "anoimplant": 1989, "propriedade_area": "Pública" }, "geometry": { "type": "MultiPolygon", "coordinates": [ [ [ [ -46.39059708829997, -23.542139965396824 ], [ -46.391067886720478, -23.542547938017183 ], [ -46.391131087189947, -23.542642352668008 ], [ -46.391539609110445, -23.542672747550281 ], [ -46.391720232703776, -23.54247399788543 ], [ -46.392046443279973, -23.542442404188126 ], [ -46.392386560766617, -23.542252989996751 ], [ -46.39265286075851, -23.542436976372649 ], [ -46.392842188618886, -23.542695734349241 ], [ -46.392954024472225, -23.542979080510548 ], [ -46.392973947855417, -23.543394660251746 ], [ -46.392895261072304, -23.543796791071276 ], [ -46.392921385453839, -23.543939931496489 ], [ -46.393017745310317, -23.544107524184788 ], [ -46.39308704563156, -23.5442896958535 ], [ -46.393235861880662, -23.544639610856787 ], [ -46.391196081470575, -23.544385472832612 ], [ -46.391228594679049, -23.544026762491008 ], [ -46.390775898276793, -23.543986604358366 ], [ -46.390729161834656, -23.544346641324839 ], [ -46.388608812488144, -23.543825564997046 ], [ -46.388714296170711, -23.543504439529507 ], [ -46.389776177075007, -23.542448371550513 ], [ -46.39000302177184, -23.542209791076765 ], [ -46.39014716973395, -23.542114118513542 ], [ -46.390394144877298, -23.542064122180193 ], [ -46.39059708829997, -23.542139965396824 ] ] ] ] } },
{ "type": "Feature", "properties": { "id": "habi_nucleo2geosampa.358", "gid": 358, "uuid_id": "8a173baa-443c-3a8f-968e-17c31fe01281", "nome": "CHÁCARA DO CONDE II", "nome_secundario": null, "localizacao": "AVENIDA ANA FELICIA MENDES", "tot_domicilio": 0, "areageo_m2": 111085.43, "anoimplant": 0, "propriedade_area": "Pública" }, "geometry": { "type": "MultiPolygon", "coordinates": [ [ [ [ -46.705022706921795, -23.768521103164634 ], [ -46.705304366021977, -23.767724796122938 ], [ -46.703717164374488, -23.767221481261469 ], [ -46.703267454006514, -23.767094083257682 ], [ -46.70326585763749, -23.767071165034562 ], [ -46.703118018461566, -23.767041019901228 ], [ -46.702931347758941, -23.767039016975172 ], [ -46.702850132657069, -23.767001925081026 ], [ -46.702874308068573, -23.766964626681848 ], [ -46.702540275078626, -23.766999010316574 ], [ -46.702068651329803, -23.766992860770955 ], [ -46.702053196347983, -23.766962211077566 ], [ -46.701398056376838, -23.766927142544102 ], [ -46.701048753985503, -23.76691522220678 ], [ -46.700735743632563, -23.766919386530084 ], [ -46.699800838073543, -23.767049615478818 ], [ -46.69981600416525, -23.767217883756068 ], [ -46.699837916963965, -23.76730604117181 ], [ -46.699910389450203, -23.767789046637912 ], [ -46.699928616839053, -23.767863268059976 ], [ -46.699879961118299, -23.768064372953233 ], [ -46.699875021670259, -23.768213629844968 ], [ -46.699723931138429, -23.768622523895182 ], [ -46.69958145718973, -23.768945432983156 ], [ -46.699642501862186, -23.769248183329506 ], [ -46.699754381823048, -23.769377638408905 ], [ -46.699812567236492, -23.769450344852423 ], [ -46.699799253999011, -23.769524555095899 ], [ -46.700197296915292, -23.770090224286282 ], [ -46.70045960391856, -23.770298775657643 ], [ -46.70057684896917, -23.770231782799481 ], [ -46.701262174590283, -23.770031668044012 ], [ -46.701952207267887, -23.769834365432665 ], [ -46.701695204806875, -23.769055945984082 ], [ -46.701681258843784, -23.769001627054411 ], [ -46.701574060404305, -23.768603581391588 ], [ -46.701589111628707, -23.768563277816824 ], [ -46.702053951469424, -23.768436666619436 ], [ -46.702362829324443, -23.768383985551115 ], [ -46.702911224531363, -23.76823002071168 ], [ -46.703213700204088, -23.7681118712404 ], [ -46.703317957875669, -23.768081917097309 ], [ -46.703581883699506, -23.768135688214823 ], [ -46.703720701011285, -23.768150701555246 ], [ -46.7050052211452, -23.768553788635298 ], [ -46.705022706921795, -23.768521103164634 ] ] ] ] } },
{ "type": "Feature", "properties": { "id": "habi_nucleo2geosampa.359", "gid": 359, "uuid_id": "092f2b7d-e3d1-4614-829e-90b642cae855", "nome": "VILA HORTÊNCIA", "nome_secundario": null, "localizacao": "RUA BARÃO ANTONIO LUIS DE TEFÉ / RUA BARÃO DE GODORIZ", "tot_domicilio": 300, "areageo_m2": 41508.63, "anoimplant": 1990, "propriedade_area": "Sem informação" }, "geometry": { "type": "MultiPolygon", "coordinates": [ [ [ [ -46.412041117630586, -23.565426660104258 ], [ -46.412052583220877, -23.566054124329071 ], [ -46.412281364464064, -23.567452911229527 ], [ -46.412378477954199, -23.568130950073815 ], [ -46.412341954056636, -23.568188628304586 ], [ -46.41215077802682, -23.568086839500211 ], [ -46.411767939831833, -23.567835470843264 ], [ -46.411636744370568, -23.567685341831243 ], [ -46.4114639657097, -23.567686910923655 ], [ -46.411384762661164, -23.567552248443331 ], [ -46.411357320059544, -23.567409146470549 ], [ -46.411019703777789, -23.56734850009115 ], [ -46.410969753916007, -23.567524160522971 ], [ -46.410926808485577, -23.56754843672347 ], [ -46.410900897676534, -23.567548671925785 ], [ -46.410866597240691, -23.567572880644295 ], [ -46.410832551939158, -23.567620973399478 ], [ -46.410825693419127, -23.567788273191741 ], [ -46.410820876683957, -23.568146700353193 ], [ -46.410734583969841, -23.568155442054941 ], [ -46.410738550419808, -23.567717394066996 ], [ -46.410586494176556, -23.567232967331648 ], [ -46.410266508489777, -23.567204015105609 ], [ -46.410054158529299, -23.566736062674416 ], [ -46.410060762936986, -23.566544867788561 ], [ -46.409966267085032, -23.566230750830826 ], [ -46.409391740428028, -23.566192562797546 ], [ -46.409329405108657, -23.566017920883425 ], [ -46.40997535615687, -23.565828886334604 ], [ -46.410105177355433, -23.566174137166783 ], [ -46.410247275213145, -23.566576622856459 ], [ -46.410934655108356, -23.566664361018852 ], [ -46.411045019499319, -23.56539150589364 ], [ -46.412041117630586, -23.565426660104258 ] ] ] ] } },
{ "type": "Feature", "properties": { "id": "habi_nucleo2geosampa.360", "gid": 360, "uuid_id": "386bfec9-1d21-4737-89b3-2f3b172a4289", "nome": "JARDIM BEATRIZ", "nome_secundario": null, "localizacao": "R. MICHEL ALEXANDRE MUTRAN / R. LAJE DE MURIAE", "tot_domicilio": 208, "areageo_m2": 21281.39, "anoimplant": 1975, "propriedade_area": "Pública" }, "geometry": { "type": "MultiPolygon", "coordinates": [ [ [ [ -46.70309781724788, -23.739161491164431 ], [ -46.702988478489871, -23.739187961169826 ], [ -46.702914669596872, -23.739213560351359 ], [ -46.702840631774968, -23.739221553734286 ], [ -46.702737397983896, -23.73904038286015 ], [ -46.702103806377629, -23.738574416704935 ], [ -46.701606452954515, -23.738209909739094 ], [ -46.701634744863448, -23.738132678952752 ], [ -46.701622951714633, -23.738067265546469 ], [ -46.701544919023426, -23.737942615813154 ], [ -46.701459190773484, -23.73781452908279 ], [ -46.701345534525437, -23.73761442834158 ], [ -46.701140164942878, -23.737260413956992 ], [ -46.701275276710668, -23.737191855243879 ], [ -46.701373205095138, -23.737337770920227 ], [ -46.701476594845154, -23.737458778729319 ], [ -46.701548818864254, -23.737547617849803 ], [ -46.701644070040231, -23.737626915757609 ], [ -46.701728265515122, -23.737720615204065 ], [ -46.701852613766633, -23.737793188316459 ], [ -46.701778572304242, -23.737905776896799 ], [ -46.701790208483111, -23.737975710288396 ], [ -46.701852378367334, -23.73801096392452 ], [ -46.702023963249033, -23.737928798011772 ], [ -46.702103335324907, -23.737832936528807 ], [ -46.702150080541998, -23.737738890059486 ], [ -46.702216030380335, -23.737622875098683 ], [ -46.702279120815291, -23.737481163665258 ], [ -46.702499483472366, -23.737342960566455 ], [ -46.702546087160314, -23.737224458590404 ], [ -46.702165076921638, -23.737300207941328 ], [ -46.702226862796962, -23.737147560855682 ], [ -46.702261545719708, -23.7370324290731 ], [ -46.702291656004597, -23.736946355700098 ], [ -46.702333195368446, -23.736856634794826 ], [ -46.702379715251269, -23.736818591665131 ], [ -46.702472689243784, -23.736788605119955 ], [ -46.702547734680017, -23.73684625241382 ], [ -46.702617171050761, -23.736931693871327 ], [ -46.702668735363147, -23.737035131569076 ], [ -46.70270654849773, -23.737107843263622 ], [ -46.702747945100739, -23.737169307965562 ], [ -46.702794317586651, -23.737238840300115 ], [ -46.702839540459387, -23.737331691119373 ], [ -46.702824122293862, -23.737398580655295 ], [ -46.702741318539175, -23.737412676656845 ], [ -46.702805941616617, -23.737644249692742 ], [ -46.70293689607589, -23.737630884285977 ], [ -46.702944659238085, -23.737765783442299 ], [ -46.702966916207103, -23.737948646823909 ], [ -46.702949054805785, -23.738071622767219 ], [ -46.702956208061792, -23.738230347283995 ], [ -46.702964663477488, -23.738368023419966 ], [ -46.70309781724788, -23.739161491164431 ] ] ] ] } },
{ "type": "Feature", "properties": { "id": "habi_nucleo2geosampa.361", "gid": 361, "uuid_id": "48050d0d-fe16-3bb4-af67-12710f32c781", "nome": "JOÃO PAULO I", "nome_secundario": null, "localizacao": "RUA JOÃO PAULO I", "tot_domicilio": 7, "areageo_m2": 1843.81, "anoimplant": 1978, "propriedade_area": "Pública" }, "geometry": { "type": "MultiPolygon", "coordinates": [ [ [ [ -46.683157602691033, -23.472819021934896 ], [ -46.682425633435884, -23.473002532853631 ], [ -46.682510256069676, -23.473241739127637 ], [ -46.683229572227468, -23.472979519174288 ], [ -46.683213397106208, -23.472929519596825 ], [ -46.683157602691033, -23.472819021934896 ] ] ] ] } },
{ "type": "Feature", "properties": { "id": "habi_nucleo2geosampa.362", "gid": 362, "uuid_id": "07963a4a-c5dd-4f26-a1f2-20f5f4d7521a", "nome": "GENERAL VIEIRA DA ROSA", "nome_secundario": null, "localizacao": "RUA GENERAL VIEIRA DA ROSA", "tot_domicilio": 19, "areageo_m2": 1254.22, "anoimplant": 1975, "propriedade_area": "Particular" }, "geometry": { "type": "MultiPolygon", "coordinates": [ [ [ [ -46.777504337739238, -23.673249923382539 ], [ -46.777679251428715, -23.673118560758308 ], [ -46.777765806926269, -23.673039463741603 ], [ -46.777830747744282, -23.673083173884308 ], [ -46.777912154750645, -23.673154214605038 ], [ -46.777921440557556, -23.673160458854412 ], [ -46.77799118192334, -23.673218932101214 ], [ -46.778054086695249, -23.673281717689317 ], [ -46.777867849598735, -23.673446858726749 ], [ -46.777818875927196, -23.673394497891852 ], [ -46.77777711127375, -23.673365340364658 ], [ -46.777763266096862, -23.673361265386387 ], [ -46.777737927023523, -23.673357322332297 ], [ -46.777701106002283, -23.673353511059293 ], [ -46.777655256911508, -23.673362505076653 ], [ -46.777504337739238, -23.673249923382539 ] ] ] ] } },
{ "type": "Feature", "properties": { "id": "habi_nucleo2geosampa.363", "gid": 363, "uuid_id": "8b1b3989-f662-414f-a195-269a441b7e38", "nome": "NOVA JAGUARÉ", "nome_secundario": "JAGUARÉ", "localizacao": "AVENIDA JOSÉ MARIA DA SILVA", "tot_domicilio": 4500, "areageo_m2": 161938.57, "anoimplant": 1965, "propriedade_area": "Pública" }, "geometry": { "type": "MultiPolygon", "coordinates": [ [ [ [ -46.743109663322301, -23.540254515458926 ], [ -46.743551329201487, -23.541230809655808 ], [ -46.743557848742249, -23.54130662318153 ], [ -46.74354891670599, -23.541389777439754 ], [ -46.743520830312903, -23.541488347885132 ], [ -46.743479963635224, -23.541561019539756 ], [ -46.743429542444453, -23.541616596196121 ], [ -46.743329444577753, -23.54168198972593 ], [ -46.743192847894022, -23.541683526079773 ], [ -46.743089371431218, -23.541647836460676 ], [ -46.743010523180068, -23.541593235202527 ], [ -46.742950093916285, -23.541502187639601 ], [ -46.742870880306569, -23.541376753466842 ], [ -46.742771740329538, -23.541273045110938 ], [ -46.742682068074892, -23.541193872577182 ], [ -46.742574042885678, -23.541137841707844 ], [ -46.742512879383646, -23.541117790640943 ], [ -46.74244879557164, -23.541112107335948 ], [ -46.742322333663772, -23.541112189599001 ], [ -46.742229988671184, -23.541130426034467 ], [ -46.742154769645282, -23.541177140754233 ], [ -46.742075188894489, -23.541246840409954 ], [ -46.741990952282727, -23.541347290916192 ], [ -46.741942974272106, -23.541424818419898 ], [ -46.741916760774643, -23.541502102177546 ], [ -46.74189138180968, -23.541617245600236 ], [ -46.741876030069676, -23.54182679892293 ], [ -46.741882140826242, -23.542013175771121 ], [ -46.74190438910594, -23.542132016209351 ], [ -46.741996951748824, -23.542353944220672 ], [ -46.742087820257723, -23.542544685229288 ], [ -46.742214898749097, -23.542769424753867 ], [ -46.742408928256609, -23.543094269503882 ], [ -46.742487023323953, -23.543236834627407 ], [ -46.742579306274287, -23.543336190887736 ], [ -46.742678371465928, -23.543390293304228 ], [ -46.742797514716784, -23.543434136130614 ], [ -46.742919191452359, -23.543449130890316 ], [ -46.743126004786276, -23.543442807524997 ], [ -46.743405564535315, -23.54341129887802 ], [ -46.744035890552254, -23.543760596589568 ], [ -46.744085065985807, -23.543858708298494 ], [ -46.744110657183072, -23.543937015371931 ], [ -46.744115649171256, -23.544055448270957 ], [ -46.744078707780027, -23.544189649270102 ], [ -46.744037427956542, -23.544295710197279 ], [ -46.744020521293486, -23.544396004493006 ], [ -46.74402823839204, -23.544493276012798 ], [ -46.744045207749551, -23.544584709756609 ], [ -46.744113020785214, -23.544732154963551 ], [ -46.744174634293358, -23.544881103161416 ], [ -46.744227029177893, -23.54508948298637 ], [ -46.744246555775142, -23.545196620194719 ], [ -46.744252146835827, -23.545287506737655 ], [ -46.744260654240051, -23.545481572980606 ], [ -46.744304996993236, -23.545514857823516 ], [ -46.744355171122493, -23.545532619672819 ], [ -46.744367283854338, -23.545736602871351 ], [ -46.744369694131748, -23.5457944773202 ], [ -46.744333934165262, -23.545825793553107 ], [ -46.744425421602578, -23.546116891555059 ], [ -46.744447202618346, -23.546192312049847 ], [ -46.744532490710583, -23.546697856191503 ], [ -46.744466324615928, -23.546802284197074 ], [ -46.744321419114598, -23.547002740179806 ], [ -46.744217581628817, -23.547133927187552 ], [ -46.743977257781737, -23.547396667149922 ], [ -46.743780522908544, -23.547604444812595 ], [ -46.743512215203943, -23.547808724172729 ], [ -46.743305620218365, -23.547942887687622 ], [ -46.743186479377812, -23.547752098356785 ], [ -46.743085525849658, -23.547590423456711 ], [ -46.742982447158262, -23.547483860749352 ], [ -46.742883492590991, -23.547372337011421 ], [ -46.742840506632987, -23.547260185984882 ], [ -46.742651561864683, -23.546701392227863 ], [ -46.742505828665116, -23.54651072819253 ], [ -46.742364067333611, -23.546516202791217 ], [ -46.742180590190387, -23.546548931778105 ], [ -46.742286391722246, -23.546924001955393 ], [ -46.742348885306036, -23.547131498616505 ], [ -46.742406356084985, -23.547311814893124 ], [ -46.742521973333858, -23.547625372989948 ], [ -46.742663713381752, -23.548033249638461 ], [ -46.74285033768183, -23.548414222053733 ], [ -46.742767983390898, -23.548618032111843 ], [ -46.74264303640863, -23.548736309077228 ], [ -46.7421143672358, -23.547260094400169 ], [ -46.742043986761495, -23.547277182965985 ], [ -46.741587725149891, -23.545936761815273 ], [ -46.741142411547862, -23.542349325776581 ], [ -46.741157050592385, -23.541891769937791 ], [ -46.741168353989828, -23.541591987683201 ], [ -46.741253717289723, -23.541293877354498 ], [ -46.741537436921782, -23.540950989287769 ], [ -46.742211965754635, -23.540374362861932 ], [ -46.742347712384912, -23.540477468720695 ], [ -46.742538711459673, -23.540454174144156 ], [ -46.742586536251189, -23.540421015272514 ], [ -46.742663580960929, -23.540358728607806 ], [ -46.742722344556469, -23.540403681934993 ], [ -46.742795829563583, -23.540333985137917 ], [ -46.74282483391751, -23.540349841447423 ], [ -46.742896801629925, -23.540260983035783 ], [ -46.742966178166334, -23.540296434628342 ], [ -46.743109663322301, -23.540254515458926 ] ] ] ] } },
{ "type": "Feature", "properties": { "id": "habi_nucleo2geosampa.364", "gid": 364, "uuid_id": "0cd439b1-9cf3-4222-96ec-551704435ea5", "nome": "SÃO SEVERO", "nome_secundario": null, "localizacao": "RUA ARICA MIRIM / RUA SÃO SEVERO", "tot_domicilio": 20, "areageo_m2": 1399.46, "anoimplant": 1967, "propriedade_area": "Pública" }, "geometry": { "type": "MultiPolygon", "coordinates": [ [ [ [ -46.493409065467887, -23.523524079711656 ], [ -46.493444210058158, -23.523596104638639 ], [ -46.493006295577175, -23.523907839376744 ], [ -46.492768251538536, -23.5236749510956 ], [ -46.493002826487192, -23.523600339059392 ], [ -46.493306069267824, -23.523525067893814 ], [ -46.493409065467887, -23.523524079711656 ] ] ] ] } },
{ "type": "Feature", "properties": { "id": "habi_nucleo2geosampa.365", "gid": 365, "uuid_id": "f51354f5-eb75-319b-adee-5b8ee1dcc942", "nome": "LUA DE SÃO JORGE", "nome_secundario": null, "localizacao": "RUA LUA DE SÃO JORGE, 44 F", "tot_domicilio": 10, "areageo_m2": 862.8, "anoimplant": 1994, "propriedade_area": "Pública" }, "geometry": { "type": "MultiPolygon", "coordinates": [ [ [ [ -46.72493220053309, -23.436213195276615 ], [ -46.724584686788582, -23.436570640558266 ], [ -46.724725887727978, -23.43667659534902 ], [ -46.724866421979982, -23.436531688925108 ], [ -46.72497342310011, -23.436396709888037 ], [ -46.72497732966356, -23.436298708559381 ], [ -46.72493220053309, -23.436213195276615 ] ] ] ] } },
{ "type": "Feature", "properties": { "id": "habi_nucleo2geosampa.366", "gid": 366, "uuid_id": "410438cf-c88b-4896-a16b-ed2f716df6da", "nome": "ALVARO DOS SANTOS II", "nome_secundario": null, "localizacao": "R ALVARO DOS SANTOS / R ITAMONTE", "tot_domicilio": 5, "areageo_m2": 321.48, "anoimplant": 1988, "propriedade_area": "Particular" }, "geometry": { "type": "MultiPolygon", "coordinates": [ [ [ [ -46.568530521027839, -23.484038115670103 ], [ -46.568627968041497, -23.48389925982746 ], [ -46.568763080979906, -23.483962973849373 ], [ -46.568763429183896, -23.483992403351351 ], [ -46.568699345041836, -23.484112321442169 ], [ -46.568530521027839, -23.484038115670103 ] ] ] ] } },
{ "type": "Feature", "properties": { "id": "habi_nucleo2geosampa.367", "gid": 367, "uuid_id": "c3d2a850-4866-46ae-a343-80d9370ce109", "nome": "ARCHELAOS DE PRIENE", "nome_secundario": null, "localizacao": "RUA ARCHELAOS DE PRIENE", "tot_domicilio": 46, "areageo_m2": 1957.61, "anoimplant": 1977, "propriedade_area": "Pública" }, "geometry": { "type": "MultiPolygon", "coordinates": [ [ [ [ -46.786968468655012, -23.589651868896169 ], [ -46.786992648066636, -23.589650326507247 ], [ -46.78717588000076, -23.58968036401529 ], [ -46.787524477202986, -23.589730620970503 ], [ -46.787743590459087, -23.589740559896143 ], [ -46.787773336482346, -23.589744912953826 ], [ -46.787790365216949, -23.589750946342559 ], [ -46.787746653742822, -23.589785854081466 ], [ -46.787722226782492, -23.589805278384137 ], [ -46.787695666680008, -23.589826352597001 ], [ -46.787669114645063, -23.589847524675942 ], [ -46.787582733987357, -23.589916227280966 ], [ -46.787556821812672, -23.589936606992072 ], [ -46.787522726038141, -23.589963954361007 ], [ -46.787475339946624, -23.590001628187405 ], [ -46.787398275802694, -23.590065688921094 ], [ -46.78735141742898, -23.590104633910332 ], [ -46.787283594950289, -23.590037516070016 ], [ -46.787242696393385, -23.589998255753226 ], [ -46.787209398005579, -23.589992047224765 ], [ -46.787164132576493, -23.589970354897844 ], [ -46.787147879675885, -23.589956726380588 ], [ -46.787132094786209, -23.589927019480744 ], [ -46.787114747163805, -23.589832587092438 ], [ -46.787107039088419, -23.589813261781277 ], [ -46.787095833746939, -23.589796143859168 ], [ -46.786969771274755, -23.589668468690473 ], [ -46.78696464558552, -23.589658956109204 ], [ -46.786968468655012, -23.589651868896169 ] ] ] ] } },
{ "type": "Feature", "properties": { "id": "habi_nucleo2geosampa.368", "gid": 368, "uuid_id": "419b635f-ad72-4a4e-8d6d-07fc3e6e04c3", "nome": "SERRA DE ITABAIANA", "nome_secundario": null, "localizacao": "RUA SERRA DE ITABAIANA", "tot_domicilio": 200, "areageo_m2": 9939.53, "anoimplant": 1970, "propriedade_area": "Particular" }, "geometry": { "type": "MultiPolygon", "coordinates": [ [ [ [ -46.5149528510537, -23.613343130242228 ], [ -46.514978008594348, -23.613497991619287 ], [ -46.514988153279774, -23.613566830235431 ], [ -46.515016693227714, -23.613609633533102 ], [ -46.515087225115089, -23.613643413809918 ], [ -46.515050806874719, -23.613729938637331 ], [ -46.514981227991797, -23.613778014558925 ], [ -46.514752288812296, -23.613793171611157 ], [ -46.514537471041685, -23.613816814604668 ], [ -46.514247550178162, -23.613815334357458 ], [ -46.513924864890448, -23.61380986389528 ], [ -46.513574061518561, -23.613800363201282 ], [ -46.513433554480592, -23.613780186997737 ], [ -46.513296938024432, -23.613691040551323 ], [ -46.51313609423628, -23.613528883211043 ], [ -46.512885396175257, -23.613277128466915 ], [ -46.512771500190425, -23.613131744714117 ], [ -46.512938232961361, -23.612992249542028 ], [ -46.513070376154559, -23.613098671634091 ], [ -46.513301243891959, -23.61325152771748 ], [ -46.513527095659036, -23.613374272802734 ], [ -46.513658596462825, -23.613424696324163 ], [ -46.513747721413175, -23.613449677302604 ], [ -46.513878727351319, -23.613457012533708 ], [ -46.514158849788551, -23.613419816480445 ], [ -46.514429421698431, -23.613365470452617 ], [ -46.514718982970905, -23.613336794375424 ], [ -46.514793788579546, -23.613336064258977 ], [ -46.514873412911278, -23.613348214944494 ], [ -46.5149528510537, -23.613343130242228 ] ] ] ] } },
{ "type": "Feature", "properties": { "id": "habi_nucleo2geosampa.420", "gid": 420, "uuid_id": "f28d7da3-d250-4566-9b71-f05056a482ef", "nome": "NICOLO DI PIETRO", "nome_secundario": null, "localizacao": "RUA NICOLO DI PIETRO", "tot_domicilio": 14, "areageo_m2": 728.93, "anoimplant": 1971, "propriedade_area": "Pública" }, "geometry": { "type": "MultiPolygon", "coordinates": [ [ [ [ -46.791698914088599, -23.68166972447623 ], [ -46.791717106747804, -23.681530739753889 ], [ -46.791722043560384, -23.6814511185908 ], [ -46.791747330233349, -23.681389765434702 ], [ -46.791780848222743, -23.681343119398491 ], [ -46.791816701663876, -23.681320500614568 ], [ -46.791873157364471, -23.681334650029161 ], [ -46.792069340280939, -23.681430446819746 ], [ -46.791711045927393, -23.681675135244252 ], [ -46.791698914088599, -23.68166972447623 ] ] ] ] } },
{ "type": "Feature", "properties": { "id": "habi_nucleo2geosampa.369", "gid": 369, "uuid_id": "60d55736-a84c-4640-88e1-9d4878528fc5", "nome": "JARDIM NOVO ORIENTE II", "nome_secundario": "NELSON BRISSAC", "localizacao": "RUA NELSON BRISSAC 37", "tot_domicilio": 61, "areageo_m2": 3491.71, "anoimplant": 1978, "propriedade_area": "Pública" }, "geometry": { "type": "MultiPolygon", "coordinates": [ [ [ [ -46.754661493901843, -23.638707557641844 ], [ -46.754743747626506, -23.638643982301438 ], [ -46.754856036301845, -23.638566146919914 ], [ -46.75495341212148, -23.638502403085099 ], [ -46.755032494241057, -23.638484107221043 ], [ -46.755107987359814, -23.63847977202812 ], [ -46.755213701057272, -23.638475094716188 ], [ -46.755223889453106, -23.638472247099124 ], [ -46.755396525879874, -23.638477529529624 ], [ -46.755530563757368, -23.638472392322782 ], [ -46.755665026525811, -23.638443088842219 ], [ -46.755786972121236, -23.638409487431634 ], [ -46.755995697543518, -23.638326577762069 ], [ -46.756049496136058, -23.638443786178783 ], [ -46.755749786440887, -23.638571003396077 ], [ -46.755445602237359, -23.638707352712331 ], [ -46.755141136888433, -23.638823566055279 ], [ -46.754915268904597, -23.63890707855948 ], [ -46.754801970404692, -23.638719821732845 ], [ -46.75457115678455, -23.638764075451878 ], [ -46.754661493901843, -23.638707557641844 ] ] ] ] } },
{ "type": "Feature", "properties": { "id": "habi_nucleo2geosampa.370", "gid": 370, "uuid_id": "de58216e-a5ca-471b-a33b-33b4c89c1001", "nome": "VINTE", "nome_secundario": "NOSSA SENHORA DO OUTEIRO", "localizacao": "RUA DOUTOR PAULO DE BARROS WHITAKER", "tot_domicilio": 478, "areageo_m2": 33675.8, "anoimplant": 1954, "propriedade_area": "Pública/Particular" }, "geometry": { "type": "MultiPolygon", "coordinates": [ [ [ [ -46.695171814392822, -23.717847130013933 ], [ -46.695144967289004, -23.717840812680336 ], [ -46.695874109227631, -23.717212527807753 ], [ -46.695942802144977, -23.717118146544635 ], [ -46.69626447035148, -23.716435809464372 ], [ -46.696145380192675, -23.716310459576693 ], [ -46.695884296508567, -23.716092513899174 ], [ -46.69575867457884, -23.715942069847404 ], [ -46.695784178719272, -23.715933323101606 ], [ -46.695779087974614, -23.715924911774877 ], [ -46.695428366320577, -23.715588379837513 ], [ -46.695302098655773, -23.715453644400821 ], [ -46.695607027035365, -23.715142328499176 ], [ -46.695900867215087, -23.715448864020011 ], [ -46.696102013363841, -23.715685981843695 ], [ -46.696411613902889, -23.716018717882545 ], [ -46.697085755020801, -23.716543836343352 ], [ -46.697378758314429, -23.716684692923192 ], [ -46.697362775606564, -23.716864505213 ], [ -46.697507515290539, -23.717047578257944 ], [ -46.69766513685849, -23.717141988848162 ], [ -46.69838227780135, -23.717526872904649 ], [ -46.698435453711319, -23.717675366186697 ], [ -46.69873877579365, -23.717886590630382 ], [ -46.698711770730405, -23.71795099400779 ], [ -46.69747650962303, -23.717271023188346 ], [ -46.696660141460555, -23.717543312276941 ], [ -46.69684072790259, -23.717746145157605 ], [ -46.696258128343935, -23.717910534191159 ], [ -46.696329395047393, -23.718015083120164 ], [ -46.696190494991669, -23.718086829562086 ], [ -46.695772536374747, -23.717988483192492 ], [ -46.69577160283044, -23.718004192205935 ], [ -46.69522030333011, -23.717877391999526 ], [ -46.695171885361752, -23.717852619122251 ], [ -46.695171814392822, -23.717847130013933 ] ] ] ] } },
{ "type": "Feature", "properties": { "id": "habi_nucleo2geosampa.371", "gid": 371, "uuid_id": "942a5d85-6999-4497-953c-e95b0caabaae", "nome": "ARNALDO MAGALHÃES DE GIÁCOMO", "nome_secundario": null, "localizacao": "RUA EDITOR ARNALDO MAGALHÃES DE GIACOMO / RUA SALVADOR JOSÉ", "tot_domicilio": 6, "areageo_m2": 454.79, "anoimplant": 1975, "propriedade_area": "Pública" }, "geometry": { "type": "MultiPolygon", "coordinates": [ [ [ [ -46.702569770860748, -23.467980730719198 ], [ -46.702980122184222, -23.467869419058744 ], [ -46.703006403417078, -23.467911881733066 ], [ -46.702633170559501, -23.468108243569738 ], [ -46.702569770860748, -23.467980730719198 ] ] ] ] } },
{ "type": "Feature", "properties": { "id": "habi_nucleo2geosampa.372", "gid": 372, "uuid_id": "90d58485-9a43-4aab-8e61-ecefef76fc69", "nome": "JARDIM ALEXANDRINA / JARDIM GUSTAVO", "nome_secundario": "JARDIM GUSTAVO", "localizacao": "R JOSE MADEIRA DE FREITAS / R JOSE JORGE DUARTE", "tot_domicilio": 259, "areageo_m2": 22969.32, "anoimplant": 1972, "propriedade_area": "Pública" }, "geometry": { "type": "MultiPolygon", "coordinates": [ [ [ [ -46.753454605756545, -23.683723003267023 ], [ -46.75344328822667, -23.683722132306478 ], [ -46.753386521653894, -23.683745866052572 ], [ -46.753382356956145, -23.683757419852704 ], [ -46.753384022779073, -23.683764869966794 ], [ -46.753378283871164, -23.683775835252526 ], [ -46.753342523039912, -23.683792893828329 ], [ -46.753281097522525, -23.683841124883855 ], [ -46.753257995112968, -23.683805496660721 ], [ -46.753221442043426, -23.683739138860176 ], [ -46.753029758556771, -23.683897441370764 ], [ -46.752920484818262, -23.683119208643301 ], [ -46.753019892579346, -23.683078152922999 ], [ -46.75298855877768, -23.682942301220397 ], [ -46.752777471753319, -23.683010353243908 ], [ -46.752801870726159, -23.683091290158256 ], [ -46.752670837826628, -23.68314394483555 ], [ -46.752595016546394, -23.683175813524009 ], [ -46.752571348849258, -23.683207091869619 ], [ -46.752467585140053, -23.683229111377198 ], [ -46.752404084187525, -23.683132855878789 ], [ -46.75223079034776, -23.682859098205906 ], [ -46.752026695118786, -23.682521354424527 ], [ -46.751903890509752, -23.682292978099369 ], [ -46.751785100401371, -23.682189875824353 ], [ -46.751322428071298, -23.682142113159031 ], [ -46.751228344972958, -23.681997329082282 ], [ -46.751329975473077, -23.681910715497217 ], [ -46.751527507231948, -23.681805581043321 ], [ -46.751516982215314, -23.68130309489198 ], [ -46.751558440547264, -23.681257831304535 ], [ -46.751889795197087, -23.681516229072685 ], [ -46.751837146972846, -23.681554532417962 ], [ -46.751876914185679, -23.68164109288087 ], [ -46.752051506791069, -23.681738668075361 ], [ -46.752214807464881, -23.681661148135341 ], [ -46.753166965978423, -23.681222705952624 ], [ -46.753333341792342, -23.681763626325431 ], [ -46.752401660883095, -23.681971858840146 ], [ -46.752656906421592, -23.682483901924325 ], [ -46.752798977204982, -23.682676370595477 ], [ -46.753067319211041, -23.682657679363732 ], [ -46.753203475846945, -23.683048992002018 ], [ -46.753382566695507, -23.6834065412482 ], [ -46.753311614023723, -23.683440531945852 ], [ -46.753259196025503, -23.683467450092252 ], [ -46.753357885661828, -23.68363505689047 ], [ -46.753456024511571, -23.68359514140797 ], [ -46.753490643170103, -23.683681188363952 ], [ -46.753480457991536, -23.683696005167054 ], [ -46.753454605756545, -23.683723003267023 ] ] ] ] } },
{ "type": "Feature", "properties": { "id": "habi_nucleo2geosampa.373", "gid": 373, "uuid_id": "9c367965-ce3c-4a3b-8e83-806104043bf6", "nome": "PARQUE NOVO SANTO AMARO VII", "nome_secundario": null, "localizacao": "RUA DAS TRÊS MARIAS", "tot_domicilio": 255, "areageo_m2": 47791.04, "anoimplant": 1980, "propriedade_area": "Pública" }, "geometry": { "type": "MultiPolygon", "coordinates": [ [ [ [ -46.791204696291508, -23.701746856499788 ], [ -46.791145636958369, -23.701821150119859 ], [ -46.791079647549786, -23.701920005264537 ], [ -46.790938753662928, -23.701856850585862 ], [ -46.790458945087423, -23.701549188052894 ], [ -46.789182978316923, -23.700655983426188 ], [ -46.788187354146636, -23.69995135147283 ], [ -46.787628109277954, -23.699676472127273 ], [ -46.787334943828434, -23.699564763221765 ], [ -46.787056883940636, -23.699542399270669 ], [ -46.78687602734098, -23.69951891110248 ], [ -46.786750193190173, -23.699456421944905 ], [ -46.786564984790274, -23.699113278889406 ], [ -46.786299767705586, -23.699014034220816 ], [ -46.786158829932099, -23.698862201641941 ], [ -46.786058668709934, -23.698645957625576 ], [ -46.786099804910144, -23.698607118727754 ], [ -46.786563159826393, -23.69831393904601 ], [ -46.786750674085255, -23.698471722828952 ], [ -46.787116041069147, -23.698787210212416 ], [ -46.787452070050072, -23.698987940385646 ], [ -46.787675629433103, -23.699087664244619 ], [ -46.787848436705026, -23.699081774667839 ], [ -46.787970356358024, -23.698988996409277 ], [ -46.788079929393369, -23.698951217466497 ], [ -46.788195029112224, -23.69896406417832 ], [ -46.788333886627065, -23.69903650287873 ], [ -46.788443116471164, -23.699019937427405 ], [ -46.788571800592834, -23.699027798023725 ], [ -46.788722441839674, -23.699069403453642 ], [ -46.788844203536208, -23.699168775322772 ], [ -46.789018680955181, -23.699207671098371 ], [ -46.789085903312383, -23.699233720399747 ], [ -46.789154181666468, -23.699377447453632 ], [ -46.78923756289884, -23.699506913597713 ], [ -46.789305197796253, -23.699788121278797 ], [ -46.789537958846303, -23.700001530861332 ], [ -46.789650204974699, -23.700292510892492 ], [ -46.789818223108391, -23.700392873760453 ], [ -46.790208401207884, -23.700533477759087 ], [ -46.790449683007253, -23.70076717177243 ], [ -46.790577640881544, -23.701087440353049 ], [ -46.790883328056722, -23.701143300173396 ], [ -46.791121533987862, -23.70129854414996 ], [ -46.791238943530033, -23.701515429505971 ], [ -46.79121035553225, -23.701612860530773 ], [ -46.791204696291508, -23.701746856499788 ] ] ] ] } },
{ "type": "Feature", "properties": { "id": "habi_nucleo2geosampa.374", "gid": 374, "uuid_id": "0b1556b7-5d6d-4a64-aa67-91e0271d32ec", "nome": "AMAPORÃ", "nome_secundario": "MANUEL DE LINHARES", "localizacao": "RUA MANUEL DE LINHARES / RUA AMAPORÃ", "tot_domicilio": 28, "areageo_m2": 2028.94, "anoimplant": 1986, "propriedade_area": "Pública" }, "geometry": { "type": "MultiPolygon", "coordinates": [ [ [ [ -46.410769125441035, -23.508255706906496 ], [ -46.410789031771216, -23.508599426279478 ], [ -46.410620675210332, -23.508615547768152 ], [ -46.410582304674215, -23.508886190287818 ], [ -46.410485303971441, -23.508881396493425 ], [ -46.410525796400108, -23.508549690284493 ], [ -46.410279552055492, -23.508584925362864 ], [ -46.410272510778412, -23.508319337899881 ], [ -46.410769125441035, -23.508255706906496 ] ] ] ] } },
{ "type": "Feature", "properties": { "id": "habi_nucleo2geosampa.375", "gid": 375, "uuid_id": "049a645e-d987-3f45-81f7-f132763ad33f", "nome": "MUTIRÃO PARANAPANEMA", "nome_secundario": null, "localizacao": "RUA MARIA SILVINA TAVARES", "tot_domicilio": 246, "areageo_m2": 22618.63, "anoimplant": 1990, "propriedade_area": "Pública" }, "geometry": { "type": "MultiPolygon", "coordinates": [ [ [ [ -46.778298704913716, -23.688921572526521 ], [ -46.777774163589235, -23.688808141797494 ], [ -46.777331595118341, -23.689614052187498 ], [ -46.777220439186934, -23.689835126192122 ], [ -46.777049005709742, -23.690969530945377 ], [ -46.776962997102018, -23.69151523463778 ], [ -46.776929513291691, -23.69210811746586 ], [ -46.77721046014873, -23.692164141919775 ], [ -46.777318652430239, -23.692183923825596 ], [ -46.777372580396921, -23.692181393328685 ], [ -46.77740757328182, -23.692159967388584 ], [ -46.777448713968845, -23.692132736991741 ], [ -46.777470971314727, -23.692090433145122 ], [ -46.777482345571464, -23.691704222978338 ], [ -46.777452465609144, -23.691643404964523 ], [ -46.777377346617932, -23.691613686954746 ], [ -46.777331615946288, -23.691608478181372 ], [ -46.777306662536475, -23.691604942122055 ], [ -46.77734331645086, -23.691552916569133 ], [ -46.777756501518155, -23.690645801912005 ], [ -46.77788612660752, -23.690409259320255 ], [ -46.777933004981186, -23.690192745711308 ], [ -46.777956327657243, -23.690075889457859 ], [ -46.77794063725392, -23.689990061841041 ], [ -46.777939244908715, -23.689887250698156 ], [ -46.77799110145763, -23.689731841017924 ], [ -46.778008742202729, -23.689655187002433 ], [ -46.77805956579698, -23.68942351861968 ], [ -46.778068311985933, -23.689366079609858 ], [ -46.778218841214567, -23.689140730236268 ], [ -46.77825694802484, -23.689042816972918 ], [ -46.778298704913716, -23.688921572526521 ] ] ] ] } },
{ "type": "Feature", "properties": { "id": "habi_nucleo2geosampa.376", "gid": 376, "uuid_id": "e6db9031-6b2c-40bf-b967-6f90d3206598", "nome": "PRESIDENTE JORDANÓPOLIS", "nome_secundario": null, "localizacao": "R CASTEL GANDOLFO 605", "tot_domicilio": 650, "areageo_m2": 40114.07, "anoimplant": 1964, "propriedade_area": "Pública" }, "geometry": { "type": "MultiPolygon", "coordinates": [ [ [ [ -46.702358020314222, -23.732723253024648 ], [ -46.702220739672185, -23.732933410774102 ], [ -46.70211936957147, -23.73289712756759 ], [ -46.702003905053616, -23.732785001080401 ], [ -46.702020963286387, -23.732685888788531 ], [ -46.702024015868894, -23.732670545445671 ], [ -46.7020750993142, -23.732313737121864 ], [ -46.702077990598013, -23.732299341137864 ], [ -46.702083835268219, -23.732260089865644 ], [ -46.702084667997589, -23.732243664826047 ], [ -46.702096829150662, -23.732171148100129 ], [ -46.702106335203069, -23.7320841645722 ], [ -46.702109630049129, -23.732052438203251 ], [ -46.702111382310051, -23.732020476928927 ], [ -46.702087703982919, -23.731940826495972 ], [ -46.702058320500605, -23.731857766374745 ], [ -46.702013439366716, -23.731743608012231 ], [ -46.701949117140749, -23.731556638460539 ], [ -46.701928033603046, -23.731491656132064 ], [ -46.70191147135759, -23.731447676403679 ], [ -46.701880447638594, -23.731383746718723 ], [ -46.701817194223409, -23.731308004346015 ], [ -46.701831277079727, -23.731021227028638 ], [ -46.701831186892313, -23.731014283114252 ], [ -46.701785633194355, -23.731009634101603 ], [ -46.70173328290786, -23.731006799903408 ], [ -46.701394109238407, -23.730986076879251 ], [ -46.701344944686646, -23.730977933953501 ], [ -46.701363305629272, -23.730793591183364 ], [ -46.701394977247134, -23.730761973776016 ], [ -46.701542194337556, -23.730739507696224 ], [ -46.701674876552715, -23.730730746313863 ], [ -46.701720949133417, -23.730734230601463 ], [ -46.701840223395557, -23.730709819402243 ], [ -46.701986896827599, -23.730717244850013 ], [ -46.702001928185396, -23.730718140686118 ], [ -46.702007564029557, -23.730710066861604 ], [ -46.702025930469482, -23.730671645336219 ], [ -46.701990436136413, -23.730553911107805 ], [ -46.701949078739332, -23.730420601472868 ], [ -46.70190595159071, -23.73029600076897 ], [ -46.701825087088388, -23.730171815441949 ], [ -46.701819365374391, -23.730166666949692 ], [ -46.701678010834769, -23.730034463397793 ], [ -46.701502770119298, -23.729907838604657 ], [ -46.701394170063594, -23.729827389069122 ], [ -46.701251745432529, -23.729757734602224 ], [ -46.701082954679904, -23.729691842576653 ], [ -46.701188465251462, -23.729534337295576 ], [ -46.701257284816762, -23.729499600744397 ], [ -46.70126889780326, -23.729489127234796 ], [ -46.701385876779256, -23.729334128850827 ], [ -46.701235526673514, -23.729235026174646 ], [ -46.701272694101753, -23.729191186383296 ], [ -46.701173323170494, -23.729095000664476 ], [ -46.701024265606527, -23.728945761294593 ], [ -46.701004382394707, -23.728923204369025 ], [ -46.700733713217254, -23.728662072629202 ], [ -46.700663206315213, -23.728608994376614 ], [ -46.700579677257963, -23.728569960266299 ], [ -46.700235835554771, -23.728537261352699 ], [ -46.69974360859915, -23.72846243647999 ], [ -46.699693444963096, -23.727995737856904 ], [ -46.700012596960114, -23.728222792599201 ], [ -46.700247392130805, -23.728041601015299 ], [ -46.700353658992562, -23.728159809634619 ], [ -46.700470240397962, -23.728279320955654 ], [ -46.700560285640321, -23.728384293731835 ], [ -46.700707020764938, -23.728495598867234 ], [ -46.700888059923308, -23.728632578372977 ], [ -46.701044474859373, -23.728762883595653 ], [ -46.701147391261216, -23.728841656975138 ], [ -46.701154232376801, -23.728845611481919 ], [ -46.701315064958955, -23.728966626546104 ], [ -46.701442916206062, -23.729076399709136 ], [ -46.701528762995366, -23.729148415688183 ], [ -46.701666361644378, -23.729282399767317 ], [ -46.701673321071233, -23.729289606168923 ], [ -46.701771677290779, -23.729396458871964 ], [ -46.701781190803921, -23.729390678195411 ], [ -46.701954659613357, -23.729251430091484 ], [ -46.702161168355815, -23.729025063196559 ], [ -46.702250509453478, -23.728930273007599 ], [ -46.702388056709133, -23.728914863150081 ], [ -46.702576475865975, -23.728893681515448 ], [ -46.702749436616081, -23.728844873519545 ], [ -46.702879254482554, -23.728815647416518 ], [ -46.702995841203716, -23.72878483345367 ], [ -46.70308615219087, -23.728764731779961 ], [ -46.703140711007691, -23.728751968861566 ], [ -46.703279847085035, -23.728713955829733 ], [ -46.703394618670949, -23.728688373041386 ], [ -46.703451105213837, -23.72867906125337 ], [ -46.703492833329612, -23.728695974931508 ], [ -46.703519747165998, -23.728733897722631 ], [ -46.703526016744718, -23.728780731921269 ], [ -46.703520695481473, -23.728806847932958 ], [ -46.703483906771979, -23.728880213912568 ], [ -46.703384728971223, -23.728943844290132 ], [ -46.703129812562565, -23.729075200412801 ], [ -46.702681814911898, -23.729359089214242 ], [ -46.702555216824763, -23.729435909193917 ], [ -46.702452396217396, -23.729510002086275 ], [ -46.702346187723933, -23.729613662075511 ], [ -46.702185989795218, -23.729773509167494 ], [ -46.702152503597873, -23.729810358180274 ], [ -46.702147651783555, -23.729816522004597 ], [ -46.702169906257588, -23.729843168940011 ], [ -46.702216066227948, -23.729910409926287 ], [ -46.702262767773355, -23.730019336759803 ], [ -46.702264949780378, -23.730041897631782 ], [ -46.702266916770348, -23.730048826453075 ], [ -46.702294733088465, -23.730156222204144 ], [ -46.702335774773793, -23.730265211313881 ], [ -46.702386225403693, -23.730372363317375 ], [ -46.702428885120064, -23.730460488679242 ], [ -46.702456357205534, -23.730541830798444 ], [ -46.70248194216736, -23.730654292299626 ], [ -46.702482882552594, -23.73066808347054 ], [ -46.702485409050361, -23.730744758453344 ], [ -46.702475623590388, -23.730862996662413 ], [ -46.702470906802162, -23.730958503321769 ], [ -46.702472374528419, -23.731028378192622 ], [ -46.702477142562728, -23.73112528721472 ], [ -46.702569547030521, -23.73112079714938 ], [ -46.702591201294439, -23.731190041348988 ], [ -46.702593744533289, -23.731240394611309 ], [ -46.702596197402372, -23.731283792892825 ], [ -46.70260430442373, -23.731327134404875 ], [ -46.702629984434843, -23.731415446674536 ], [ -46.702635761616563, -23.731431032263416 ], [ -46.702688516913646, -23.731708383636473 ], [ -46.702719548437507, -23.731918234345777 ], [ -46.702714648628877, -23.73202730307333 ], [ -46.702716651758571, -23.732070224491387 ], [ -46.702785221018054, -23.732103247542202 ], [ -46.702740253949187, -23.732172504563053 ], [ -46.702754842652745, -23.732185617462541 ], [ -46.702587538675935, -23.732420286971394 ], [ -46.702577877868656, -23.732433495812963 ], [ -46.702393935554078, -23.732677313537817 ], [ -46.702372351013857, -23.732701324790551 ], [ -46.702358020314222, -23.732723253024648 ] ] ] ] } },
{ "type": "Feature", "properties": { "id": "habi_nucleo2geosampa.377", "gid": 377, "uuid_id": "86f9e80e-3248-4a3c-8d08-103d663d1042", "nome": "ALTO DA RIVIERA VIII", "nome_secundario": null, "localizacao": "R ABADIE FARIA ROSA / R JOSE GIL AVILE", "tot_domicilio": 56, "areageo_m2": 3643.11, "anoimplant": 1972, "propriedade_area": "Pública" }, "geometry": { "type": "MultiPolygon", "coordinates": [ [ [ [ -46.769546668228855, -23.70117808439247 ], [ -46.769367115076719, -23.70147595094107 ], [ -46.769359562457815, -23.701483080475047 ], [ -46.768487033342332, -23.700873254692116 ], [ -46.768660269177118, -23.700674065805977 ], [ -46.769546668228855, -23.70117808439247 ] ] ] ] } },
{ "type": "Feature", "properties": { "id": "habi_nucleo2geosampa.421", "gid": 421, "uuid_id": "8eedd061-c708-4f5e-a456-31893f9a03a1", "nome": "FORTE DE SÃO GONÇALO", "nome_secundario": null, "localizacao": "RUA FORTE DE SÃO GONÇALO", "tot_domicilio": 18, "areageo_m2": 2952.38, "anoimplant": 1992, "propriedade_area": "Pública" }, "geometry": { "type": "MultiPolygon", "coordinates": [ [ [ [ -46.477674280343692, -23.624741306333387 ], [ -46.47778136852002, -23.624738222392988 ], [ -46.478476384928754, -23.624930743145004 ], [ -46.478369125643688, -23.625234729919313 ], [ -46.477565248940181, -23.625003067156143 ], [ -46.477674280343692, -23.624741306333387 ] ] ] ] } },
{ "type": "Feature", "properties": { "id": "habi_nucleo2geosampa.378", "gid": 378, "uuid_id": "80869e60-9c51-4edc-b371-f6fde24b6237", "nome": "SANTA LUCIA I", "nome_secundario": null, "localizacao": "R MARIA CORTADA CORDONIZ", "tot_domicilio": 255, "areageo_m2": 18315.7, "anoimplant": 1972, "propriedade_area": "Pública" }, "geometry": { "type": "MultiPolygon", "coordinates": [ [ [ [ -46.764690623461767, -23.689658051777268 ], [ -46.764680265843367, -23.689823740674257 ], [ -46.764663940414387, -23.689946447968847 ], [ -46.764662625562757, -23.68998288760951 ], [ -46.764651355590502, -23.690080703396386 ], [ -46.764641042403156, -23.690249701180395 ], [ -46.764389486629227, -23.690126735902737 ], [ -46.76416835275878, -23.689993489119747 ], [ -46.764099668579647, -23.690100235762721 ], [ -46.763996170930731, -23.690149375056723 ], [ -46.763609599636268, -23.690291257303009 ], [ -46.763289065453868, -23.689985294155854 ], [ -46.763270881308536, -23.68997059971689 ], [ -46.763267151105985, -23.689960708517887 ], [ -46.76325001688167, -23.68995535935489 ], [ -46.763294835881702, -23.689926522369657 ], [ -46.763340884337453, -23.689884485445738 ], [ -46.762940687608463, -23.689480962507552 ], [ -46.76304687631238, -23.689355576187772 ], [ -46.763153042574416, -23.689228534327867 ], [ -46.763284196305847, -23.689087961948072 ], [ -46.763357374685896, -23.688938308245728 ], [ -46.763604972025782, -23.688991510850574 ], [ -46.763666474078725, -23.688770681235848 ], [ -46.76408392080004, -23.688795727334671 ], [ -46.764289142366415, -23.688814912444144 ], [ -46.764269953968132, -23.688992290720858 ], [ -46.764273526042899, -23.689124705606329 ], [ -46.764297814587465, -23.689611551317906 ], [ -46.764690623461767, -23.689658051777268 ] ] ] ] } },
{ "type": "Feature", "properties": { "id": "habi_nucleo2geosampa.379", "gid": 379, "uuid_id": "00deb25b-d944-3fb3-8091-8ab63214ff1d", "nome": "ASCENDINO REIS 723", "nome_secundario": null, "localizacao": "AVENIDA PROFESSOR ASCENDINO REIS, 723", "tot_domicilio": 1, "areageo_m2": 112.34, "anoimplant": 2004, "propriedade_area": "Pública" }, "geometry": { "type": "MultiPolygon", "coordinates": [ [ [ [ -46.650221366572474, -23.597151465908237 ], [ -46.650217014850789, -23.597114478920183 ], [ -46.650476014033906, -23.597093806773103 ], [ -46.650479099609008, -23.597133196451328 ], [ -46.650221366572474, -23.597151465908237 ] ] ] ] } },
{ "type": "Feature", "properties": { "id": "habi_nucleo2geosampa.380", "gid": 380, "uuid_id": "294f3d1b-fbd3-43e8-bd89-dc09451e6ba7", "nome": "JOÃO ELIAS", "nome_secundario": "CHÁCARA JAPONESA", "localizacao": "RUA JOÃO ELIAS", "tot_domicilio": 15, "areageo_m2": 1075.21, "anoimplant": 1976, "propriedade_area": "Pública" }, "geometry": { "type": "MultiPolygon", "coordinates": [ [ [ [ -46.709051961815078, -23.638604215347645 ], [ -46.708884406357882, -23.638583509944237 ], [ -46.708894716536314, -23.638434917507364 ], [ -46.708951746167038, -23.638270775464999 ], [ -46.709047897735701, -23.638134392313898 ], [ -46.709215867558179, -23.638187047268598 ], [ -46.709066193497883, -23.638600299810228 ], [ -46.709051961815078, -23.638604215347645 ] ] ] ] } },
{ "type": "Feature", "properties": { "id": "habi_nucleo2geosampa.381", "gid": 381, "uuid_id": "6d25f873-907a-4d6e-a412-b1c771ef72b4", "nome": "GALÁXIA", "nome_secundario": null, "localizacao": "RUA GALÁXIA", "tot_domicilio": 45, "areageo_m2": 3243.31, "anoimplant": 1992, "propriedade_area": "Pública" }, "geometry": { "type": "MultiPolygon", "coordinates": [ [ [ [ -46.459069614917631, -23.611078590961156 ], [ -46.458921615115898, -23.611139098507977 ], [ -46.458907401301005, -23.611104684550327 ], [ -46.45886335336521, -23.611123932828296 ], [ -46.458788752991943, -23.611053068144894 ], [ -46.458637468752336, -23.611056401455979 ], [ -46.458272542282046, -23.611061742017487 ], [ -46.45802881543252, -23.611101019823614 ], [ -46.458029703561415, -23.610757354363614 ], [ -46.458028688047484, -23.610526981142151 ], [ -46.458126571170823, -23.610529491570055 ], [ -46.458128459567313, -23.610750182306703 ], [ -46.458225632346981, -23.610759220022555 ], [ -46.458433319700923, -23.610799996779452 ], [ -46.458787907436871, -23.610827806875335 ], [ -46.45891291674883, -23.610877903438411 ], [ -46.459001226634172, -23.610941104392325 ], [ -46.459069614917631, -23.611078590961156 ] ] ] ] } },
{ "type": "Feature", "properties": { "id": "habi_nucleo2geosampa.382", "gid": 382, "uuid_id": "735c0a03-85ba-42bd-b25d-907e4b560759", "nome": "VILA NOVA PIRAJUSSARA II", "nome_secundario": null, "localizacao": "RUA CLARAIBA", "tot_domicilio": 2, "areageo_m2": 257.45, "anoimplant": 1974, "propriedade_area": "Pública" }, "geometry": { "type": "MultiPolygon", "coordinates": [ [ [ [ -46.750905527266696, -23.624408899682901 ], [ -46.750960284689462, -23.624472479799479 ], [ -46.750941083351925, -23.624505927925384 ], [ -46.750924947262241, -23.624492297470908 ], [ -46.75084738654413, -23.624686305008765 ], [ -46.750816547608338, -23.624672545951025 ], [ -46.750809268106309, -23.624692810841619 ], [ -46.750777833985836, -23.624660252306153 ], [ -46.750763320761443, -23.624613167907295 ], [ -46.750905527266696, -23.624408899682901 ] ] ] ] } },
{ "type": "Feature", "properties": { "id": "habi_nucleo2geosampa.383", "gid": 383, "uuid_id": "6d36f38f-b252-4040-8209-1033432203cc", "nome": "ASSOCIAÇÃO JARDIM SÃO FRANCISCO SUDESTE", "nome_secundario": null, "localizacao": null, "tot_domicilio": 152, "areageo_m2": 15426.34, "anoimplant": null, "propriedade_area": "Sem informação" }, "geometry": { "type": "MultiPolygon", "coordinates": [ [ [ [ -46.448252138528048, -23.623585145949253 ], [ -46.448111520885647, -23.623488330402502 ], [ -46.447945645287881, -23.623432355184949 ], [ -46.447802583252255, -23.623447225190588 ], [ -46.447568314310978, -23.623517085737298 ], [ -46.447287720867905, -23.623715959780448 ], [ -46.447080345257106, -23.623893848064665 ], [ -46.446992401047865, -23.62391158696509 ], [ -46.447080704227822, -23.624929265703784 ], [ -46.447333224957774, -23.624849084337505 ], [ -46.447859405404664, -23.624607313658327 ], [ -46.448158062624927, -23.624381200126415 ], [ -46.448397118884273, -23.624078662690113 ], [ -46.448391229377656, -23.624044034466312 ], [ -46.448307891201978, -23.623979675713802 ], [ -46.448268478608448, -23.62390221789709 ], [ -46.448252138528048, -23.623585145949253 ] ] ] ] } },
{ "type": "Feature", "properties": { "id": "habi_nucleo2geosampa.384", "gid": 384, "uuid_id": "414aeacc-0639-4561-9ea1-3ef35cfb78bd", "nome": "SÃO GUIDO", "nome_secundario": null, "localizacao": "RUA FIGUERIA DA POLINESIA", "tot_domicilio": 32, "areageo_m2": 3880.41, "anoimplant": 1989, "propriedade_area": "Sem informação" }, "geometry": { "type": "MultiPolygon", "coordinates": [ [ [ [ -46.471853211718958, -23.492715422280956 ], [ -46.471690310997872, -23.493214069627303 ], [ -46.471451113427847, -23.493125613673833 ], [ -46.471390777081517, -23.493253263480348 ], [ -46.471083633135805, -23.49314632145699 ], [ -46.471306888892713, -23.492547769834761 ], [ -46.471853211718958, -23.492715422280956 ] ] ] ] } },
{ "type": "Feature", "properties": { "id": "habi_nucleo2geosampa.385", "gid": 385, "uuid_id": "f9afa120-8380-4326-8888-3dca50ab08cd", "nome": "CHICA LUÍZA", "nome_secundario": null, "localizacao": "RUA ANTONIO CANDEIA FILHO", "tot_domicilio": 15, "areageo_m2": 2233.99, "anoimplant": 1976, "propriedade_area": "Pública" }, "geometry": { "type": "MultiPolygon", "coordinates": [ [ [ [ -46.758539314286544, -23.443005426675708 ], [ -46.758565044573253, -23.442797225183398 ], [ -46.759814813542462, -23.443093803188589 ], [ -46.759795393726165, -23.443192001419682 ], [ -46.758539314286544, -23.443005426675708 ] ] ] ] } },
{ "type": "Feature", "properties": { "id": "habi_nucleo2geosampa.386", "gid": 386, "uuid_id": "d085927e-91fe-4f40-9903-099ee8214ce4", "nome": "JOÃO SIMÃO DE CASTRO", "nome_secundario": null, "localizacao": "RUA JOÃO SIMÃO DE CASTRO ESQUINA COM RUA DA CAVALGADA.", "tot_domicilio": 1, "areageo_m2": 133.6, "anoimplant": 1988, "propriedade_area": "Pública" }, "geometry": { "type": "MultiPolygon", "coordinates": [ [ [ [ -46.569068683568254, -23.488990019219973 ], [ -46.569131674078278, -23.489100460916216 ], [ -46.568973025561377, -23.489097543167333 ], [ -46.568948102141569, -23.489059865728439 ], [ -46.569068683568254, -23.488990019219973 ] ] ] ] } },
{ "type": "Feature", "properties": { "id": "habi_nucleo2geosampa.387", "gid": 387, "uuid_id": "4b453f68-bd49-4f8e-831f-371976250b9a", "nome": "SANTA MARGARIDA II", "nome_secundario": null, "localizacao": "R JULIA FERREIRA DA SILVA", "tot_domicilio": 28, "areageo_m2": 5468.81, "anoimplant": 1979, "propriedade_area": "Pública" }, "geometry": { "type": "MultiPolygon", "coordinates": [ [ [ [ -46.754498124391489, -23.683432256842384 ], [ -46.754310378482586, -23.683532968251711 ], [ -46.754197543157282, -23.683445346421262 ], [ -46.754037590837555, -23.683125686338172 ], [ -46.753992713891705, -23.6828328954469 ], [ -46.753948553931814, -23.682627739009099 ], [ -46.753846184241461, -23.682645103718425 ], [ -46.753784532787392, -23.682386131251803 ], [ -46.75394342506312, -23.68233394692356 ], [ -46.754178770402241, -23.682279993533029 ], [ -46.754285811406568, -23.682618303865532 ], [ -46.754366808910461, -23.682724482538049 ], [ -46.754453279490399, -23.683008127808527 ], [ -46.754549002979836, -23.683268664348773 ], [ -46.754588936023488, -23.683377892739394 ], [ -46.754498124391489, -23.683432256842384 ] ] ] ] } },
{ "type": "Feature", "properties": { "id": "habi_nucleo2geosampa.388", "gid": 388, "uuid_id": "3bc48c9a-d40d-4fb7-a2e1-f3b2c45ef4b9", "nome": "MANOEL DIAS DE SOUSA", "nome_secundario": null, "localizacao": "RUA MANOEL DIAS DE SOUSA", "tot_domicilio": 28, "areageo_m2": 1094.62, "anoimplant": 1976, "propriedade_area": "Pública" }, "geometry": { "type": "MultiPolygon", "coordinates": [ [ [ [ -46.768077776988619, -23.679176944157469 ], [ -46.767996500264324, -23.679217604967903 ], [ -46.767859057305138, -23.679284938766553 ], [ -46.767739115011949, -23.679326040856079 ], [ -46.767723907248808, -23.679301552727576 ], [ -46.76776422042942, -23.679202445442076 ], [ -46.767800168946032, -23.679110238578506 ], [ -46.767888416963736, -23.678813290120075 ], [ -46.767909858208562, -23.67874865077783 ], [ -46.767932110692868, -23.678744286454037 ], [ -46.767948541901845, -23.67874957925649 ], [ -46.76796092196841, -23.678785060426659 ], [ -46.76800510043855, -23.678972259407704 ], [ -46.768077776988619, -23.679176944157469 ] ] ] ] } },
{ "type": "Feature", "properties": { "id": "habi_nucleo2geosampa.389", "gid": 389, "uuid_id": "b30a95e0-61da-466a-b466-13f29c09650e", "nome": "JOSÉ ANTÔNIO PATRÍCIO", "nome_secundario": null, "localizacao": "RUA JOSE ANTONIO PATRICIO", "tot_domicilio": 16, "areageo_m2": 786.02, "anoimplant": 1975, "propriedade_area": "Pública" }, "geometry": { "type": "MultiPolygon", "coordinates": [ [ [ [ -46.786969932115838, -23.685107344254064 ], [ -46.787151434091179, -23.685282532407616 ], [ -46.787032615595294, -23.685340166847876 ], [ -46.786920521466278, -23.685391273710586 ], [ -46.786845121519463, -23.685421960032901 ], [ -46.786781483748655, -23.685426976641061 ], [ -46.786755760899801, -23.685399858403372 ], [ -46.786737155685699, -23.685345010313842 ], [ -46.786769452048198, -23.685284342596539 ], [ -46.786823374885749, -23.685232079993021 ], [ -46.786857363882312, -23.685207659403613 ], [ -46.78688065400992, -23.685197696884558 ], [ -46.786866535722304, -23.68517062408236 ], [ -46.786912187531726, -23.685132110507698 ], [ -46.786933678308294, -23.685149198504252 ], [ -46.786969932115838, -23.685107344254064 ] ] ] ] } },
{ "type": "Feature", "properties": { "id": "habi_nucleo2geosampa.390", "gid": 390, "uuid_id": "bdc4153e-444a-3643-ab3e-58fe4c02a8a6", "nome": "NÚCLEO B - SÃO FRANCISCO GLOBAL", "nome_secundario": null, "localizacao": "AV. DOS SERTANISTAS", "tot_domicilio": 1502, "areageo_m2": 125023.01, "anoimplant": 1990, "propriedade_area": "Pública" }, "geometry": { "type": "MultiPolygon", "coordinates": [ [ [ [ -46.449940016532885, -23.62645569875697 ], [ -46.450000493293189, -23.626672213805104 ], [ -46.450044387035469, -23.627125787363106 ], [ -46.449908344347101, -23.62772440589411 ], [ -46.449826924776445, -23.628573398785782 ], [ -46.449676993978528, -23.629088518586794 ], [ -46.449498763232775, -23.629388857150218 ], [ -46.448894507541681, -23.629860433078612 ], [ -46.448496777649723, -23.630246449075951 ], [ -46.447513225319724, -23.630422888327836 ], [ -46.446780087426205, -23.630967339817708 ], [ -46.446559013404688, -23.630909667803468 ], [ -46.446350117774905, -23.630780199394504 ], [ -46.446245998632577, -23.630745328975216 ], [ -46.446101932282808, -23.630615255730252 ], [ -46.446086604178291, -23.630400353780175 ], [ -46.446150514374729, -23.630316129540173 ], [ -46.446277809669709, -23.630099897838651 ], [ -46.446469276768653, -23.629823332816198 ], [ -46.446516940183962, -23.629440585787997 ], [ -46.446127052968855, -23.629360592704039 ], [ -46.445983907573471, -23.629314139095598 ], [ -46.445865905104377, -23.629195769360511 ], [ -46.445811943838699, -23.629005120996421 ], [ -46.445796617525097, -23.628790218933041 ], [ -46.445768457087603, -23.628587383267728 ], [ -46.446546125358253, -23.62855623969897 ], [ -46.44689435687404, -23.628385734257282 ], [ -46.4471344005701, -23.627810042153794 ], [ -46.447175430410141, -23.627533852573421 ], [ -46.447708910189903, -23.627286938360786 ], [ -46.447694606962692, -23.62715510649203 ], [ -46.44797873554392, -23.627110158097665 ], [ -46.448585208707549, -23.626821954935135 ], [ -46.449217216660379, -23.626518284189306 ], [ -46.449526061402921, -23.626383433410986 ], [ -46.449940016532885, -23.62645569875697 ] ] ] ] } },
{ "type": "Feature", "properties": { "id": "habi_nucleo2geosampa.391", "gid": 391, "uuid_id": "d6571dac-18a7-469b-96ec-288325a2bfbd", "nome": "BANDOLIM", "nome_secundario": null, "localizacao": "RUA DO BANDOLIM X AV. DO POETA X RUA DO CAVAQUINHO", "tot_domicilio": 7, "areageo_m2": 247.54, "anoimplant": 1988, "propriedade_area": "Pública" }, "geometry": { "type": "MultiPolygon", "coordinates": [ [ [ [ -46.56870303804169, -23.490334719359105 ], [ -46.568816637867634, -23.490576588227864 ], [ -46.568720810950751, -23.490545855745932 ], [ -46.568620499205416, -23.490458817599123 ], [ -46.568634854630339, -23.490381190790494 ], [ -46.568638672697617, -23.490381152352512 ], [ -46.56870303804169, -23.490334719359105 ] ] ] ] } },
{ "type": "Feature", "properties": { "id": "habi_nucleo2geosampa.392", "gid": 392, "uuid_id": "e19c741b-f682-4f4d-814d-3b03fead257e", "nome": "AGOSTINHO ALVES MARINHO", "nome_secundario": null, "localizacao": "RUA CLEMENTE MARTINS DE MATOS", "tot_domicilio": 12, "areageo_m2": 1478.67, "anoimplant": 1982, "propriedade_area": "Particular" }, "geometry": { "type": "MultiPolygon", "coordinates": [ [ [ [ -46.3948472325213, -23.486886342752523 ], [ -46.394480297616852, -23.486521750071283 ], [ -46.39471930333616, -23.486305492317559 ], [ -46.394763880900854, -23.486349657918783 ], [ -46.394779367001526, -23.486340738528245 ], [ -46.394829184417532, -23.486395638932727 ], [ -46.39481894713709, -23.486406677428967 ], [ -46.394921051182493, -23.486507510148147 ], [ -46.394810001822002, -23.486615563560203 ], [ -46.394915905461787, -23.486685183990438 ], [ -46.394878766209935, -23.486713632180781 ], [ -46.394952158036645, -23.486782906685431 ], [ -46.3948472325213, -23.486886342752523 ] ] ] ] } },
{ "type": "Feature", "properties": { "id": "habi_nucleo2geosampa.393", "gid": 393, "uuid_id": "25c9f815-a836-43d9-ac25-6f92b2d05422", "nome": "SEBASTIÃO AMÂNCIO PINTO II", "nome_secundario": null, "localizacao": "RUA SEBASTIÃO AMANCIO PINTO", "tot_domicilio": 9, "areageo_m2": 454.87, "anoimplant": 1980, "propriedade_area": "Pública" }, "geometry": { "type": "MultiPolygon", "coordinates": [ [ [ [ -46.731136916909591, -23.65531996419864 ], [ -46.73139829232089, -23.655337631566034 ], [ -46.731271912188781, -23.655566592549469 ], [ -46.731213313024092, -23.655583500672854 ], [ -46.731148314516112, -23.655381598568447 ], [ -46.731136916909591, -23.65531996419864 ] ] ] ] } },
{ "type": "Feature", "properties": { "id": "habi_nucleo2geosampa.394", "gid": 394, "uuid_id": "906752da-feb0-3b56-af1f-8cd42c6168c0", "nome": "JACATIRÃO", "nome_secundario": null, "localizacao": "RUA JACATIRÃO", "tot_domicilio": 3, "areageo_m2": 1102.01, "anoimplant": 1987, "propriedade_area": "Pública" }, "geometry": { "type": "MultiPolygon", "coordinates": [ [ [ [ -46.677301379154933, -23.647245825520642 ], [ -46.677348939787834, -23.647314597845003 ], [ -46.677214816268481, -23.647779554729123 ], [ -46.676956815645525, -23.647478916949282 ], [ -46.677301379154933, -23.647245825520642 ] ] ] ] } },
{ "type": "Feature", "properties": { "id": "habi_nucleo2geosampa.395", "gid": 395, "uuid_id": "74b0872d-06c6-47ad-948a-00966696e329", "nome": "DIAMANTINO", "nome_secundario": null, "localizacao": "R DIAMANTINO FERREIRA INNOCENCIO 38", "tot_domicilio": 43, "areageo_m2": 2321.71, "anoimplant": 1975, "propriedade_area": "Pública" }, "geometry": { "type": "MultiPolygon", "coordinates": [ [ [ [ -46.688759776610205, -23.739497058525874 ], [ -46.68859337934795, -23.73986636851054 ], [ -46.688388901157069, -23.73980259353408 ], [ -46.688558071835104, -23.73942576163283 ], [ -46.688759776610205, -23.739497058525874 ] ] ], [ [ [ -46.689227273368289, -23.739156141424459 ], [ -46.689061616769763, -23.739545697046893 ], [ -46.688928701227759, -23.739489713336795 ], [ -46.688795876594725, -23.739440771862601 ], [ -46.68896164744708, -23.739060023699516 ], [ -46.689227273368289, -23.739156141424459 ] ] ] ] } },
{ "type": "Feature", "properties": { "id": "habi_nucleo2geosampa.422", "gid": 422, "uuid_id": "01cc6d68-7abd-4442-b71e-e0eb293c3723", "nome": "GABI I", "nome_secundario": null, "localizacao": "RUA JOAQUIM FRANCISCO DE ASSIS", "tot_domicilio": 42, "areageo_m2": 2492.45, "anoimplant": 1967, "propriedade_area": "Pública" }, "geometry": { "type": "MultiPolygon", "coordinates": [ [ [ [ -46.669956307494964, -23.490537156441007 ], [ -46.669855956325705, -23.490656906461648 ], [ -46.669825490792483, -23.490685652329745 ], [ -46.669793533291717, -23.490702064639262 ], [ -46.66981473846014, -23.490789604983853 ], [ -46.669788948140415, -23.490870230456238 ], [ -46.669637222388687, -23.490848390113396 ], [ -46.669635742713268, -23.49083726716632 ], [ -46.669528786451615, -23.490539272555655 ], [ -46.669535423924316, -23.49053424840702 ], [ -46.66941114054751, -23.490243835865883 ], [ -46.669718179541057, -23.490146592408269 ], [ -46.669718101904444, -23.490140429475112 ], [ -46.669754223386285, -23.490135089352524 ], [ -46.669790512889712, -23.490249654662932 ], [ -46.669830294482523, -23.490322180880799 ], [ -46.669893386484731, -23.490436458908125 ], [ -46.669956307494964, -23.490537156441007 ] ] ] ] } },
{ "type": "Feature", "properties": { "id": "habi_nucleo2geosampa.396", "gid": 396, "uuid_id": "a28a104a-b82c-4220-94eb-352a59a3cbe4", "nome": "NOSSA SENHORA APARECIDA / SANTA INÊS – ESPAÇO LIVRE", "nome_secundario": null, "localizacao": "RUA ABEL TAVARES", "tot_domicilio": 1285, "areageo_m2": 44240.19, "anoimplant": 1968, "propriedade_area": "Pública/Particular" }, "geometry": { "type": "MultiPolygon", "coordinates": [ [ [ [ -46.464292829104508, -23.489432847881275 ], [ -46.464239641345017, -23.489402594009569 ], [ -46.464270896557359, -23.489367434867088 ], [ -46.464298978673661, -23.489346837994766 ], [ -46.464350512179266, -23.489331312814127 ], [ -46.464399116552102, -23.489333465053875 ], [ -46.464452860990917, -23.489347902413122 ], [ -46.464511235762401, -23.489378913012462 ], [ -46.464552190155388, -23.489411813120398 ], [ -46.464498102815817, -23.489479337665713 ], [ -46.464486621990517, -23.489498967574651 ], [ -46.464460145664532, -23.489479506565498 ], [ -46.46445128812023, -23.489495076830089 ], [ -46.464421762408364, -23.489478152342567 ], [ -46.464312099982031, -23.489429354266594 ], [ -46.464303416821338, -23.489426853040452 ], [ -46.464292829104508, -23.489432847881275 ] ] ], [ [ [ -46.465629935538033, -23.490031434563264 ], [ -46.465649377843768, -23.489993320293454 ], [ -46.466054828517578, -23.490177918499057 ], [ -46.46615225293101, -23.490206178692986 ], [ -46.466163896888411, -23.49019892482152 ], [ -46.466252461638604, -23.490216964114431 ], [ -46.466252188344534, -23.49022527416691 ], [ -46.466320796775754, -23.490222907256019 ], [ -46.46640615552699, -23.49019161851103 ], [ -46.466460717593336, -23.490176451551466 ], [ -46.466539861509112, -23.490156473666776 ], [ -46.466551479112503, -23.490160468843655 ], [ -46.466758070219335, -23.490098709324666 ], [ -46.466810234550984, -23.490078079477687 ], [ -46.466849368875707, -23.490077743585616 ], [ -46.466944594311443, -23.490091679378715 ], [ -46.466866224895384, -23.490312935183884 ], [ -46.466785292402101, -23.490454518732324 ], [ -46.466781503371614, -23.490455955988811 ], [ -46.466727716389386, -23.490435964988333 ], [ -46.466680459377429, -23.490426245601615 ], [ -46.466624665223129, -23.490404753565585 ], [ -46.466572707348703, -23.490390871822228 ], [ -46.466509389083861, -23.490384119373541 ], [ -46.466459322916293, -23.49036926341989 ], [ -46.466404840200177, -23.490366562998677 ], [ -46.466322378970979, -23.490344955164659 ], [ -46.466262005610986, -23.490315243761465 ], [ -46.466125676997578, -23.490249361428916 ], [ -46.466045042377857, -23.490219114500754 ], [ -46.465947893863969, -23.4901749862412 ], [ -46.465840072370312, -23.49012860398086 ], [ -46.465717316968131, -23.490070250843768 ], [ -46.465629935538033, -23.490031434563264 ] ] ], [ [ [ -46.466851693141187, -23.490505165393539 ], [ -46.466864384513869, -23.490495057795311 ], [ -46.466865529957815, -23.490450628776134 ], [ -46.466879834032092, -23.490413895691944 ], [ -46.466905251218236, -23.490360785295227 ], [ -46.466918890529762, -23.490364758700998 ], [ -46.466919177490205, -23.490422361985072 ], [ -46.466920728044627, -23.490489654311521 ], [ -46.466926420717108, -23.490486642211231 ], [ -46.466954272238816, -23.490539804699811 ], [ -46.466952154113613, -23.490548452715213 ], [ -46.466980579004961, -23.490579104922499 ], [ -46.466986189103949, -23.490576859413416 ], [ -46.467016558834025, -23.490604084157159 ], [ -46.467022067168692, -23.490600782995525 ], [ -46.46705119831055, -23.490617746802364 ], [ -46.467051511927579, -23.490623169583817 ], [ -46.467193821944093, -23.49067091769529 ], [ -46.467200529709956, -23.490667792171767 ], [ -46.467277198612038, -23.49069664804551 ], [ -46.467276004790165, -23.490699190634444 ], [ -46.467361024551991, -23.490724219121017 ], [ -46.467529078168127, -23.490780881755434 ], [ -46.467592064015847, -23.490799950471015 ], [ -46.46763994967985, -23.490797984055924 ], [ -46.467701581743803, -23.490797984200455 ], [ -46.467718965089666, -23.490779561887745 ], [ -46.467827229034377, -23.490690285370359 ], [ -46.46784791228778, -23.490661539501403 ], [ -46.467978854263841, -23.490534809644736 ], [ -46.467990354710835, -23.490517168808779 ], [ -46.468022092919213, -23.490481663934222 ], [ -46.468030007261973, -23.490482279325025 ], [ -46.468067862958776, -23.490428460948298 ], [ -46.468064011637836, -23.490423476987182 ], [ -46.468100284866942, -23.490370794241233 ], [ -46.468095795088693, -23.490364478828035 ], [ -46.468136711210171, -23.49030179311125 ], [ -46.468218545256619, -23.490145302237451 ], [ -46.468580289088223, -23.490288195603451 ], [ -46.468651793255624, -23.490173288683476 ], [ -46.468676524903124, -23.490108392913562 ], [ -46.468681334261127, -23.490088230470871 ], [ -46.468692325618257, -23.490081299550127 ], [ -46.468713622201733, -23.490034675751517 ], [ -46.468689577741721, -23.490025854386133 ], [ -46.468727663602216, -23.489921885408183 ], [ -46.468740904313378, -23.489856482941267 ], [ -46.468754463139355, -23.489820321158529 ], [ -46.468713181980036, -23.489787546298636 ], [ -46.468736603118479, -23.489699379546671 ], [ -46.468761258521099, -23.489653592849894 ], [ -46.468782217583495, -23.489619107875154 ], [ -46.468803795223764, -23.489580096225669 ], [ -46.468847055515766, -23.489521979524763 ], [ -46.468996521659541, -23.489547665741235 ], [ -46.469054952985132, -23.489564952590346 ], [ -46.46928616642424, -23.489657725557706 ], [ -46.46926920312206, -23.489723992193994 ], [ -46.469227106858135, -23.489738973942835 ], [ -46.469197576888917, -23.489744159741857 ], [ -46.46917181667331, -23.489751650786229 ], [ -46.469175586588513, -23.489770666709887 ], [ -46.469175586482059, -23.489805816563244 ], [ -46.469168047970975, -23.48990262333691 ], [ -46.469285731027476, -23.489964360231628 ], [ -46.469264003126419, -23.489974437632885 ], [ -46.469253659113569, -23.4899929490612 ], [ -46.469241459863525, -23.490029324736195 ], [ -46.469239070597887, -23.49011137261386 ], [ -46.46922361689851, -23.490111372933914 ], [ -46.469217020403072, -23.490203061171805 ], [ -46.469209611661675, -23.490202212593143 ], [ -46.469201276362284, -23.490350008698655 ], [ -46.469203157326419, -23.490363351192912 ], [ -46.469187990970717, -23.490362688646556 ], [ -46.469179324916823, -23.490428262037209 ], [ -46.469171380662779, -23.49043289842254 ], [ -46.469168491505826, -23.490502446001571 ], [ -46.469176333869008, -23.490506284217503 ], [ -46.469178153524773, -23.490570013075128 ], [ -46.469175319669453, -23.490572819489273 ], [ -46.469175768316475, -23.490616299673366 ], [ -46.469160514522599, -23.490615878170416 ], [ -46.469159309959529, -23.490661264098087 ], [ -46.469153381878677, -23.490662909421985 ], [ -46.469158343112241, -23.490770233952244 ], [ -46.4690338330511, -23.490774866717711 ], [ -46.469002995870589, -23.491003497818802 ], [ -46.468990587815995, -23.491004790617858 ], [ -46.468972686342305, -23.491169841822739 ], [ -46.469312139661419, -23.491132728499977 ], [ -46.469308143769844, -23.491117005555086 ], [ -46.46954887430536, -23.491097251560252 ], [ -46.469630441154841, -23.491156357617637 ], [ -46.469645694249536, -23.491234773941244 ], [ -46.469693341093105, -23.491401820432998 ], [ -46.469720501405838, -23.491553857631608 ], [ -46.469746514454954, -23.491619646664041 ], [ -46.469744853905603, -23.491629896979862 ], [ -46.469759065952189, -23.491672255731721 ], [ -46.46976617119099, -23.491670627274733 ], [ -46.469790153377254, -23.491731722258887 ], [ -46.469765283201362, -23.491750457445391 ], [ -46.469804365266164, -23.491856355574953 ], [ -46.469829235245236, -23.491887310776203 ], [ -46.469842558478639, -23.49194840515489 ], [ -46.469873865180055, -23.492034255898879 ], [ -46.469827572899362, -23.492044053980148 ], [ -46.469892370490165, -23.492200535953142 ], [ -46.469913607325758, -23.492192504056554 ], [ -46.469936975408004, -23.492268487624862 ], [ -46.469939891351302, -23.492315723013153 ], [ -46.469992367470404, -23.492478817960894 ], [ -46.470000141248683, -23.49250020730852 ], [ -46.470015690279801, -23.492584874631888 ], [ -46.470022492272456, -23.492583091886051 ], [ -46.470061408831739, -23.492747912287779 ], [ -46.470044748942868, -23.492761281596295 ], [ -46.470060367846308, -23.49285868624867 ], [ -46.470092646883771, -23.492857731459157 ], [ -46.470109982191872, -23.492931204442066 ], [ -46.470100890715479, -23.49296404146504 ], [ -46.470105795481139, -23.49300828151301 ], [ -46.470131136612544, -23.493118493161397 ], [ -46.470106823792349, -23.493126496319285 ], [ -46.470119196868374, -23.49320077200079 ], [ -46.470150692171352, -23.493201803247718 ], [ -46.470156316007689, -23.493246162035213 ], [ -46.470111322559639, -23.49330908902278 ], [ -46.470049170282941, -23.493383845744265 ], [ -46.469922845553384, -23.493499285861773 ], [ -46.46979842050191, -23.4933871443763 ], [ -46.46979373079359, -23.493374296193014 ], [ -46.469802551774329, -23.493339750393222 ], [ -46.469792813886627, -23.493335146222989 ], [ -46.469810240664131, -23.493283557515479 ], [ -46.469805388313731, -23.493267256570793 ], [ -46.469821114988576, -23.493197367553407 ], [ -46.469838712025954, -23.493022166725815 ], [ -46.469838311548457, -23.493004067284051 ], [ -46.469809154244132, -23.492997360610314 ], [ -46.46971223835498, -23.492987745813025 ], [ -46.469612822767211, -23.492897252658853 ], [ -46.46957881354956, -23.492841869421959 ], [ -46.469507264862443, -23.492863876925284 ], [ -46.469470501684526, -23.492794483905307 ], [ -46.469421691986469, -23.492720762218443 ], [ -46.46939966879961, -23.492692940000399 ], [ -46.469377910346886, -23.492691115072301 ], [ -46.469368569761826, -23.492669791942653 ], [ -46.469326541703872, -23.492674049887157 ], [ -46.469321306885881, -23.492665106343448 ], [ -46.469284784813311, -23.492673091758743 ], [ -46.46926073230653, -23.492624110431294 ], [ -46.469228285372331, -23.492554887962832 ], [ -46.469185731931738, -23.492469703047938 ], [ -46.469107507061672, -23.49233169622957 ], [ -46.469077479728284, -23.492277487258189 ], [ -46.468990063547473, -23.49214325613093 ], [ -46.468838520128607, -23.491939761485813 ], [ -46.468796125130247, -23.49192105007937 ], [ -46.468748215611186, -23.491889088212506 ], [ -46.468738900339439, -23.491898132814693 ], [ -46.468688863527163, -23.491850476411045 ], [ -46.468596396438237, -23.491840651873886 ], [ -46.468564258672856, -23.491827207137739 ], [ -46.46854508866555, -23.491810660894064 ], [ -46.468531556781457, -23.49181427976055 ], [ -46.46848081255672, -23.491751194433952 ], [ -46.468485886588127, -23.491743955350334 ], [ -46.468437737066026, -23.491691909239652 ], [ -46.468401158744726, -23.491669610936185 ], [ -46.468354049549447, -23.491627677666028 ], [ -46.468201824122275, -23.491521136681623 ], [ -46.468068553003725, -23.491459393267899 ], [ -46.467976919375907, -23.491491730031001 ], [ -46.467939162077073, -23.49149275223736 ], [ -46.467935130511798, -23.491497046457845 ], [ -46.46788959098874, -23.491487816101667 ], [ -46.467890121551669, -23.49148347178167 ], [ -46.467761901037242, -23.491455239141228 ], [ -46.46777769999585, -23.491341483165176 ], [ -46.467798561469465, -23.491225549119605 ], [ -46.467796339605215, -23.491170624573236 ], [ -46.467787340151773, -23.491155492374286 ], [ -46.467798589260134, -23.491128322762645 ], [ -46.467824560515062, -23.491096620953929 ], [ -46.467830860574701, -23.491067377519919 ], [ -46.46783899590087, -23.491069377072183 ], [ -46.467849382471542, -23.491015868990818 ], [ -46.467949378880419, -23.49102342405153 ], [ -46.467952409465447, -23.491014241833561 ], [ -46.46784845008299, -23.490951833718736 ], [ -46.467776843276901, -23.490939264545606 ], [ -46.467779789742316, -23.490929823937616 ], [ -46.46776029973401, -23.490873306459221 ], [ -46.467728620113803, -23.490880073674766 ], [ -46.467703437551393, -23.490869373629018 ], [ -46.467591590037067, -23.490877940819853 ], [ -46.467548575897432, -23.490872950030315 ], [ -46.467503776322246, -23.49086075407569 ], [ -46.467494503537957, -23.490854977680478 ], [ -46.467411652953061, -23.490832734727338 ], [ -46.46736557021007, -23.490812001312353 ], [ -46.467353228843415, -23.490824625261247 ], [ -46.467320441167018, -23.490818244883076 ], [ -46.467277019172506, -23.490800732071229 ], [ -46.467179578603776, -23.490757006531183 ], [ -46.467163201878215, -23.490758015056191 ], [ -46.467074784203028, -23.490729509066451 ], [ -46.467027433858092, -23.490708802835144 ], [ -46.466957613891061, -23.490664358324835 ], [ -46.466883287934991, -23.490601861991266 ], [ -46.466866129110741, -23.490558563466863 ], [ -46.466851693141187, -23.490505165393539 ] ] ] ] } },
{ "type": "Feature", "properties": { "id": "habi_nucleo2geosampa.397", "gid": 397, "uuid_id": "45c53931-7998-4efd-91a5-28a548ea6bdd", "nome": "LUAR DO SERTÃO I E II", "nome_secundario": null, "localizacao": "RUA LUAR DO SERTÃO", "tot_domicilio": 50, "areageo_m2": 3158.8, "anoimplant": 1967, "propriedade_area": "Pública/Particular" }, "geometry": { "type": "MultiPolygon", "coordinates": [ [ [ [ -46.792768683627216, -23.686672086293324 ], [ -46.792882652440674, -23.686545952447116 ], [ -46.793000547565285, -23.686482433023109 ], [ -46.793220603653538, -23.686439339849365 ], [ -46.793452761701637, -23.686416328256005 ], [ -46.793579605241412, -23.686411608021885 ], [ -46.793582499443595, -23.686367355966556 ], [ -46.792588373064604, -23.686137086698732 ], [ -46.792465353724054, -23.686581738006272 ], [ -46.792768683627216, -23.686672086293324 ] ] ] ] } },
{ "type": "Feature", "properties": { "id": "habi_nucleo2geosampa.398", "gid": 398, "uuid_id": "a450d25c-80ed-3c25-a573-712e3760472f", "nome": "HELIÓPOLIS GLEBA A", "nome_secundario": null, "localizacao": "RUA ALMIRANTE NUNES", "tot_domicilio": 1044, "areageo_m2": 43235.72, "anoimplant": 2000, "propriedade_area": "Pública/Particular" }, "geometry": { "type": "MultiPolygon", "coordinates": [ [ [ [ -46.598055263052139, -23.603463351746843 ], [ -46.598133253047131, -23.603480468516267 ], [ -46.598009820016102, -23.604527049777122 ], [ -46.59786039232111, -23.604498721891353 ], [ -46.597982919828056, -23.603912086719177 ], [ -46.598055263052139, -23.603463351746843 ] ] ], [ [ [ -46.597833533579006, -23.604528864365314 ], [ -46.598046925164155, -23.604593567689637 ], [ -46.598001187786892, -23.604670495515368 ], [ -46.59790232718057, -23.604642841775735 ], [ -46.597761029984383, -23.604964459839685 ], [ -46.597844451899739, -23.605001829696736 ], [ -46.597757314100605, -23.605192674454649 ], [ -46.597569085629111, -23.60517191352023 ], [ -46.597671728311376, -23.604869807693941 ], [ -46.597812736085224, -23.604524299865972 ], [ -46.597833533579006, -23.604528864365314 ] ] ], [ [ [ -46.597576087924985, -23.605214848520788 ], [ -46.597738551096562, -23.605249015682027 ], [ -46.597443128592964, -23.606010652885072 ], [ -46.597298594751088, -23.605958381355311 ], [ -46.597545708798712, -23.605382410863669 ], [ -46.597576087924985, -23.605214848520788 ] ] ], [ [ [ -46.597308261866978, -23.606007262155849 ], [ -46.597419021171632, -23.606053908037662 ], [ -46.597243916232394, -23.606581351796525 ], [ -46.597461858995594, -23.606593444761138 ], [ -46.597502961245432, -23.606775801771256 ], [ -46.597568611166565, -23.607272096562738 ], [ -46.597511995957198, -23.607307323811646 ], [ -46.597643068924391, -23.607425438835286 ], [ -46.597546573862779, -23.607486164007948 ], [ -46.597422199318373, -23.607385899576215 ], [ -46.597068749555859, -23.606568818423401 ], [ -46.597308261866978, -23.606007262155849 ] ] ], [ [ [ -46.596273411400979, -23.606194714140603 ], [ -46.596844290569507, -23.606446884978055 ], [ -46.596938662025451, -23.606531928279377 ], [ -46.597089733654819, -23.606802752105075 ], [ -46.597369588584407, -23.607430642688708 ], [ -46.597471999209048, -23.607537106407669 ], [ -46.597317664706523, -23.607639044466513 ], [ -46.596609721040835, -23.60891503637697 ], [ -46.596350404002919, -23.609340606394611 ], [ -46.595705025813835, -23.607433427764459 ], [ -46.596114250567105, -23.606540407413963 ], [ -46.596273411400979, -23.606194714140603 ] ] ], [ [ [ -46.59645100236007, -23.60576520630881 ], [ -46.596856837912533, -23.605984429881747 ], [ -46.59672588634902, -23.606197228376171 ], [ -46.596883889154377, -23.606291174308133 ], [ -46.597073190144215, -23.606400328388517 ], [ -46.597021404565552, -23.606513157410955 ], [ -46.596831900862043, -23.606387280387978 ], [ -46.596657017888106, -23.606291118752793 ], [ -46.596284296450918, -23.606130091584379 ], [ -46.59645100236007, -23.60576520630881 ] ] ] ] } },
{ "type": "Feature", "properties": { "id": "habi_nucleo2geosampa.399", "gid": 399, "uuid_id": "27a853d6-8a24-34b6-82de-b857ba596094", "nome": "CLEOFONTE", "nome_secundario": null, "localizacao": "RUA GIACOMO LAURI-VOLPI", "tot_domicilio": 4, "areageo_m2": 460.93, "anoimplant": 1997, "propriedade_area": "Pública" }, "geometry": { "type": "MultiPolygon", "coordinates": [ [ [ [ -46.65177615168308, -23.682255787546566 ], [ -46.651574247799779, -23.68204386739232 ], [ -46.651640002890268, -23.681991558985061 ], [ -46.651970076033678, -23.682328262338082 ], [ -46.651898119572898, -23.682382548413795 ], [ -46.65177615168308, -23.682255787546566 ] ] ] ] } },
{ "type": "Feature", "properties": { "id": "habi_nucleo2geosampa.400", "gid": 400, "uuid_id": "30dabb83-c4ee-43dc-9489-5050c989cece", "nome": "MARCO RUTINI", "nome_secundario": "ESTRADA DOS VIEIRAS", "localizacao": "RUA MARCO RUTINI / ESTRADA DOS VIEIRAS", "tot_domicilio": 5, "areageo_m2": 289.96, "anoimplant": 1985, "propriedade_area": "Pública" }, "geometry": { "type": "MultiPolygon", "coordinates": [ [ [ [ -46.591536885305494, -23.446040617677962 ], [ -46.591333834423388, -23.446248585130895 ], [ -46.591252340711428, -23.446145564905077 ], [ -46.591496371028356, -23.446008520931585 ], [ -46.591536885305494, -23.446040617677962 ] ] ] ] } },
{ "type": "Feature", "properties": { "id": "habi_nucleo2geosampa.401", "gid": 401, "uuid_id": "c0f90d3a-3b5c-45eb-b644-989ef28b6a90", "nome": "JARDIM IMBUIAS II", "nome_secundario": null, "localizacao": "R MECA 7 / R GERALDO DO BRUMADO", "tot_domicilio": 77, "areageo_m2": 4812.24, "anoimplant": 1973, "propriedade_area": "Pública" }, "geometry": { "type": "MultiPolygon", "coordinates": [ [ [ [ -46.706958982457806, -23.737373987837032 ], [ -46.706830063014039, -23.737615701103575 ], [ -46.706649729424498, -23.737575817249049 ], [ -46.706561312429869, -23.737533352705604 ], [ -46.706238959083272, -23.737501552499559 ], [ -46.705801089379882, -23.737356896855484 ], [ -46.705632919617976, -23.737271230561205 ], [ -46.705658992209074, -23.737195024355923 ], [ -46.705761542375228, -23.737213720495305 ], [ -46.706156226658941, -23.73733823683051 ], [ -46.706404592012639, -23.737390020209542 ], [ -46.706485084460631, -23.737369309308605 ], [ -46.706515905642078, -23.737254960685661 ], [ -46.706459874749676, -23.737087045891624 ], [ -46.706297872632497, -23.736637770143325 ], [ -46.706544874841704, -23.736585476682194 ], [ -46.706615118573602, -23.736604528947591 ], [ -46.706683598887125, -23.736901178541864 ], [ -46.706740985934054, -23.737173164469255 ], [ -46.706839313237559, -23.73728112875353 ], [ -46.706958982457806, -23.737373987837032 ] ] ] ] } },
{ "type": "Feature", "properties": { "id": "habi_nucleo2geosampa.423", "gid": 423, "uuid_id": "106679d4-61a8-41bd-8075-161662d2cca5", "nome": "LUIGI CHERUBINI", "nome_secundario": null, "localizacao": "RUA LUIGI CHERUBINI", "tot_domicilio": 10, "areageo_m2": 1734.39, "anoimplant": 1968, "propriedade_area": "Pública" }, "geometry": { "type": "MultiPolygon", "coordinates": [ [ [ [ -46.699716000938011, -23.750840563726069 ], [ -46.699593915616049, -23.751083019343874 ], [ -46.699509877726065, -23.750993906625677 ], [ -46.699466076396888, -23.750882297160263 ], [ -46.699445833604514, -23.750768170169316 ], [ -46.699716000938011, -23.750840563726069 ] ] ], [ [ [ -46.699395784611959, -23.750750527294638 ], [ -46.699407346413373, -23.750771190968589 ], [ -46.69892126457529, -23.750953258828936 ], [ -46.698906706760987, -23.750919635148712 ], [ -46.698807726920407, -23.750689421146692 ], [ -46.698810255209629, -23.750649402925902 ], [ -46.698835827085858, -23.750616174652439 ], [ -46.698902761164888, -23.750615608237126 ], [ -46.698950674561821, -23.750626400990708 ], [ -46.698967893633849, -23.750630487934696 ], [ -46.699395784611959, -23.750750527294638 ] ] ] ] } },
{ "type": "Feature", "properties": { "id": "habi_nucleo2geosampa.424", "gid": 424, "uuid_id": "12b9d850-7469-456d-a5a8-ec49fd1e2bc9", "nome": "TEODORO ARDEMANS", "nome_secundario": null, "localizacao": "RUA TEODORO ARDEMANS", "tot_domicilio": 25, "areageo_m2": 1303.72, "anoimplant": 1972, "propriedade_area": "Pública" }, "geometry": { "type": "MultiPolygon", "coordinates": [ [ [ [ -46.766628341364807, -23.673685133359154 ], [ -46.766428714502631, -23.673693681624087 ], [ -46.766428939326985, -23.67371040386865 ], [ -46.766322267369127, -23.673711620413574 ], [ -46.766306444643561, -23.673715981802772 ], [ -46.766306838053708, -23.673745245302836 ], [ -46.766157242314542, -23.673761585231127 ], [ -46.766156820840408, -23.673730231576766 ], [ -46.765970814594347, -23.673738624281043 ], [ -46.765967954467023, -23.673694754906393 ], [ -46.766301167768766, -23.673492351132513 ], [ -46.766310501153768, -23.673511059632762 ], [ -46.766518196502609, -23.673427158729929 ], [ -46.766550865562053, -23.673493684326349 ], [ -46.766628341364807, -23.673685133359154 ] ] ] ] } },
{ "type": "Feature", "properties": { "id": "habi_nucleo2geosampa.402", "gid": 402, "uuid_id": "286e4f2a-d134-4391-9a43-6a9bfce482ea", "nome": "MORADA DO SOL", "nome_secundario": "SANTA TERESINHA", "localizacao": "RUA FRAN PACHECO / RUA FREI JULIÃO ROMERO", "tot_domicilio": 394, "areageo_m2": 28156.79, "anoimplant": 1983, "propriedade_area": "Pública" }, "geometry": { "type": "MultiPolygon", "coordinates": [ [ [ [ -46.494279797630988, -23.57143290959214 ], [ -46.494260084644985, -23.571523897985774 ], [ -46.494209332913954, -23.571619961959779 ], [ -46.494070849345405, -23.571752709672541 ], [ -46.493878692462346, -23.571723493802427 ], [ -46.493727930370007, -23.571686714754076 ], [ -46.493400159539021, -23.571584734520545 ], [ -46.493212570434757, -23.5715005153268 ], [ -46.493071578605992, -23.571411071073705 ], [ -46.492789649636578, -23.5712369697901 ], [ -46.49247742689402, -23.571134838179567 ], [ -46.492343238118337, -23.571188686479836 ], [ -46.492314160408839, -23.571368175736499 ], [ -46.492217557648694, -23.571765739029601 ], [ -46.492174548258959, -23.57231809934763 ], [ -46.491774310669491, -23.572226365808419 ], [ -46.491164449194628, -23.571935936289723 ], [ -46.491174123889586, -23.571873718451069 ], [ -46.491340324174772, -23.571900797542614 ], [ -46.491479966046491, -23.571870783496475 ], [ -46.491608703697423, -23.571793080446437 ], [ -46.491742806273393, -23.57150268826766 ], [ -46.491822181125009, -23.571186524193614 ], [ -46.491877886116349, -23.570839525599716 ], [ -46.491952642168584, -23.570344205140888 ], [ -46.49206903979406, -23.570321591305053 ], [ -46.492406639033575, -23.570375692708343 ], [ -46.492641906590357, -23.570550247878529 ], [ -46.492642446669308, -23.570598025217073 ], [ -46.492841112554174, -23.570744263760265 ], [ -46.492997379635725, -23.570809664757856 ], [ -46.493226328219002, -23.570883921569916 ], [ -46.493746771687704, -23.571060517902588 ], [ -46.493913511854963, -23.571135371577103 ], [ -46.4941118012934, -23.571248149953188 ], [ -46.494247611471664, -23.571337643062925 ], [ -46.494279797630988, -23.57143290959214 ] ] ], [ [ [ -46.49435188199174, -23.57184797150099 ], [ -46.494246569529864, -23.571932608491426 ], [ -46.493951278424767, -23.571952173065288 ], [ -46.493663025257547, -23.571907164522379 ], [ -46.493538185521125, -23.571870125138645 ], [ -46.493314513290187, -23.571805372472312 ], [ -46.493064402255442, -23.571693090973138 ], [ -46.492820218006976, -23.571647643241416 ], [ -46.492845804518993, -23.571618723546326 ], [ -46.492762596499482, -23.571595637065268 ], [ -46.492787978818242, -23.57154759972935 ], [ -46.492721561489184, -23.571519567691009 ], [ -46.492725126235023, -23.571490863447828 ], [ -46.492510131577376, -23.571275496489292 ], [ -46.492535750244642, -23.571248962722589 ], [ -46.492582455250428, -23.571253291317191 ], [ -46.492806384434289, -23.57134193939044 ], [ -46.492999599351791, -23.571464333263382 ], [ -46.493239615854954, -23.571600608643095 ], [ -46.493447945596927, -23.571684628482448 ], [ -46.493817197689118, -23.571786209877047 ], [ -46.494061586706245, -23.571850762642693 ], [ -46.494134160531807, -23.571850064908087 ], [ -46.494185627293831, -23.571816119030071 ], [ -46.49423681168296, -23.571758279099893 ], [ -46.49435188199174, -23.57184797150099 ] ] ] ] } },
{ "type": "Feature", "properties": { "id": "habi_nucleo2geosampa.403", "gid": 403, "uuid_id": "4b618aa6-7318-4fa3-865e-a051dc9e4de4", "nome": "JARDIM VERA CRUZ", "nome_secundario": null, "localizacao": "RUA PANTALEÃO BONFANTE", "tot_domicilio": 818, "areageo_m2": 44365.79, "anoimplant": 1967, "propriedade_area": "Pública" }, "geometry": { "type": "MultiPolygon", "coordinates": [ [ [ [ -46.468604131554706, -23.617954879050693 ], [ -46.468666285839738, -23.618064201620719 ], [ -46.468931831831583, -23.618623189089867 ], [ -46.469357156042875, -23.619556996430145 ], [ -46.469428776311943, -23.619700877426638 ], [ -46.469585228938634, -23.62001120507378 ], [ -46.469756358900341, -23.620241358220827 ], [ -46.470057762581519, -23.620527616095764 ], [ -46.470366371610567, -23.620761239020347 ], [ -46.470658271339424, -23.620892277067753 ], [ -46.470758813629281, -23.620954645196289 ], [ -46.471021279226065, -23.620888835975276 ], [ -46.471386405518423, -23.620842365294017 ], [ -46.471447822363814, -23.620884791522286 ], [ -46.471466760134291, -23.620955100808303 ], [ -46.471432706163377, -23.621040249013028 ], [ -46.470360341931737, -23.621846673363041 ], [ -46.469967386782322, -23.622187895510141 ], [ -46.469725199487584, -23.622329969273139 ], [ -46.469581748001033, -23.62202309983272 ], [ -46.469431972722376, -23.621614739603608 ], [ -46.469320831089341, -23.621415079994332 ], [ -46.469181336088148, -23.621115340938839 ], [ -46.468920423091447, -23.620507325679728 ], [ -46.468782528531541, -23.620233853996478 ], [ -46.468725179824574, -23.620091029438246 ], [ -46.468696092839373, -23.61992404916608 ], [ -46.468639503909401, -23.619732243598449 ], [ -46.468564945329796, -23.619557328127478 ], [ -46.468505532923054, -23.61934642876945 ], [ -46.468503708781846, -23.619182771762453 ], [ -46.468553818351239, -23.618792830778812 ], [ -46.468516142671952, -23.618437171832507 ], [ -46.468532092098094, -23.618006929345189 ], [ -46.468604131554706, -23.617954879050693 ] ] ] ] } },
{ "type": "Feature", "properties": { "id": "habi_nucleo2geosampa.404", "gid": 404, "uuid_id": "50065276-be42-48ee-ab1d-2465baa3021f", "nome": "DOIS DE MAIO", "nome_secundario": null, "localizacao": "AVENIDA ARICANDUVA / RUA MANOEL DA MATA SA", "tot_domicilio": 700, "areageo_m2": 40216.14, "anoimplant": 1967, "propriedade_area": "Pública" }, "geometry": { "type": "MultiPolygon", "coordinates": [ [ [ [ -46.482627862233507, -23.587432429207901 ], [ -46.482853660424389, -23.587684743393702 ], [ -46.482497014916405, -23.588131378536186 ], [ -46.482963082951763, -23.588540297907645 ], [ -46.482652985412912, -23.588861038477887 ], [ -46.482321758933239, -23.588570310305201 ], [ -46.4822286772227, -23.588650050311539 ], [ -46.48251616209653, -23.588912529512069 ], [ -46.48216228557505, -23.58925997151578 ], [ -46.481927855816735, -23.589045974646979 ], [ -46.481426240115958, -23.589511910691915 ], [ -46.481363088187642, -23.589544768411415 ], [ -46.481369606009963, -23.589548290030223 ], [ -46.481171396505616, -23.589674424986327 ], [ -46.48084229591656, -23.589861546890948 ], [ -46.480487137244999, -23.590036969644508 ], [ -46.479640019344494, -23.590442875652094 ], [ -46.478938377586928, -23.590758982181409 ], [ -46.478833194223611, -23.590857948763965 ], [ -46.478735300994423, -23.591145605500508 ], [ -46.478744186553762, -23.59147525432078 ], [ -46.478772946121943, -23.59161237312275 ], [ -46.478823445069878, -23.591838881329359 ], [ -46.478880405243963, -23.592062941788871 ], [ -46.478986832691717, -23.59230564122895 ], [ -46.478718317266768, -23.592406166023231 ], [ -46.478665832708749, -23.592349317808388 ], [ -46.478623178592422, -23.592244593371621 ], [ -46.478590354886379, -23.592091987215046 ], [ -46.478587569733719, -23.591843513334183 ], [ -46.478544166067664, -23.59167189373354 ], [ -46.478469117355814, -23.591452787243696 ], [ -46.478457132905383, -23.591309536970325 ], [ -46.478465797040805, -23.591156535808896 ], [ -46.47852575482775, -23.590955252724864 ], [ -46.478626449930537, -23.590686685027016 ], [ -46.478666544572611, -23.590562053092434 ], [ -46.478612013792386, -23.590323637134485 ], [ -46.478849867994739, -23.590264024606238 ], [ -46.479211718722539, -23.590165008047752 ], [ -46.479521942318136, -23.590085591110231 ], [ -46.479821466244239, -23.58997760705007 ], [ -46.48004841733556, -23.589870308507006 ], [ -46.480295456183711, -23.589705475774288 ], [ -46.480470232147326, -23.589570005446905 ], [ -46.480603628192483, -23.589444483719596 ], [ -46.480706034131167, -23.589328817148306 ], [ -46.480870121702949, -23.58916477984155 ], [ -46.481535533604706, -23.588393830247345 ], [ -46.481904092893693, -23.58796978139263 ], [ -46.482150267023243, -23.58772849762391 ], [ -46.482356039774523, -23.587583175233537 ], [ -46.482627862233507, -23.587432429207901 ] ] ] ] } },
{ "type": "Feature", "properties": { "id": "habi_nucleo2geosampa.405", "gid": 405, "uuid_id": "5f792041-c0dd-445c-b675-afe08f2caf31", "nome": "ALTO DA RIVIERA III", "nome_secundario": null, "localizacao": "R GIL SIMOES DA COSTA / R. LUIS DE MENESES", "tot_domicilio": 12, "areageo_m2": 2265.18, "anoimplant": 1972, "propriedade_area": "Particular" }, "geometry": { "type": "MultiPolygon", "coordinates": [ [ [ [ -46.763121546133156, -23.699390845362068 ], [ -46.763279393869134, -23.699614748762897 ], [ -46.763146090803588, -23.699686966498405 ], [ -46.763234953011583, -23.699904045509872 ], [ -46.763008181472692, -23.699986304184947 ], [ -46.76271484916775, -23.699382249940406 ], [ -46.762943990598046, -23.69931191823791 ], [ -46.762994823873719, -23.699439312254945 ], [ -46.763121546133156, -23.699390845362068 ] ] ] ] } },
{ "type": "Feature", "properties": { "id": "habi_nucleo2geosampa.406", "gid": 406, "uuid_id": "cc274b6c-bbe9-4c59-9716-8a3871716a44", "nome": "NOSSA SENHORA DAS VIRTUDES I", "nome_secundario": null, "localizacao": "RUA DOUTOR JOSÉ BENEDITO DE MORAES LEME", "tot_domicilio": 219, "areageo_m2": 7763.91, "anoimplant": 1962, "propriedade_area": "Pública" }, "geometry": { "type": "MultiPolygon", "coordinates": [ [ [ [ -46.754023283688781, -23.543424687373804 ], [ -46.754014601128958, -23.543452312102641 ], [ -46.753879821970166, -23.543326483109187 ], [ -46.753818923061822, -23.543300166008361 ], [ -46.753899566368133, -23.543171605318452 ], [ -46.753918546733708, -23.543169718325679 ], [ -46.753913978990589, -23.543234850224668 ], [ -46.754023283688781, -23.543424687373804 ] ] ], [ [ [ -46.754451844453023, -23.544283969081015 ], [ -46.754464038212056, -23.54446009966178 ], [ -46.754455617322094, -23.544724225252271 ], [ -46.754451838842968, -23.544889285620016 ], [ -46.754441143253885, -23.544982915959608 ], [ -46.754417720165065, -23.545016177128101 ], [ -46.754366424067783, -23.545040299706312 ], [ -46.754296641732132, -23.545038349945635 ], [ -46.754303750832577, -23.544949822833438 ], [ -46.754284664939384, -23.544841664924345 ], [ -46.754261221048822, -23.54469652406733 ], [ -46.754235692279785, -23.544551905842955 ], [ -46.754213420307217, -23.544457423398473 ], [ -46.75417006126893, -23.544336897936304 ], [ -46.754138498169631, -23.544246148066438 ], [ -46.754093916450849, -23.544150766676012 ], [ -46.754052794503849, -23.544092848112886 ], [ -46.753993281672635, -23.544016023593674 ], [ -46.753894830152539, -23.54392686013859 ], [ -46.753810724606886, -23.543844702352775 ], [ -46.753666044097358, -23.543729627763749 ], [ -46.753568554907197, -23.543658963780363 ], [ -46.753506180639356, -23.54362435841119 ], [ -46.753429856646697, -23.543612607380826 ], [ -46.753368212088304, -23.54361197102422 ], [ -46.753330438858349, -23.543402991291543 ], [ -46.753359177668322, -23.543402667321015 ], [ -46.75332261955942, -23.54320419705153 ], [ -46.753446846174171, -23.543214249110605 ], [ -46.753543490307301, -23.543232710635607 ], [ -46.75372022603996, -23.543290219771823 ], [ -46.753848883015984, -23.543350510238792 ], [ -46.753923841645246, -23.543411324547499 ], [ -46.753988467869078, -23.543474644504403 ], [ -46.754106373996798, -23.543584035389021 ], [ -46.754209682338029, -23.543725886398505 ], [ -46.754300762651162, -23.543845873613765 ], [ -46.754392511955736, -23.544015359649578 ], [ -46.754430048782758, -23.544146946039042 ], [ -46.754451844453023, -23.544283969081015 ] ] ] ] } },
{ "type": "Feature", "properties": { "id": "habi_nucleo2geosampa.407", "gid": 407, "uuid_id": "cd7394c3-26f8-43c4-ae48-6f6b7264f3fe", "nome": "DESTERRO DO MELO", "nome_secundario": null, "localizacao": "RUA LAZARO RODRIGUES", "tot_domicilio": 52, "areageo_m2": 2098.47, "anoimplant": 1975, "propriedade_area": "Pública" }, "geometry": { "type": "MultiPolygon", "coordinates": [ [ [ [ -46.73601780529016, -23.652088711309069 ], [ -46.736015919572004, -23.652109230249323 ], [ -46.736002237092706, -23.652119767858931 ], [ -46.735989672639342, -23.652118463806968 ], [ -46.735739056137945, -23.651805957794672 ], [ -46.735760402949808, -23.651792524592185 ], [ -46.735903939611035, -23.651698089941725 ], [ -46.735916258919737, -23.651689838849567 ], [ -46.73601780529016, -23.652088711309069 ] ] ], [ [ [ -46.73620058504936, -23.651544932216368 ], [ -46.736147682859837, -23.651553590825102 ], [ -46.735932575160923, -23.651592571840677 ], [ -46.735917355323402, -23.651530759337657 ], [ -46.736155345112856, -23.651469619974463 ], [ -46.736146997317135, -23.651418484200047 ], [ -46.736126261219603, -23.651364544695177 ], [ -46.736136817094078, -23.651361647061737 ], [ -46.736385930919354, -23.651346990991243 ], [ -46.736397087895504, -23.65134703763734 ], [ -46.736407742657988, -23.651650096572364 ], [ -46.736418818959862, -23.651783704937621 ], [ -46.736428347947729, -23.651837235641572 ], [ -46.736416068670657, -23.651850105332308 ], [ -46.73639540392805, -23.651851510724349 ], [ -46.736364660978531, -23.651889361945468 ], [ -46.736344777959729, -23.652011455137963 ], [ -46.736345527146177, -23.652083053655485 ], [ -46.736324885285036, -23.652078769962131 ], [ -46.736298843931522, -23.651992194290226 ], [ -46.73628612683622, -23.651949625440853 ], [ -46.73627032134587, -23.651896718568622 ], [ -46.736243835177653, -23.651808059435208 ], [ -46.73621859461592, -23.65172356926935 ], [ -46.736249135707958, -23.651713510018311 ], [ -46.736237096750969, -23.651681340471846 ], [ -46.736222104759932, -23.651636826885888 ], [ -46.736234906652655, -23.651633882666395 ], [ -46.73620058504936, -23.651544932216368 ] ] ] ] } },
{ "type": "Feature", "properties": { "id": "habi_nucleo2geosampa.408", "gid": 408, "uuid_id": "b01a4b7e-8ef4-4abc-addf-0ad3130685d4", "nome": "ALTO DA RIVIERA IX", "nome_secundario": null, "localizacao": "R DR FONTES 83 / R. GUATAPENDAVA", "tot_domicilio": 94, "areageo_m2": 14878.28, "anoimplant": 1974, "propriedade_area": "Pública" }, "geometry": { "type": "MultiPolygon", "coordinates": [ [ [ [ -46.749306209332495, -23.703432223279155 ], [ -46.749252570536171, -23.703468431756086 ], [ -46.749185569432747, -23.70351725021353 ], [ -46.749133830887082, -23.703551654177076 ], [ -46.749105360109617, -23.70359113584006 ], [ -46.749067494010184, -23.703650303615962 ], [ -46.74902467385462, -23.703773605107852 ], [ -46.748991498197547, -23.703895020085781 ], [ -46.748959428147145, -23.703954122325989 ], [ -46.748948298326361, -23.703989847474087 ], [ -46.74895113590015, -23.704057453612609 ], [ -46.748970982457728, -23.704096389119467 ], [ -46.749000544767156, -23.704138775288286 ], [ -46.749040000690258, -23.70419884929067 ], [ -46.74906567917148, -23.704239499103142 ], [ -46.749072044779695, -23.704282144711531 ], [ -46.749068457408669, -23.704303545420181 ], [ -46.74905346744719, -23.704339314208799 ], [ -46.749023807902802, -23.704433988560886 ], [ -46.748996523208724, -23.704562455167455 ], [ -46.748972932559198, -23.704678421069623 ], [ -46.74892663150812, -23.704830243012548 ], [ -46.748880069385073, -23.704962487979955 ], [ -46.748833317389753, -23.705080495893849 ], [ -46.748613024402879, -23.705086546097412 ], [ -46.748580885468826, -23.704996130686148 ], [ -46.748530788618389, -23.70486319787959 ], [ -46.748496322445718, -23.704742547367363 ], [ -46.748465621648009, -23.704614736074575 ], [ -46.748448757695144, -23.704509906070268 ], [ -46.748447571778392, -23.704420921088779 ], [ -46.748476887898491, -23.704299549817378 ], [ -46.748499159608436, -23.704229879682543 ], [ -46.748527227488168, -23.704160144047059 ], [ -46.748572019726133, -23.704040378118968 ], [ -46.74859020578765, -23.70395473470937 ], [ -46.748589861925183, -23.703928037704543 ], [ -46.748593579758378, -23.703917316985496 ], [ -46.748601801117175, -23.703808645775794 ], [ -46.748601720974179, -23.70365734805128 ], [ -46.748597816177622, -23.703509651278697 ], [ -46.748578233590038, -23.703346114983933 ], [ -46.748573175546433, -23.703257170999247 ], [ -46.748570373849425, -23.703191341923365 ], [ -46.748580709045605, -23.703096886012709 ], [ -46.748608563213899, -23.70301113334634 ], [ -46.748669175194138, -23.70291788952041 ], [ -46.748739645033666, -23.702838773461082 ], [ -46.748829462925244, -23.702761218951295 ], [ -46.74891568156395, -23.702703284993241 ], [ -46.749040453996749, -23.702637794249689 ], [ -46.749105862826077, -23.702613914514366 ], [ -46.74916943052537, -23.702597176535029 ], [ -46.749240920157355, -23.702594588168612 ], [ -46.749291457850475, -23.702615377027318 ], [ -46.749305840341826, -23.702679294917708 ], [ -46.749328287175537, -23.702768039532359 ], [ -46.749341303181545, -23.702874693183048 ], [ -46.749350435338094, -23.702979607743814 ], [ -46.749358177265769, -23.703125478093177 ], [ -46.749363378190189, -23.703225099116413 ], [ -46.749404817469873, -23.703288711099677 ], [ -46.749434118675211, -23.703311520228553 ], [ -46.74942511489818, -23.703361460556017 ], [ -46.749378923554048, -23.703376221965655 ], [ -46.749325391477583, -23.703421327720196 ], [ -46.749315806399245, -23.703426776808008 ], [ -46.749306209332495, -23.703432223279155 ] ] ] ] } },
{ "type": "Feature", "properties": { "id": "habi_nucleo2geosampa.409", "gid": 409, "uuid_id": "6e563f4a-7452-32d2-aeb5-b7ac1181ebe1", "nome": "JARDIM ALZIRA III", "nome_secundario": null, "localizacao": "RUA SIBILA / RUA TIBURCIO DE FREITAS", "tot_domicilio": 36, "areageo_m2": 2173.17, "anoimplant": 1990, "propriedade_area": "Pública" }, "geometry": { "type": "MultiPolygon", "coordinates": [ [ [ [ -46.522735680618204, -23.611044045688097 ], [ -46.522784146741877, -23.611019676805579 ], [ -46.522806719295303, -23.61099842916737 ], [ -46.522809907792009, -23.611005088029735 ], [ -46.522915611342832, -23.610997360752318 ], [ -46.522924150825645, -23.611018303134205 ], [ -46.523035105974117, -23.611016258656811 ], [ -46.523136639153925, -23.611006660681348 ], [ -46.523138936432638, -23.611205431025045 ], [ -46.523564953477198, -23.611361813163786 ], [ -46.523394811718738, -23.61162726607823 ], [ -46.523069256210711, -23.611368589776781 ], [ -46.522948723178857, -23.611259863004754 ], [ -46.522821901681681, -23.61114546341841 ], [ -46.522796758072808, -23.611123728203822 ], [ -46.522740976372965, -23.61105355108397 ], [ -46.522735680618204, -23.611044045688097 ] ] ] ] } },
{ "type": "Feature", "properties": { "id": "habi_nucleo2geosampa.425", "gid": 425, "uuid_id": "29ba903a-21bc-4b66-a7a6-a5474888da62", "nome": "SANTA CRUZ DO ESCALVADO", "nome_secundario": null, "localizacao": "RUA SANTA CRUZ DO ESCALVADO / RUA DANIEL PEREIRA", "tot_domicilio": 16, "areageo_m2": 1712.26, "anoimplant": 1986, "propriedade_area": "Pública" }, "geometry": { "type": "MultiPolygon", "coordinates": [ [ [ [ -46.677599706977311, -23.463700684195533 ], [ -46.677563904014704, -23.463868195498822 ], [ -46.677480886259382, -23.463856144637568 ], [ -46.677477359865115, -23.46391059983193 ], [ -46.677339575907958, -23.463899115996806 ], [ -46.677346413010952, -23.463773367634595 ], [ -46.677253237641615, -23.4637354940526 ], [ -46.677309145954034, -23.463602745935408 ], [ -46.677538945610387, -23.463671531622879 ], [ -46.677570020299051, -23.463685440042795 ], [ -46.677599706977311, -23.463700684195533 ] ] ], [ [ [ -46.677859086318186, -23.465220299846941 ], [ -46.677660375261844, -23.465166721804042 ], [ -46.677676570699212, -23.465114705886375 ], [ -46.677680532627413, -23.464983815311705 ], [ -46.677693266545084, -23.464880016971247 ], [ -46.677713868990693, -23.46473208505774 ], [ -46.677872653284567, -23.464738169398181 ], [ -46.677871337347305, -23.464856087593397 ], [ -46.677872844299124, -23.464975274206417 ], [ -46.677865844813589, -23.465199490457021 ], [ -46.677859086318186, -23.465220299846941 ] ] ] ] } },
{ "type": "Feature", "properties": { "id": "habi_nucleo2geosampa.426", "gid": 426, "uuid_id": "4e150dec-a9b6-4b7a-9ddc-99257a8a56b2", "nome": "SONATA DO ADEUS", "nome_secundario": "SITIO CONCEICAO", "localizacao": "R SONATA DO ADEUS / AV INACIO MONTEIRO 6000", "tot_domicilio": 60, "areageo_m2": 5684.69, "anoimplant": 1992, "propriedade_area": "Pública" }, "geometry": { "type": "MultiPolygon", "coordinates": [ [ [ [ -46.392570242497271, -23.57816680811791 ], [ -46.392541283995769, -23.578247294377991 ], [ -46.392222500004735, -23.578177334295209 ], [ -46.392147517542654, -23.578157129126666 ], [ -46.392073395743694, -23.578115097238545 ], [ -46.391704900813934, -23.578008640848466 ], [ -46.39165998956944, -23.578016289921433 ], [ -46.391399544348623, -23.577945783624219 ], [ -46.391183065537412, -23.577865325463421 ], [ -46.39137755281844, -23.576995570942312 ], [ -46.391555023049598, -23.576683082862449 ], [ -46.391800506637829, -23.576754291938471 ], [ -46.391801246628376, -23.576848003251879 ], [ -46.391463501436114, -23.577835237376807 ], [ -46.392570242497271, -23.57816680811791 ] ] ] ] } },
{ "type": "Feature", "properties": { "id": "habi_nucleo2geosampa.410", "gid": 410, "uuid_id": "b56d51bb-c197-42d3-afdc-6d65abffa620", "nome": "JARDIM IPORANGA/ESMERALDA", "nome_secundario": null, "localizacao": "RUA ALVARES CORREIA", "tot_domicilio": 4000, "areageo_m2": 216141.79, "anoimplant": 1972, "propriedade_area": "Pública" }, "geometry": { "type": "MultiPolygon", "coordinates": [ [ [ [ -46.704984516026684, -23.722292303985025 ], [ -46.705715669415206, -23.723599236102793 ], [ -46.706218723184719, -23.724079663233955 ], [ -46.706525084760521, -23.723761827767451 ], [ -46.706712104039553, -23.723816938657539 ], [ -46.706787598670985, -23.724845230798923 ], [ -46.707449106617993, -23.727953894097297 ], [ -46.70748983231924, -23.728696703175917 ], [ -46.707437423289498, -23.72944054072407 ], [ -46.706545246810173, -23.730079300160291 ], [ -46.706166724428471, -23.729626090161318 ], [ -46.705711439757728, -23.730431544919853 ], [ -46.70544019728694, -23.731063446670007 ], [ -46.704817206530102, -23.733300095258738 ], [ -46.704603964408605, -23.733616901442762 ], [ -46.705256342307749, -23.733638295341983 ], [ -46.705260806605608, -23.733981284028232 ], [ -46.705141081657374, -23.734325648095513 ], [ -46.704741914257795, -23.734673093980653 ], [ -46.704489438121747, -23.734361423345813 ], [ -46.702982561918681, -23.735492917385734 ], [ -46.70266762137171, -23.735153343005685 ], [ -46.702941856980139, -23.73475010639013 ], [ -46.703454070115193, -23.733543815664202 ], [ -46.703790394358407, -23.733139893575832 ], [ -46.704085629328183, -23.73196457558479 ], [ -46.704415998986974, -23.731103330125993 ], [ -46.704340521944864, -23.730075036694828 ], [ -46.704169674970657, -23.728876266882004 ], [ -46.704095136616594, -23.727989244514081 ], [ -46.705248550620183, -23.728232979744664 ], [ -46.705485723533762, -23.72740382570835 ], [ -46.704520305442031, -23.727185777350044 ], [ -46.704518818481596, -23.727071449477904 ], [ -46.704825562679375, -23.726782196071536 ], [ -46.704605266604418, -23.726555930782691 ], [ -46.705065008630456, -23.726093473849186 ], [ -46.705253518318642, -23.726262911413414 ], [ -46.705623471727741, -23.726058725896085 ], [ -46.705969816527407, -23.726426532092784 ], [ -46.706071141748325, -23.727054329281586 ], [ -46.706050883687944, -23.727883567469227 ], [ -46.705908896441791, -23.728176807791069 ], [ -46.706438198050016, -23.72832135884731 ], [ -46.70663891379084, -23.727734145106719 ], [ -46.706629980636087, -23.727048162168138 ], [ -46.706434024828283, -23.726307065644331 ], [ -46.706021861871903, -23.725654115167728 ], [ -46.706390323752153, -23.725335594669797 ], [ -46.705636293792594, -23.724657826256585 ], [ -46.705325087537595, -23.724604086452516 ], [ -46.704954765811252, -23.724779691866914 ], [ -46.704576642862726, -23.724355055639567 ], [ -46.705007938479632, -23.724093017908388 ], [ -46.705189751962443, -23.723747972067692 ], [ -46.705153498560556, -23.723348155833357 ], [ -46.704799729922208, -23.722408688216053 ], [ -46.704984516026684, -23.722292303985025 ] ] ] ] } },
{ "type": "Feature", "properties": { "id": "habi_nucleo2geosampa.411", "gid": 411, "uuid_id": "2f4d6a98-11c2-4d47-9910-88cd1d0463f6", "nome": "NOSSA SENHORA APARECIDA – SP URBANISMO", "nome_secundario": null, "localizacao": "RUA AMARAL DE CATAS ALTAS", "tot_domicilio": 1922, "areageo_m2": 90050.64, "anoimplant": 1968, "propriedade_area": "Particular" }, "geometry": { "type": "MultiPolygon", "coordinates": [ [ [ [ -46.468466535950697, -23.495320567099881 ], [ -46.468388865650226, -23.49524499401053 ], [ -46.468322784048624, -23.495178001130682 ], [ -46.468224159193312, -23.495053782140069 ], [ -46.46816257416836, -23.494969823009363 ], [ -46.468015271886316, -23.494784418965708 ], [ -46.467866025963367, -23.494614801829005 ], [ -46.467619224253717, -23.494290572560857 ], [ -46.467724316847196, -23.494158355347583 ], [ -46.467806909504858, -23.494063580605445 ], [ -46.467821229901674, -23.494063059167871 ], [ -46.467930021070025, -23.493933463856113 ], [ -46.467950764785172, -23.493899086664513 ], [ -46.468026330300454, -23.493812678274754 ], [ -46.467960248800487, -23.493775135675481 ], [ -46.467995597436058, -23.493756470900689 ], [ -46.468045820686186, -23.49367930323185 ], [ -46.468095249873457, -23.49362176705322 ], [ -46.468111675052448, -23.493582055378308 ], [ -46.468132080956124, -23.493579772449642 ], [ -46.4680996582169, -23.493530472454744 ], [ -46.467943832705508, -23.493371016505908 ], [ -46.467938063052678, -23.493377253383038 ], [ -46.467905512505077, -23.493343808192456 ], [ -46.467900992110657, -23.493346849022476 ], [ -46.467875373823247, -23.493319484903626 ], [ -46.467865127080906, -23.49332860596569 ], [ -46.4677903822273, -23.493268072900182 ], [ -46.467791286571916, -23.4932606103214 ], [ -46.467811781025027, -23.493242367294009 ], [ -46.467746552697506, -23.493173435267593 ], [ -46.467717257057203, -23.493145921533202 ], [ -46.467679843824492, -23.493101574005191 ], [ -46.467636018753204, -23.4930359749746 ], [ -46.467600273546793, -23.492982030888168 ], [ -46.467582165341312, -23.492953942138815 ], [ -46.467574264377696, -23.492957466344841 ], [ -46.467554180281091, -23.49292442923862 ], [ -46.467493637834806, -23.492846683099668 ], [ -46.46746816677426, -23.492810844778543 ], [ -46.467444152358816, -23.49278532131148 ], [ -46.467414667501977, -23.492739819849682 ], [ -46.467389231160872, -23.492695351309901 ], [ -46.46736807913846, -23.492647566927193 ], [ -46.467360711902622, -23.492650125213277 ], [ -46.467304563090352, -23.492525143308317 ], [ -46.467197811959778, -23.492339592987669 ], [ -46.467188476475698, -23.492300210677975 ], [ -46.467171746040187, -23.492256104429632 ], [ -46.467127399974274, -23.49218062948345 ], [ -46.46710672879265, -23.49213318911805 ], [ -46.467089243476082, -23.492086340072991 ], [ -46.467102615103123, -23.492079736336969 ], [ -46.467084101449409, -23.492037288674915 ], [ -46.467077929968397, -23.492037917535299 ], [ -46.467064901745012, -23.491996727692264 ], [ -46.467051188085783, -23.491966857244687 ], [ -46.467028399487653, -23.491913439416201 ], [ -46.467015155161192, -23.491877757710082 ], [ -46.466952742860855, -23.491749186151154 ], [ -46.466952663124808, -23.491732338951106 ], [ -46.466924968855331, -23.491660764711636 ], [ -46.466909427010599, -23.491664053771185 ], [ -46.466897470867949, -23.491622935995967 ], [ -46.466832242252181, -23.491482725742294 ], [ -46.46675210013909, -23.491413894797184 ], [ -46.466572355749065, -23.491347566395952 ], [ -46.466578013325524, -23.491333768190145 ], [ -46.466478864402646, -23.491297693884672 ], [ -46.466472787747925, -23.491314412996228 ], [ -46.466433563495968, -23.49130276029797 ], [ -46.466377766839038, -23.491293640477789 ], [ -46.4663799768011, -23.491288067512325 ], [ -46.46627777401649, -23.491259694426557 ], [ -46.466233025854493, -23.49125462748033 ], [ -46.46623436412245, -23.491242392533131 ], [ -46.466205076539005, -23.491237402247386 ], [ -46.466201230392912, -23.491246956054049 ], [ -46.466146851977939, -23.491231145392224 ], [ -46.466148784716964, -23.491221931089822 ], [ -46.466100726236135, -23.491208026055077 ], [ -46.4660965820879, -23.491216044709525 ], [ -46.466014296552274, -23.49117690348859 ], [ -46.465966921487023, -23.491080749819865 ], [ -46.465938931112461, -23.491029882289382 ], [ -46.465920939415227, -23.490948704354917 ], [ -46.465884138489784, -23.490897900738535 ], [ -46.465890150829608, -23.490890500285342 ], [ -46.465861482149172, -23.490849918034638 ], [ -46.465825386786321, -23.490818286585451 ], [ -46.46578972589132, -23.490797696675745 ], [ -46.465672201057323, -23.490750467297627 ], [ -46.465531892816564, -23.490735043853448 ], [ -46.465428660081258, -23.490692722686521 ], [ -46.465408596035232, -23.490721021726245 ], [ -46.465333098546076, -23.490682158550676 ], [ -46.465258136588929, -23.490505288008858 ], [ -46.465211802399935, -23.490458846361772 ], [ -46.464989023858564, -23.490224190011418 ], [ -46.465210378880322, -23.490011452233592 ], [ -46.465304998381107, -23.489889014378253 ], [ -46.465334934070732, -23.489880032535659 ], [ -46.465371579108457, -23.489826351687256 ], [ -46.465388646413558, -23.489826351928265 ], [ -46.465500564141351, -23.489894248127552 ], [ -46.465495249594866, -23.489899934268198 ], [ -46.465572307929463, -23.489948674198686 ], [ -46.46555156832634, -23.490003975539999 ], [ -46.465629935538033, -23.490031434563264 ], [ -46.465717316968131, -23.490070250843768 ], [ -46.465840072370312, -23.49012860398086 ], [ -46.465947893863969, -23.4901749862412 ], [ -46.466045042377857, -23.490219114500754 ], [ -46.466125676997578, -23.490249361428916 ], [ -46.466262005610986, -23.490315243761465 ], [ -46.466322378970979, -23.490344955164659 ], [ -46.466404840200177, -23.490366562998677 ], [ -46.466459322916293, -23.49036926341989 ], [ -46.466509389083861, -23.490384119373541 ], [ -46.466572707348703, -23.490390871822228 ], [ -46.466624665223129, -23.490404753565585 ], [ -46.466680459377429, -23.490426245601615 ], [ -46.466727716389386, -23.490435964988333 ], [ -46.466781503371614, -23.490455955988811 ], [ -46.466851693141187, -23.490505165393539 ], [ -46.466866129110741, -23.490558563466863 ], [ -46.466883287934991, -23.490601861991266 ], [ -46.466957613891061, -23.490664358324835 ], [ -46.467027433858092, -23.490708802835144 ], [ -46.467074784203028, -23.490729509066451 ], [ -46.467163201878215, -23.490758015056191 ], [ -46.467179578603776, -23.490757006531183 ], [ -46.467277019172506, -23.490800732071229 ], [ -46.467320441167018, -23.490818244883076 ], [ -46.467353228843415, -23.490824625261247 ], [ -46.46736557021007, -23.490812001312353 ], [ -46.467411652953061, -23.490832734727338 ], [ -46.467494503537957, -23.490854977680478 ], [ -46.467503776322246, -23.49086075407569 ], [ -46.467548575897432, -23.490872950030315 ], [ -46.467591590037067, -23.490877940819853 ], [ -46.467703437551393, -23.490869373629018 ], [ -46.467728620113803, -23.490880073674766 ], [ -46.46776029973401, -23.490873306459221 ], [ -46.467779789742316, -23.490929823937616 ], [ -46.467776843276901, -23.490939264545606 ], [ -46.46784845008299, -23.490951833718736 ], [ -46.467952409465447, -23.491014241833561 ], [ -46.467949378880419, -23.49102342405153 ], [ -46.467849382471542, -23.491015868990818 ], [ -46.46783899590087, -23.491069377072183 ], [ -46.467830860574701, -23.491067377519919 ], [ -46.467824560515062, -23.491096620953929 ], [ -46.467798589260134, -23.491128322762645 ], [ -46.467787340151773, -23.491155492374286 ], [ -46.467796339605215, -23.491170624573236 ], [ -46.467798561469465, -23.491225549119605 ], [ -46.46777769999585, -23.491341483165176 ], [ -46.467761901037242, -23.491455239141228 ], [ -46.467890121551669, -23.49148347178167 ], [ -46.46788959098874, -23.491487816101667 ], [ -46.467935130511798, -23.491497046457845 ], [ -46.467939162077073, -23.49149275223736 ], [ -46.467976919375907, -23.491491730031001 ], [ -46.468068553003725, -23.491459393267899 ], [ -46.468201824122275, -23.491521136681623 ], [ -46.468354049549447, -23.491627677666028 ], [ -46.468401158744726, -23.491669610936185 ], [ -46.468437737066026, -23.491691909239652 ], [ -46.468485886588127, -23.491743955350334 ], [ -46.46848081255672, -23.491751194433952 ], [ -46.468531556781457, -23.49181427976055 ], [ -46.46854508866555, -23.491810660894064 ], [ -46.468564258672856, -23.491827207137739 ], [ -46.468596396438237, -23.491840651873886 ], [ -46.468688863527163, -23.491850476411045 ], [ -46.468738900339439, -23.491898132814693 ], [ -46.468748215611186, -23.491889088212506 ], [ -46.468796125130247, -23.49192105007937 ], [ -46.468838520128607, -23.491939761485813 ], [ -46.468990063547473, -23.49214325613093 ], [ -46.46903760245813, -23.492216150090183 ], [ -46.469077479728284, -23.492277487258189 ], [ -46.469107507061672, -23.49233169622957 ], [ -46.469185731931738, -23.492469703047938 ], [ -46.469228285372331, -23.492554887962832 ], [ -46.46926073230653, -23.492624110431294 ], [ -46.469284784813311, -23.492673091758743 ], [ -46.469321306885881, -23.492665106343448 ], [ -46.469326541703872, -23.492674049887157 ], [ -46.469368569761826, -23.492669791942653 ], [ -46.469377910346886, -23.492691115072301 ], [ -46.46939966879961, -23.492692940000399 ], [ -46.469421691986469, -23.492720762218443 ], [ -46.469470501684526, -23.492794483905307 ], [ -46.469507264862443, -23.492863876925284 ], [ -46.46957881354956, -23.492841869421959 ], [ -46.469612822767211, -23.492897252658853 ], [ -46.46971223835498, -23.492987745813025 ], [ -46.469809154244132, -23.492997360610314 ], [ -46.469838311548457, -23.493004067284051 ], [ -46.469838712025954, -23.493022166725815 ], [ -46.469821114988576, -23.493197367553407 ], [ -46.469805388313731, -23.493267256570793 ], [ -46.469810240664131, -23.493283557515479 ], [ -46.469792813886627, -23.493335146222989 ], [ -46.469802551774329, -23.493339750393222 ], [ -46.46979373079359, -23.493374296193014 ], [ -46.46979842050191, -23.4933871443763 ], [ -46.469922845553384, -23.493499285861773 ], [ -46.469934147773778, -23.493513654758658 ], [ -46.469980181713744, -23.493552820655925 ], [ -46.469963355391556, -23.493568408599948 ], [ -46.469386892742627, -23.494048569690381 ], [ -46.469304249563244, -23.494129142900178 ], [ -46.46896499974028, -23.494430262164421 ], [ -46.468828563080983, -23.494590839020677 ], [ -46.468749414657282, -23.495022665141228 ], [ -46.468466535950697, -23.495320567099881 ] ] ] ] } },
{ "type": "Feature", "properties": { "id": "habi_nucleo2geosampa.412", "gid": 412, "uuid_id": "e9244718-3f34-4a9d-bf72-2ade6292bdd2", "nome": "MANOEL NEGREIROS", "nome_secundario": null, "localizacao": "RUA MANOEL NEGREIROS", "tot_domicilio": 8, "areageo_m2": 316.43, "anoimplant": 1985, "propriedade_area": "Particular" }, "geometry": { "type": "MultiPolygon", "coordinates": [ [ [ [ -46.762747710633086, -23.675900374596296 ], [ -46.762686354263408, -23.675730803481216 ], [ -46.762883856575122, -23.675677650138759 ], [ -46.762892303842797, -23.675738991334459 ], [ -46.762887322685323, -23.675793464167494 ], [ -46.762838456324388, -23.675844925577028 ], [ -46.762747710633086, -23.675900374596296 ] ] ] ] } },
{ "type": "Feature", "properties": { "id": "habi_nucleo2geosampa.413", "gid": 413, "uuid_id": "ebbb7df8-e908-3321-b424-082df7d50b6e", "nome": "RUA IBARAMA", "nome_secundario": null, "localizacao": "RUA IBARAMA Nº 42", "tot_domicilio": 1, "areageo_m2": 122.93, "anoimplant": 1973, "propriedade_area": "Pública" }, "geometry": { "type": "MultiPolygon", "coordinates": [ [ [ [ -46.630603292768853, -23.633796785709681 ], [ -46.630538353759604, -23.63377775717429 ], [ -46.630589613114431, -23.633624067525492 ], [ -46.630653640071188, -23.63364274724519 ], [ -46.630603292768853, -23.633796785709681 ] ] ] ] } },
{ "type": "Feature", "properties": { "id": "habi_nucleo2geosampa.414", "gid": 414, "uuid_id": "c14f6e18-a230-4427-a72c-1860fdb1aa3d", "nome": "JOCKEIZINHO II", "nome_secundario": "JARDIM JUSSARA", "localizacao": "RUA MONSENHOR MANFREDO LEITE", "tot_domicilio": 36, "areageo_m2": 2014.25, "anoimplant": 1986, "propriedade_area": "Pública" }, "geometry": { "type": "MultiPolygon", "coordinates": [ [ [ [ -46.744875065588843, -23.602006792893221 ], [ -46.745300490957995, -23.602417305204096 ], [ -46.745265613058969, -23.602445950444082 ], [ -46.745239736488678, -23.602458953611844 ], [ -46.745201415589719, -23.60245938441868 ], [ -46.745086277861709, -23.602446552186041 ], [ -46.744636231725536, -23.602376745851032 ], [ -46.744586776020057, -23.602346225395202 ], [ -46.744567731669292, -23.602296999181252 ], [ -46.744567208365197, -23.602257453976634 ], [ -46.744594345043005, -23.602223244156566 ], [ -46.744677706810599, -23.60215167998831 ], [ -46.744806707381265, -23.60205417281821 ], [ -46.744875065588843, -23.602006792893221 ] ] ] ] } },
{ "type": "Feature", "properties": { "id": "habi_nucleo2geosampa.415", "gid": 415, "uuid_id": "cd65d56b-7141-4d7b-9b07-4e99a44175bb", "nome": "VILA NILO", "nome_secundario": null, "localizacao": "AVENIDA GENERAL JERÔNIMO FURTADO/MARGINAL RODOVIA FERNÃO DIAS", "tot_domicilio": 543, "areageo_m2": 41120.29, "anoimplant": 1996, "propriedade_area": "Sem informação" }, "geometry": { "type": "MultiPolygon", "coordinates": [ [ [ [ -46.569046550307888, -23.464128239752096 ], [ -46.568741884181485, -23.46366675973584 ], [ -46.56943981691289, -23.462824934471133 ], [ -46.569430929721435, -23.462690384651747 ], [ -46.569672813480558, -23.462162821982304 ], [ -46.569716915331703, -23.462189301546569 ], [ -46.570000743337324, -23.461506489923309 ], [ -46.570782859032008, -23.461613066770401 ], [ -46.571083781726387, -23.461758147584149 ], [ -46.571142474157533, -23.461784479757199 ], [ -46.571236881032554, -23.463594531258906 ], [ -46.570437852670842, -23.463292883103247 ], [ -46.570338083924916, -23.463495868574661 ], [ -46.570301197143557, -23.463462580201156 ], [ -46.569046550307888, -23.464128239752096 ] ] ] ] } },
{ "type": "Feature", "properties": { "id": "habi_nucleo2geosampa.416", "gid": 416, "uuid_id": "37b8d7d0-7d91-437c-8fa5-b26efaebbae3", "nome": "SANTO ANTONIO DO CARANGOLA", "nome_secundario": null, "localizacao": "RUA SANTO ANTONIO DO CARANGOLA / RUA SÃO GONÇALO DO ABAETÉ", "tot_domicilio": 19, "areageo_m2": 1832.75, "anoimplant": 1977, "propriedade_area": "Pública" }, "geometry": { "type": "MultiPolygon", "coordinates": [ [ [ [ -46.678913994648731, -23.461550597079238 ], [ -46.678998834867521, -23.46132177846928 ], [ -46.678892319284323, -23.461297367555115 ], [ -46.678968249336599, -23.461094202496266 ], [ -46.679022062970184, -23.46096797037351 ], [ -46.679033742356182, -23.46097849914343 ], [ -46.679082866779247, -23.461029085491784 ], [ -46.679132880332631, -23.461149951193313 ], [ -46.67912942202603, -23.461241564376262 ], [ -46.679147843646611, -23.461420291345114 ], [ -46.679147879371719, -23.46160560016731 ], [ -46.679131828758528, -23.461614292187342 ], [ -46.678913994648731, -23.461550597079238 ] ] ], [ [ [ -46.678927196480736, -23.462046726152384 ], [ -46.679054147291851, -23.461679011582635 ], [ -46.679175159852541, -23.461754381503273 ], [ -46.679142121476211, -23.461880412002181 ], [ -46.67910196921126, -23.461991593971977 ], [ -46.679057308227414, -23.462111365694163 ], [ -46.678927196480736, -23.462046726152384 ] ] ] ] } },
{ "type": "Feature", "properties": { "id": "habi_nucleo2geosampa.417", "gid": 417, "uuid_id": "f51006b0-3ff5-3a89-b1aa-a9cfd95069cb", "nome": "CIDADE DAS CRIANÇAS", "nome_secundario": null, "localizacao": "RUA CORONEL JULIÃO DE MOURA NEGRÃO", "tot_domicilio": 120, "areageo_m2": 11631.09, "anoimplant": 0, "propriedade_area": "Particular" }, "geometry": { "type": "MultiPolygon", "coordinates": [ [ [ [ -46.766004126339844, -23.411411413525641 ], [ -46.765099368782884, -23.411414472275965 ], [ -46.765090810872167, -23.411647515499148 ], [ -46.764764475652882, -23.411636867566951 ], [ -46.76475018074818, -23.41173020768689 ], [ -46.764438786721477, -23.412260543063784 ], [ -46.764559910812423, -23.412316515482807 ], [ -46.765600616717407, -23.41231550671856 ], [ -46.765654879370096, -23.412307725768418 ], [ -46.765753784434935, -23.412152504698781 ], [ -46.766028659058016, -23.411504314738956 ], [ -46.766004126339844, -23.411411413525641 ] ] ] ] } },
{ "type": "Feature", "properties": { "id": "habi_nucleo2geosampa.418", "gid": 418, "uuid_id": "3b68da33-2b7c-422b-88e8-bfac54ed0d2c", "nome": "PARQUE INDEPENDÊNCIA", "nome_secundario": "MARTINS SARMENTO III", "localizacao": "RUA MARTINS SARMENTO 425", "tot_domicilio": 17, "areageo_m2": 1413.91, "anoimplant": 1984, "propriedade_area": "Pública" }, "geometry": { "type": "MultiPolygon", "coordinates": [ [ [ [ -46.788633763610008, -23.686684323514594 ], [ -46.788643254857107, -23.686804676574496 ], [ -46.788633004604627, -23.687011990477764 ], [ -46.788596527503607, -23.687147606785885 ], [ -46.788531994433498, -23.687148731680544 ], [ -46.788251806031575, -23.686683917979995 ], [ -46.788397895848604, -23.686653319089846 ], [ -46.788515638829111, -23.686654368549497 ], [ -46.788633763610008, -23.686684323514594 ] ] ], [ [ [ -46.788580721767744, -23.687242752967492 ], [ -46.788538584724989, -23.68723463901981 ], [ -46.788471917931915, -23.687254044152002 ], [ -46.788524134612736, -23.687316513098036 ], [ -46.788580939329123, -23.687315856841266 ], [ -46.788580141658585, -23.687314432598306 ], [ -46.788580721767744, -23.687242752967492 ] ] ] ] } },
{ "type": "Feature", "properties": { "id": "habi_nucleo2geosampa.419", "gid": 419, "uuid_id": "30720d88-b3e7-48f4-bf48-c38e3da76609", "nome": "JARDIM MAZZA II", "nome_secundario": null, "localizacao": "RUA ESMERALDO MARCONDES", "tot_domicilio": 80, "areageo_m2": 2337.48, "anoimplant": 1982, "propriedade_area": "Pública" }, "geometry": { "type": "MultiPolygon", "coordinates": [ [ [ [ -46.749948770278287, -23.67580335004169 ], [ -46.750450576619592, -23.675643483692433 ], [ -46.75076206922202, -23.675524316178112 ], [ -46.750808868770733, -23.675519161104567 ], [ -46.750960601601015, -23.675472729073579 ], [ -46.75107049144431, -23.675426769993049 ], [ -46.75115918685951, -23.675424225257185 ], [ -46.751193364656885, -23.675476265297871 ], [ -46.750779404669075, -23.675695277095439 ], [ -46.750391635692864, -23.675869275498215 ], [ -46.750161727316275, -23.675953597313587 ], [ -46.750014457398365, -23.675958345445387 ], [ -46.749948770278287, -23.67580335004169 ] ] ] ] } },
{ "type": "Feature", "properties": { "id": "habi_nucleo2geosampa.427", "gid": 427, "uuid_id": "a0aadd52-cee1-474c-b20a-0ad035921680", "nome": "LAGOA SECA", "nome_secundario": "SÃO FRANCISCO V", "localizacao": "RUA JOÃO JOSE DE QUEIROZ, 1499", "tot_domicilio": 85, "areageo_m2": 4993.24, "anoimplant": 1980, "propriedade_area": "Pública" }, "geometry": { "type": "MultiPolygon", "coordinates": [ [ [ [ -46.485339479522779, -23.516520566688957 ], [ -46.485490410667296, -23.516806452495462 ], [ -46.485203127539378, -23.516804781044321 ], [ -46.48510976903404, -23.516621837737734 ], [ -46.485339479522779, -23.516520566688957 ] ] ], [ [ [ -46.486051950145708, -23.517762172412787 ], [ -46.485823659155194, -23.517883836264978 ], [ -46.485284128439943, -23.516881960805726 ], [ -46.485558194122746, -23.516895705187878 ], [ -46.486051950145708, -23.517762172412787 ] ] ], [ [ [ -46.486224009330243, -23.518100257689465 ], [ -46.486224777928065, -23.518204108712975 ], [ -46.486043545866856, -23.518292249578916 ], [ -46.485834944348646, -23.517910946561098 ], [ -46.48608609811636, -23.517783908229266 ], [ -46.486224009330243, -23.518100257689465 ] ] ] ] } },
{ "type": "Feature", "properties": { "id": "habi_nucleo2geosampa.428", "gid": 428, "uuid_id": "8a1564ba-3d5d-423c-b688-ec7128c14186", "nome": "JOSÉ LOPES DE ALMEIDA", "nome_secundario": null, "localizacao": "ALAMEDA JOSE LOPES DE ALMEIDA", "tot_domicilio": 37, "areageo_m2": 2397.85, "anoimplant": 1971, "propriedade_area": "Pública" }, "geometry": { "type": "MultiPolygon", "coordinates": [ [ [ [ -46.770663771792123, -23.666890681478172 ], [ -46.770605050191023, -23.666931247678448 ], [ -46.770528181687467, -23.666978320185212 ], [ -46.770500878739725, -23.666982831739649 ], [ -46.770475615147262, -23.666968421824969 ], [ -46.770348667602853, -23.666852288262998 ], [ -46.770140731877319, -23.666646792154179 ], [ -46.770059602205883, -23.66654693216072 ], [ -46.769996732588915, -23.666448964281898 ], [ -46.769908418089486, -23.666323990567701 ], [ -46.770095737938405, -23.666183268456383 ], [ -46.770195664517807, -23.6663249074359 ], [ -46.770270243030346, -23.66644583910827 ], [ -46.770314287363455, -23.666499928807426 ], [ -46.770352664972194, -23.666472193748056 ], [ -46.770549853419723, -23.666726105784274 ], [ -46.770663771792123, -23.666890681478172 ] ] ] ] } },
{ "type": "Feature", "properties": { "id": "habi_nucleo2geosampa.429", "gid": 429, "uuid_id": "8119c1aa-be2e-3318-951a-d2bc24918315", "nome": "NÚCLEO C SÃO FRANCISCO GLOBAL", "nome_secundario": null, "localizacao": "RUA LOURENÇO DO VALE", "tot_domicilio": 932, "areageo_m2": 60053.45, "anoimplant": 1990, "propriedade_area": "Pública" }, "geometry": { "type": "MultiPolygon", "coordinates": [ [ [ [ -46.44999463385868, -23.630379402312823 ], [ -46.450169254125093, -23.630693168843219 ], [ -46.450256564582553, -23.630850052015262 ], [ -46.450353391640206, -23.631164545600232 ], [ -46.450443071399214, -23.631536451181081 ], [ -46.450536147239838, -23.63221655561539 ], [ -46.450547559248868, -23.632546184047229 ], [ -46.450481570679273, -23.632912377088278 ], [ -46.449211341429631, -23.635554964304639 ], [ -46.448332548982812, -23.635591846181736 ], [ -46.448234592339375, -23.634467360088188 ], [ -46.448139186559402, -23.634281878796124 ], [ -46.448020678673323, -23.634118117596188 ], [ -46.447879147529335, -23.633983243861604 ], [ -46.447807633238966, -23.633847716407331 ], [ -46.4478061355927, -23.633711535342684 ], [ -46.447867663033314, -23.633646447546159 ], [ -46.447906245748882, -23.633617414726874 ], [ -46.448115348972287, -23.633529444618869 ], [ -46.44799713246929, -23.632684705388719 ], [ -46.448322997953092, -23.632646270090326 ], [ -46.448317536198338, -23.632901238782214 ], [ -46.448511023179421, -23.632896743862801 ], [ -46.448508309421648, -23.632826879650615 ], [ -46.448691050093529, -23.632818004771103 ], [ -46.448756086479463, -23.633071866949912 ], [ -46.448806865436325, -23.633444136878172 ], [ -46.448909262231197, -23.633557870875602 ], [ -46.449127722093763, -23.633613175175903 ], [ -46.449338086895807, -23.633639882177274 ], [ -46.449547820425181, -23.63360924953615 ], [ -46.449763360212678, -23.633399358435284 ], [ -46.450284081555502, -23.632641833909727 ], [ -46.450336090669396, -23.632419134762287 ], [ -46.450310225557566, -23.632189995620013 ], [ -46.450314689019585, -23.631888891317402 ], [ -46.450280807771719, -23.631638322631819 ], [ -46.450157405476446, -23.631030183029935 ], [ -46.450007464863894, -23.63083804449958 ], [ -46.449552075656811, -23.630462388397891 ], [ -46.448922179800277, -23.630489777983581 ], [ -46.448236749205321, -23.631126977294617 ], [ -46.44784817045727, -23.631166445672914 ], [ -46.44779487348309, -23.630564817472422 ], [ -46.448059216233695, -23.630548013624793 ], [ -46.448222505258713, -23.630539321006953 ], [ -46.448439855963009, -23.630494282598981 ], [ -46.448579333504497, -23.630442802986163 ], [ -46.448873294975975, -23.630289526101357 ], [ -46.449059211880972, -23.630216107812224 ], [ -46.449229727554368, -23.630157169519745 ], [ -46.44937698378773, -23.630105616538387 ], [ -46.449579326862555, -23.630110893918523 ], [ -46.449868663833705, -23.630244384791162 ], [ -46.44999463385868, -23.630379402312823 ] ] ] ] } },
{ "type": "Feature", "properties": { "id": "habi_nucleo2geosampa.430", "gid": 430, "uuid_id": "89920bd3-2511-44c7-a2bd-77decdbe7654", "nome": "ENGENHEIRO ALBERTO ZAGOTTIS", "nome_secundario": null, "localizacao": "AVENIDA ENGENHEIRO ALBERTO ZAGOTTIS", "tot_domicilio": 13, "areageo_m2": 1300.11, "anoimplant": 1964, "propriedade_area": "Pública" }, "geometry": { "type": "MultiPolygon", "coordinates": [ [ [ [ -46.693538887523864, -23.66546075339966 ], [ -46.693937197130751, -23.666064799835922 ], [ -46.693788847358988, -23.666150798261857 ], [ -46.69340708773121, -23.665522145947339 ], [ -46.693538887523864, -23.66546075339966 ] ] ] ] } },
{ "type": "Feature", "properties": { "id": "habi_nucleo2geosampa.431", "gid": 431, "uuid_id": "9cb84d39-5894-48c1-8150-0d1fb7c20700", "nome": "JARDIM NOVO SANTO AMARO IV", "nome_secundario": null, "localizacao": "RUA JOSÉ BARROS MAGALDI", "tot_domicilio": 2, "areageo_m2": 151.38, "anoimplant": 1977, "propriedade_area": "Particular" }, "geometry": { "type": "MultiPolygon", "coordinates": [ [ [ [ -46.739194856111702, -23.669715402905041 ], [ -46.739206697309342, -23.669794791957163 ], [ -46.739216138648395, -23.669867108940384 ], [ -46.739215860008663, -23.669904743020588 ], [ -46.739177074503949, -23.669886007717373 ], [ -46.739049210046709, -23.669777389998316 ], [ -46.739073209074292, -23.669784930858256 ], [ -46.739154551390499, -23.669757036568111 ], [ -46.739194856111702, -23.669715402905041 ] ] ] ] } },
{ "type": "Feature", "properties": { "id": "habi_nucleo2geosampa.432", "gid": 432, "uuid_id": "e17943c5-8702-493d-8356-38e2077664e7", "nome": "EUNICE", "nome_secundario": null, "localizacao": "RUA EUNICE.", "tot_domicilio": 20, "areageo_m2": 1342.44, "anoimplant": 1998, "propriedade_area": "Pública" }, "geometry": { "type": "MultiPolygon", "coordinates": [ [ [ [ -46.511201288064619, -23.527084313617127 ], [ -46.511520866910793, -23.527023461626904 ], [ -46.51157669602253, -23.527259904646336 ], [ -46.511556891994566, -23.527261508965829 ], [ -46.511548133716715, -23.527341742071986 ], [ -46.511584336139684, -23.527345637658076 ], [ -46.511569702435246, -23.52743357348891 ], [ -46.511437497855653, -23.527416509517501 ], [ -46.511268474031674, -23.527404135660916 ], [ -46.511260032305081, -23.527396420612387 ], [ -46.511240096693939, -23.527287006704405 ], [ -46.511226986502038, -23.527213214663981 ], [ -46.511219948108305, -23.527173909687587 ], [ -46.511201288064619, -23.527084313617127 ] ] ] ] } },
{ "type": "Feature", "properties": { "id": "habi_nucleo2geosampa.433", "gid": 433, "uuid_id": "8bf8e99a-d90a-4836-8f3e-704d0a08c84d", "nome": "JARDIM ALPINO", "nome_secundario": null, "localizacao": "R DOMINGOS FAUSTINO SARMIENTO / R OVIDIO COLLESI", "tot_domicilio": 265, "areageo_m2": 21349.31, "anoimplant": 1973, "propriedade_area": "Pública" }, "geometry": { "type": "MultiPolygon", "coordinates": [ [ [ [ -46.711837355540993, -23.7464659884421 ], [ -46.711742154858193, -23.746396658350712 ], [ -46.711770146452146, -23.74641637783154 ], [ -46.711837355540993, -23.7464659884421 ] ] ], [ [ [ -46.712065581241639, -23.746352290709726 ], [ -46.711909554922229, -23.746514587954579 ], [ -46.711770146452146, -23.74641637783154 ], [ -46.711428003609676, -23.746163822886128 ], [ -46.711329459489974, -23.746045002862072 ], [ -46.711227416908976, -23.746046045153157 ], [ -46.711268476731192, -23.746066676447352 ], [ -46.711294051649283, -23.7460733926393 ], [ -46.710977384263266, -23.746128733039342 ], [ -46.709793870654529, -23.745270061664222 ], [ -46.709387321333658, -23.745354866429377 ], [ -46.709317606921097, -23.745108267540719 ], [ -46.709245674190512, -23.745087984230249 ], [ -46.709152058504529, -23.744773045502821 ], [ -46.709923332583763, -23.744599482979375 ], [ -46.710641744176769, -23.745124019298192 ], [ -46.71115365406154, -23.745123067909489 ], [ -46.711683064753423, -23.745677961229664 ], [ -46.711652614223716, -23.745715596742226 ], [ -46.711657583334286, -23.745721729094281 ], [ -46.71162642818858, -23.745747961504879 ], [ -46.711471472369837, -23.745939479536943 ], [ -46.712065581241639, -23.746352290709726 ] ] ] ] } },
{ "type": "Feature", "properties": { "id": "habi_nucleo2geosampa.434", "gid": 434, "uuid_id": "63f0e7fd-2d0a-47c4-8e9d-9d4f6ebd5930", "nome": "FRANCISCO BUENO TORRES", "nome_secundario": "UTARO KANAI", "localizacao": "RUA DOUTOR FRANCISCO BUENO TORRES", "tot_domicilio": 25, "areageo_m2": 3504.6, "anoimplant": 1990, "propriedade_area": "Pública" }, "geometry": { "type": "MultiPolygon", "coordinates": [ [ [ [ -46.397705947828939, -23.565259763521656 ], [ -46.397793598848693, -23.565271231722878 ], [ -46.397914333657646, -23.565335025337593 ], [ -46.397937809449807, -23.565331786487601 ], [ -46.398521670066962, -23.565978500582439 ], [ -46.398557982008306, -23.566029598710081 ], [ -46.399167057691642, -23.566666744472265 ], [ -46.398970284656826, -23.566813220648768 ], [ -46.398960489748212, -23.566745814137469 ], [ -46.397705947828939, -23.565259763521656 ] ] ] ] } },
{ "type": "Feature", "properties": { "id": "habi_nucleo2geosampa.435", "gid": 435, "uuid_id": "55137f40-c025-49af-99f7-b0f628599dc1", "nome": "FRANCO ALFANO", "nome_secundario": null, "localizacao": "RUA FRANCO ALFANO", "tot_domicilio": 7, "areageo_m2": 674.88, "anoimplant": 1971, "propriedade_area": "Pública/Particular" }, "geometry": { "type": "MultiPolygon", "coordinates": [ [ [ [ -46.746634566993357, -23.607668951352338 ], [ -46.746698792661348, -23.607570949687233 ], [ -46.746817739133178, -23.607482397403292 ], [ -46.747048685028808, -23.607603910305166 ], [ -46.746991655428729, -23.607695122788023 ], [ -46.746889163167602, -23.60765266950839 ], [ -46.746828713352613, -23.607760693984687 ], [ -46.746634566993357, -23.607668951352338 ] ] ] ] } },
{ "type": "Feature", "properties": { "id": "habi_nucleo2geosampa.436", "gid": 436, "uuid_id": "46ecc06e-8f4b-48da-8763-0def71d676df", "nome": "MOENDA", "nome_secundario": null, "localizacao": "RUA DA MOENDA", "tot_domicilio": 13, "areageo_m2": 563.93, "anoimplant": 1981, "propriedade_area": "Pública" }, "geometry": { "type": "MultiPolygon", "coordinates": [ [ [ [ -46.792529056700026, -23.684765844765099 ], [ -46.792631443188107, -23.684676876295537 ], [ -46.792773634533333, -23.684770646281656 ], [ -46.792894730074153, -23.684837943392719 ], [ -46.792978284744855, -23.684886592153227 ], [ -46.793061358564827, -23.684900896762841 ], [ -46.793124402417007, -23.684965048961129 ], [ -46.793070589008018, -23.684969489206011 ], [ -46.792929230900647, -23.68493677656377 ], [ -46.79278762430242, -23.684884982978474 ], [ -46.792529056700026, -23.684765844765099 ] ] ] ] } },
{ "type": "Feature", "properties": { "id": "habi_nucleo2geosampa.437", "gid": 437, "uuid_id": "be508711-e32f-4e1d-a1fa-be4de0accb47", "nome": "JARDIM NAZARETH", "nome_secundario": null, "localizacao": "RUA PLACIDO PARREIRA DE LIMA / RUA GERONIMO BARBOSA DA SILVA", "tot_domicilio": 1081, "areageo_m2": 104125.28, "anoimplant": 1967, "propriedade_area": "Pública" }, "geometry": { "type": "MultiPolygon", "coordinates": [ [ [ [ -46.405801549430244, -23.517886157909306 ], [ -46.405693206533407, -23.517739448546223 ], [ -46.405484491445627, -23.517500508166332 ], [ -46.404665136618299, -23.516737178228709 ], [ -46.403736288306753, -23.5169009397816 ], [ -46.403367698380833, -23.516421013398684 ], [ -46.403221838139501, -23.516140082737213 ], [ -46.403116319460871, -23.515753652435322 ], [ -46.402966709789474, -23.515467106400919 ], [ -46.40396506233219, -23.5153578892259 ], [ -46.404130934386437, -23.515490481098581 ], [ -46.405290139459332, -23.516570168897761 ], [ -46.405460351181141, -23.516521956959668 ], [ -46.405743887090459, -23.516824737065857 ], [ -46.405985974202061, -23.517081296641273 ], [ -46.406297183348407, -23.517348756929113 ], [ -46.406677399237793, -23.517644016117622 ], [ -46.406810161459269, -23.517781968715664 ], [ -46.406918607115706, -23.5178708633353 ], [ -46.407079778930793, -23.517996943413774 ], [ -46.407334952071068, -23.518164911326711 ], [ -46.407647187985397, -23.518334029772085 ], [ -46.407917984738404, -23.518509034752075 ], [ -46.408002898905792, -23.51854296423847 ], [ -46.408127916265592, -23.518861771166151 ], [ -46.408099212820943, -23.51908659039707 ], [ -46.407955039934421, -23.519746997193806 ], [ -46.407921485835331, -23.520131131780602 ], [ -46.407863182990766, -23.520549926296184 ], [ -46.407711153153095, -23.521371592670942 ], [ -46.407221483396121, -23.52315050203941 ], [ -46.407745123864508, -23.523272519733219 ], [ -46.407677472031473, -23.523374533649076 ], [ -46.407541248319212, -23.52348983739024 ], [ -46.407445309658854, -23.52351605543474 ], [ -46.407308118377387, -23.52354264640373 ], [ -46.407225660961068, -23.523543391903065 ], [ -46.407021543625703, -23.52354139164726 ], [ -46.406990398794129, -23.523393415516193 ], [ -46.406629798956928, -23.521799635173117 ], [ -46.407329425707061, -23.52166655883628 ], [ -46.407245598174086, -23.521540575045357 ], [ -46.407146831301425, -23.521300643352102 ], [ -46.407017464940999, -23.520769462522072 ], [ -46.406850532958423, -23.520580847750207 ], [ -46.406615522139326, -23.520456218787881 ], [ -46.406340361409704, -23.520433365345575 ], [ -46.406258175080744, -23.520459447341523 ], [ -46.406159949441886, -23.520270211084551 ], [ -46.40683152906729, -23.520086700535789 ], [ -46.406099201070354, -23.518432905803358 ], [ -46.405801549430244, -23.517886157909306 ] ] ] ] } },
{ "type": "Feature", "properties": { "id": "habi_nucleo2geosampa.438", "gid": 438, "uuid_id": "c831f45d-9bb3-4213-9068-b563a5362b8f", "nome": "JOÃO CANUTO II", "nome_secundario": "VILA CISPER", "localizacao": "RUA BARRA DE SANTA ROSA / RUA LAGOA NOVA", "tot_domicilio": 40, "areageo_m2": 5999.98, "anoimplant": 1990, "propriedade_area": "Pública" }, "geometry": { "type": "MultiPolygon", "coordinates": [ [ [ [ -46.496666180797746, -23.49143675671948 ], [ -46.495694870246261, -23.491670936034073 ], [ -46.495615862866728, -23.491225055662746 ], [ -46.495857854241642, -23.491304093047603 ], [ -46.496105113485036, -23.491298972855194 ], [ -46.49630056562669, -23.491294349794636 ], [ -46.496483713522814, -23.491301313745954 ], [ -46.496567680770191, -23.491335398744084 ], [ -46.496637786419171, -23.491366278047632 ], [ -46.496666180797746, -23.49143675671948 ] ] ], [ [ [ -46.496842016208078, -23.491133305676065 ], [ -46.496915219892237, -23.491392278491588 ], [ -46.496804016188015, -23.491407449826966 ], [ -46.496695964228167, -23.491334661191669 ], [ -46.496555369129226, -23.491268642017236 ], [ -46.496466166976631, -23.49125327333098 ], [ -46.496250806875409, -23.491253474908476 ], [ -46.495869778248924, -23.491249577088542 ], [ -46.495704045855959, -23.491185570318457 ], [ -46.495700339701735, -23.491154415361159 ], [ -46.496262745035175, -23.491013195301296 ], [ -46.49668508750252, -23.490920809396503 ], [ -46.496760110569959, -23.491145938162241 ], [ -46.496842016208078, -23.491133305676065 ] ] ] ] } },
{ "type": "Feature", "properties": { "id": "habi_nucleo2geosampa.439", "gid": 439, "uuid_id": "df1e64e6-2143-3801-9446-5f247e4f7ad6", "nome": "JOSÉ MARIA PINTO ZILLI", "nome_secundario": null, "localizacao": "RUA JOSÉ MARIA PINTO ZILLI", "tot_domicilio": 2, "areageo_m2": 839.19, "anoimplant": 0, "propriedade_area": "Pública" }, "geometry": { "type": "MultiPolygon", "coordinates": [ [ [ [ -46.745089235382331, -23.62132304503881 ], [ -46.745143223854825, -23.621288033942523 ], [ -46.745260742906062, -23.621233672775354 ], [ -46.745300997246851, -23.62121888501828 ], [ -46.745152591845773, -23.621055702778282 ], [ -46.74502188796437, -23.621054305945595 ], [ -46.744940108567718, -23.621105397983833 ], [ -46.744842300324798, -23.621238379332425 ], [ -46.744912584834417, -23.621259091254885 ], [ -46.745089235382331, -23.62132304503881 ] ] ] ] } },
{ "type": "Feature", "properties": { "id": "habi_nucleo2geosampa.440", "gid": 440, "uuid_id": "0455d292-b1e7-46b1-bdf2-599d02c49d01", "nome": "FRANCISCO CASTANHEIRA", "nome_secundario": null, "localizacao": "RUA FRANCISCO CASTANHEIRA, 11", "tot_domicilio": 1, "areageo_m2": 178.36, "anoimplant": 0, "propriedade_area": "Pública" }, "geometry": { "type": "MultiPolygon", "coordinates": [ [ [ [ -46.449293456881151, -23.500750352733228 ], [ -46.449301054093951, -23.500819160796606 ], [ -46.449064326092525, -23.500844485954115 ], [ -46.449061900828767, -23.500779753012068 ], [ -46.449293456881151, -23.500750352733228 ] ] ] ] } }
]
}
